<?xml version="1.0" encoding="utf-8"?>
<COLLADA xmlns="http://www.collada.org/2005/11/COLLADASchema" version="1.4.1" xmlns:xsi="http://www.w3.org/2001/XMLSchema-instance">
  <asset>
    <contributor>
      <author>Blender User</author>
      <authoring_tool>Blender 3.3.1 commit date:2022-10-04, commit time:18:35, hash:b292cfe5a936</authoring_tool>
    </contributor>
    <created>2023-04-29T18:45:57</created>
    <modified>2023-04-29T18:45:57</modified>
    <unit name="meter" meter="1"/>
    <up_axis>Z_UP</up_axis>
  </asset>
  <library_effects>
    <effect id="Material_001-effect">
      <profile_COMMON>
        <technique sid="common">
          <lambert>
            <emission>
              <color sid="emission">0 0 0 1</color>
            </emission>
            <diffuse>
              <color sid="diffuse">0.8 0.8 0.8 1</color>
            </diffuse>
            <index_of_refraction>
              <float sid="ior">1.45</float>
            </index_of_refraction>
          </lambert>
        </technique>
      </profile_COMMON>
    </effect>
    <effect id="Material_002-effect">
      <profile_COMMON>
        <technique sid="common">
          <lambert>
            <emission>
              <color sid="emission">0 0 0 1</color>
            </emission>
            <diffuse>
              <color sid="diffuse">0 0 0 1</color>
            </diffuse>
            <index_of_refraction>
              <float sid="ior">1.45</float>
            </index_of_refraction>
          </lambert>
        </technique>
      </profile_COMMON>
    </effect>
  </library_effects>
  <library_images/>
  <library_materials>
    <material id="Material_001-material" name="Material.001">
      <instance_effect url="#Material_001-effect"/>
    </material>
    <material id="Material_002-material" name="Material.002">
      <instance_effect url="#Material_002-effect"/>
    </material>
  </library_materials>
  <library_geometries>
    <geometry id="Mesh-mesh" name="Mesh">
      <mesh>
        <source id="Mesh-mesh-positions">
          <float_array id="Mesh-mesh-positions-array" count="3222">0.5736982 0.5645261 0.771084 0.5437294 0.7930834 0.5684091 0.771084 0.5645262 0.5736982 0.634189 0.8866471 0.198061 0.9102821 0.589484 0.228617 0.589484 0.910282 -0.228617 0.8866471 0.634189 -0.198061 1.005382 0.4531663 -0.1841902 1.011244 0.4488162 0.1761365 1.081003 0.1822512 -0.1822512 1.081003 0.1822512 0.1822512 0.9878879 0.2232837 -0.4732496 1.000477 -0.2254849 -0.4439162 1.081003 -0.1822512 -0.1822512 1.011244 -0.4488162 -0.1761365 1.005382 -0.4531662 0.1841902 1.081003 -0.1822512 0.1822512 0.9878879 -0.2232837 0.4732496 1.000476 0.225485 0.4439163 0.8842087 -0.1925926 0.6446538 0.8855578 0.2 0.634189 0.5899494 -0.2359372 0.9061738 0.634189 0.2 0.8855578 0.4420551 -0.1841902 1.010518 0.4439163 0.225485 1.000476 0.1822512 -0.1822512 1.081003 0.1822512 0.1822512 1.081003 0.1841902 -0.4420551 1.010518 -0.1822512 -0.1822512 1.081003 -0.2232836 -0.4732496 0.9878879 -0.1925926 -0.6446539 0.8842088 0.2359372 -0.5899494 0.9061738 0.2 -0.8855578 0.634189 -0.2 -0.8855578 0.634189 -0.225485 -1.000476 0.4439163 0.225485 -1.000477 0.4439163 0.1822512 -1.081003 0.1822512 -0.1822512 -1.081003 0.1822512 -0.1822512 -1.081003 -0.1822512 0.1822512 -1.081003 -0.1822512 -0.2232836 -0.9878879 -0.4732496 0.2232836 -0.9878879 -0.4732496 0.1925926 -0.9023191 -0.6504341 -0.1925926 -0.9023191 -0.6504341 -0.218652 -0.716964 -0.9722602 0.218652 -0.7169639 -0.9722601 -0.2220796 -0.5700864 -1.289505 0.2220796 -0.5700864 -1.289505 0.1973112 -0.5198896 -1.460376 -0.1973112 -0.5198895 -1.460376 -0.2120325 -0.542809 -1.838701 0.2120326 -0.542809 -1.838701 -0.2240239 -0.5392051 -2.074304 0.2240239 -0.5392052 -2.074304 -0.2624595 -0.453767 -2.478017 0.2624595 -0.4537672 -2.478017 -0.2864487 -0.2864487 -2.612268 0.2864487 -0.2864487 -2.612269 0.2864487 0.2864487 -2.612268 -0.2864487 0.2864487 -2.612269 0.2624595 0.4537672 -2.478017 -0.2624595 0.453767 -2.478016 0.2240239 0.5392052 -2.074304 -0.2240238 0.5392051 -2.074304 0.4537672 0.2624595 -2.478017 0.5392053 0.2240238 -2.074304 0.4537672 -0.2624595 -2.478017 0.5392053 -0.2240238 -2.074304 -0.453767 0.2624595 -2.478017 -0.453767 -0.2624594 -2.478016 -0.5392051 0.2240238 -2.074304 -0.539205 -0.2240238 -2.074304 -0.5449059 0.2127361 -1.678776 -0.5449059 -0.2127361 -1.678776 -0.5198895 0.1973112 -1.460376 -0.5198895 -0.1973112 -1.460376 -0.5700864 -0.2220796 -1.289505 -0.5700865 0.2220796 -1.289505 -0.1973112 0.5198896 -1.460376 -0.2220797 0.5700864 -1.289505 -0.4263823 0.5973919 -1.017028 -0.5885773 0.4324655 -1.026175 -0.5838625 0.5956645 -0.7931641 -0.1753779 0.7237583 -0.992221 -0.2330769 0.8879449 -0.6493055 -0.5737424 0.7966611 -0.5388093 0.2169387 0.7310945 -0.9570657 0.1925926 0.9098446 -0.6384532 -0.1841902 1.005382 -0.4531662 0.2254849 1.000477 -0.4439162 0.1822512 1.081003 -0.1822512 -0.1822512 1.081003 -0.1822512 0.1822512 1.081003 0.1822512 -0.1822512 1.081003 0.1822512 -0.1841902 1.010518 0.4420551 0.2232836 0.9878879 0.4732496 0.1925926 0.8842087 0.6446539 -0.2359372 0.9061739 0.5899494 -0.2 0.6341891 0.8855578 0.228617 0.589484 0.9102821 0.1761365 0.4488162 1.011244 -0.225485 0.4439163 1.000477 -0.1822512 0.1822512 1.081003 -0.4488162 0.1761365 1.011244 -0.4531662 -0.1841902 1.005382 -0.634189 -0.198061 0.886647 -0.589484 0.228617 0.910282 -0.8855578 -0.2 0.634189 -0.8842087 0.1925926 0.6446539 -1.000476 -0.225485 0.4439162 -0.9878879 0.2232836 0.4732496 -1.005382 0.4531663 0.1841902 -0.8866471 0.634189 0.198061 -0.7930834 0.5437294 0.5684091 -1.011244 0.4488162 -0.1761365 -0.9102821 0.589484 -0.228617 -1.000476 0.2254849 -0.4439162 -0.9036682 0.2 -0.6399694 -0.7747061 0.5645262 -0.576236 -0.6446539 0.8842089 -0.1925926 -0.9878879 -0.2232836 -0.4732496 -0.8861895 -0.2291397 -0.6568402 -0.7237583 -0.1753779 -0.9922211 -0.716964 0.218652 -0.9722603 -0.5956645 -0.5838625 -0.7931642 -0.5973919 -0.4263823 -1.017028 -0.7966611 -0.5490627 -0.563489 -0.4324655 -0.5885772 -1.026175 -1.005382 -0.4531663 -0.1841902 -0.8866471 -0.634189 -0.198061 -1.011244 -0.4488162 0.1761365 -0.9102821 -0.589484 0.228617 -0.6341891 -0.886647 -0.198061 -0.589484 -0.9102821 0.228617 -0.4488162 -1.011244 0.1761365 -0.4531662 -1.005382 -0.1841902 -1.081003 -0.1822512 -0.1822512 -1.081003 -0.1822512 0.1822512 -1.081003 0.1822512 -0.1822512 -1.081003 0.1822512 0.1822512 -0.5437294 -0.7956913 -0.5702363 -0.5899494 0.9061739 0.2359372 -0.4732496 0.9878879 -0.2232836 -0.4420551 1.010518 0.1841902 -0.5719335 0.7682827 0.5719335 -0.5645261 0.5736982 0.771084 -0.771084 -0.5645262 0.5736982 -0.5437294 -0.5684091 0.7930834 -0.5645261 -0.771084 0.5736982 0.4488162 1.011244 -0.1761365 0.4531663 1.005382 0.1841902 0.2220796 0.5700864 -1.289505 0.4374933 0.5922555 -1.017028 0.1973112 0.5198895 -1.460376 0.5198896 0.1973112 -1.460376 0.5700864 0.2220796 -1.289505 0.5973918 0.4263822 -1.017028 0.6298972 0.5627896 -0.783049 0.7237582 0.1753779 -0.992221 0.8861895 0.2291397 -0.6568402 0.7966611 0.5490627 -0.563489 0.5422651 0.7697176 -0.6175566 0.7169639 -0.218652 -0.9722602 0.9036682 -0.2 -0.6399693 0.5700864 -0.2220796 -1.289505 0.5885773 -0.4324654 -1.026175 0.5831401 -0.5831402 -0.8153863 0.7747061 -0.5645262 -0.576236 0.5437294 -0.7956913 -0.5702363 0.634189 -0.8866471 -0.198061 0.9102822 -0.589484 -0.228617 0.589484 -0.910282 0.228617 0.886647 -0.634189 0.198061 0.5645262 -0.771084 0.5736982 0.7930834 -0.5437293 0.5684091 0.5719335 -0.5719335 0.7682827 0.4531663 -1.005382 -0.1841902 0.4488162 -1.011244 0.1761365 0.4324654 -0.5885772 -1.026175 0.5198895 -0.1973112 -1.460376 -0.2127361 0.5449059 -1.678776 0.544906 -0.2127361 -1.678776 0.544906 0.2127361 -1.678776 0.2127361 0.544906 -1.678776 0 -0.2760712 -2.667422 -0.2760712 0 -2.667422 0.2760712 0 -2.667422 0 0.2760712 -2.667422 0 0 -2.68239 0.5557684 0.6883745 0.6885421 0.6878743 0.5566025 0.6878744 0.9049706 0.6406748 0.001941382 0.9784921 0.5205179 0.1783344 1.049634 0.3381844 0.1738435 1.048776 -0.1786528 -0.3375558 1.00824 -0.3656699 -0.3216958 -0.3996978 -0.9072981 -0.5119016 1.047299 -0.1788024 0.3405777 0.9623804 0.4134432 0.375003 0.7637073 0.2 0.7637074 -0.3836004 -0.3836004 -1.460376 0.3375558 0.1786528 1.048776 -0.1788024 -0.3405777 1.047299 0 -0.9017837 0.6449203 0.2024509 -0.9567385 0.5391312 0 -1.092194 0.1868373 0.5759271 0.8419045 -0.4262367 0.1868373 -1.092194 0 0 -1.007324 -0.4847856 -0.1863968 -0.9532905 -0.5685451 -1.047299 0.1788024 0.3405778 0 -0.74068 -0.9889905 -0.1750003 -0.6549949 -1.153687 0 -0.567873 -1.460376 0.2106263 -0.5473318 -1.622644 0 -0.5843414 -2.074312 -0.2424867 -0.509878 -2.337168 0.1290572 -0.2990442 -2.636907 -0.2990442 0.1290573 -2.636907 0 0.4666017 -2.478047 0.2441746 0.5180485 -2.265497 0.4041357 0.4041357 -2.477982 0.5180487 0.2441745 -2.265498 0.4666019 0 -2.478048 -0.3691424 -0.2553136 -2.587035 -0.5180482 0.2441746 -2.265497 -0.4116022 -0.4116022 -2.074382 -0.5937308 0 -1.678789 -0.5487542 0.2111679 -1.552113 -0.6091633 0 -1.305211 -0.513468 0.5153302 -1.032027 -0.4861164 0.6180694 -0.8955524 -0.3192254 0.6727065 -0.9947661 -0.4145253 0.8554855 -0.5855924 -0.003282904 0.9223369 -0.6520177 -0.1967293 0.961714 -0.5394884 0.003501236 1.010273 -0.478415 -0.1748502 1.048902 -0.3387282 0 1.092194 0.1868373 0.1788024 1.047299 0.3405778 -0.003690123 0.9043051 0.6415862 0.2019709 0.7589918 0.7676317 0.3216958 0.3656699 1.00824 -0.004507958 0.4778712 1.011005 -0.1868373 0 1.092194 -0.3387281 -0.1748502 1.048901 -0.5391057 -0.1934186 0.9602426 -0.9510266 0.1863968 0.5678226 0.605165 0.3955658 0.8387968 0.520518 0.9784921 -0.1783344 -0.8444193 0.6026111 0.3903332 -0.9049705 0.6406748 -0.001941382 -0.9590023 0.2024509 -0.5398537 -0.5779892 -0.8414584 0.4223996 -1.008518 5.85255e-4 -0.4816131 -0.952553 -0.1898306 -0.5679699 -0.656129 -0.1709774 -1.154594 -0.4059352 -0.6839451 -0.8628348 -0.6180694 -0.4861164 -0.8955523 -0.7066445 -0.5724451 -0.672858 -0.5004679 -0.5957668 -0.918354 -0.9929372 -0.3746003 -0.3452637 -0.9602425 -0.5391057 -0.1934186 -1.011566 -0.4778457 -0.001006662 -0.6406748 -0.9049706 0.001941382 -0.5391057 -0.9602426 -0.1934186 -1.048902 -0.3387281 -0.1748502 -1.092194 -0.1868373 0 -1.092194 0 -0.1868373 -0.6026111 -0.844564 -0.3904893 -0.7597853 0.7658331 0.203106 -0.3452636 0.9929371 -0.3746004 -0.5575285 0.6875241 0.6876537 0.3387282 1.048902 0.1748502 0.3381844 -1.049634 0.1738435 0.5159587 0.5139278 -1.030884 0.62115 0.4846503 -0.8940209 0.6727065 0.3192254 -0.9947661 0.6878832 0.6859763 -0.5631844 -0.3405777 1.047299 -0.1788024 0.5722276 -0.3522745 -1.158838 0.602611 -0.8445641 -0.3904893 0.9623804 -0.4134432 -0.375003 0.3955658 -0.8387969 0.605165 0.8444192 -0.602611 0.3903332 0.4778457 -1.011566 -0.001006662 0.5327684 -0.2012898 -1.380854 -0.4062981 0.4062981 -1.678769 0 0.5937309 -1.678789 -0.3381844 -1.049634 0.1738435 -0.3996978 -0.5116844 0.9069269 0.4062982 -0.4062982 -1.678769 -0.5733295 -0.3515142 -1.157695 0.3746003 0.9929371 0.3452637 0.5473318 -0.2106263 -1.622644 0.9069269 -0.3996978 0.5116844 0.6857833 0.6885269 0.558215 0.602611 0.8444192 0.3903332 0.3836004 -0.3836004 -1.460376 0.7592966 0.7663236 -0.2026545 1.092194 0.1868373 0 1.047299 0.1788024 -0.3405777 1.092194 0 -0.1868373 1.049634 -0.3381844 -0.1738435 1.092194 -0.1868373 0 1.008518 5.85254e-4 0.4816131 0.9510267 -0.1863968 0.5678225 0.6402781 -0.002764165 0.9044737 0.5062168 -0.1968882 0.9761409 0.5937961 -0.4200893 0.8346975 0.1868373 0 1.092194 0.1748502 -0.3373393 1.049544 0 -0.1868373 1.092194 -0.1863968 -0.5678226 0.9510266 0.4166876 -0.4166876 0.9376466 -0.2024509 -0.9567385 0.5391312 -0.1868373 -1.092194 0 0.1863968 -0.9532905 -0.5685451 0.1750003 -0.6549949 -1.153687 -0.2106262 -0.5473318 -1.622644 0.2424867 -0.5098783 -2.337168 0.2990442 0.1290573 -2.636907 -0.2441746 0.5180484 -2.265497 0.3691424 -0.2553137 -2.587035 0.5843416 0 -2.074313 -0.4041355 0.4041355 -2.477982 -0.557829 -0.7010836 -0.6959103 -0.5180482 -0.2441745 -2.265497 -0.5487542 -0.2111679 -1.552113 -0.415309 0.415309 -1.305211 -0.5722277 0.3522746 -1.158838 -0.5957668 0.5004679 -0.918354 -0.5937963 0.8346975 0.4200893 0.4134432 0.9623804 -0.375003 0.1786528 1.048776 -0.3375558 -0.1748502 1.049544 0.3373392 0.3996978 0.9069269 0.5116844 0.3733192 0.8392379 0.6302424 -0.2033483 0.7658331 0.7596492 -0.1786528 0.3375558 1.048776 -0.3656699 0.3216957 1.00824 -0.3746004 -0.3452636 0.9929371 -0.6406749 0.001941382 0.9049706 -0.7637075 -0.1997576 0.7638435 -1.008518 -5.85258e-4 0.481613 -0.849663 0.3955658 -0.6094076 -0.6305387 0.8394367 -0.3731005 -0.921315 -0.001796483 -0.65328 -0.8047015 -0.1907063 -0.8183782 -0.8176378 0.2017392 -0.7872656 -0.7577031 -0.4100173 -0.731666 -0.8503592 -0.3976342 -0.6129884 -0.5153302 -0.513468 -1.032027 -1.00824 -0.3656699 0.3216958 -0.9049706 -0.6406748 0.001941382 -0.7638436 -0.7638435 -0.1995152 -0.520518 -0.9784922 0.1783344 -1.048776 -0.1786528 0.3375559 -1.092194 0 0.1868373 -0.4166876 0.9376466 0.4166876 -0.5124436 0.9074362 -0.3989545 -0.5062169 0.9761409 0.1968882 -0.6894527 0.6854331 0.5579944 -0.6883745 0.5557684 0.6885421 -0.6026111 -0.3903332 0.8444192 -0.3955658 -0.8387968 0.605165 0.3656699 1.00824 -0.3216958 0.4778457 1.011566 0.001006662 -0.8392379 0.3733192 0.6302424 0.3836004 0.3836004 -1.460376 0.7604694 0.4083214 -0.7307063 0.709857 0.5701228 -0.6725926 0.5783939 0.6722866 -0.7260999 0.5961101 -0.4989235 -0.9206746 0.3996978 -0.9072981 -0.5119016 0.7663236 -0.7592967 -0.2026544 0.6406749 -0.9049705 0.001941382 0.4049419 -0.6839084 -0.8645837 0.6885268 -0.6857833 0.558215 0.5575285 -0.6876537 0.6875241 0.5391057 -0.9602426 -0.1934186 0.5142284 -0.5142284 -1.03317 0.5937308 0 -1.678789 0.2106263 0.5473318 -1.622644 0.3746003 -0.9929372 -0.3452637 0.4223996 0.5779892 0.8414584 -0.654995 0.1750003 -1.153687 -0.3733192 -0.6302425 0.8392379 -0.3387281 -1.048902 -0.1748502 0.3417307 -0.6497886 -1.014234 -0.6497887 0.3417308 -1.014234 -0.6897542 0.6888837 -0.5564287 0.8414584 0.5779892 0.4223996 0.9602425 0.5391057 -0.1934186 1.011565 -0.4778457 0.001006662 1.092194 0 0.1868373 1.048776 0.1786528 0.3375558 0.9567385 0.2024509 0.5391312 0.5391312 0.202451 0.9567384 0.003690123 -0.6415862 0.904305 -0.199074 -0.7650154 0.7635387 0 -1.009713 0.4784405 -0.1786528 -1.048776 0.3375558 0 -1.092194 -0.1868373 -0.1788024 -1.047299 -0.3405777 0 -0.9222733 -0.653883 0.2008133 -0.8174692 -0.7885737 -0.8387969 -0.3955658 0.605165 0 -0.6091633 -1.305211 -0.2012898 -0.5327684 -1.380854 0 -0.5937308 -1.678789 -0.2142938 -0.54076 -1.959452 0 -0.4666017 -2.478048 -0.2553136 -0.3691424 -2.587035 -0.9074362 -0.400457 -0.510941 -0.1290573 0.2990442 -2.636907 0.2553137 0.3691424 -2.587035 -0.4134432 0.3750029 0.9623804 0 0.5843414 -2.074312 0.3691424 0.2553137 -2.587035 0.4116023 0.4116023 -2.074382 0.5180487 -0.2441745 -2.265498 -0.4041356 -0.4041355 -2.477982 -0.5843412 0 -2.074312 -0.541432 0.2144609 -1.870058 -0.4062981 -0.4062981 -1.678769 -0.5678731 0 -1.460376 -0.415309 -0.415309 -1.305211 -0.5327683 0.2012898 -1.380854 -0.3836004 0.3836004 -1.460376 -0.2012898 0.5327683 -1.380854 -0.4105778 0.7579531 -0.7305934 -0.5748918 0.706797 -0.670099 0.1857546 0.8337761 -0.7808106 0 1.092194 -0.1868373 0.1868373 1.092194 0 0.002915978 1.00972 0.4801987 -0.1968882 0.9761409 0.5062169 0.00169903 0.6406748 0.9048345 0.1738435 0.3381844 1.049634 -0.2024509 0.5391312 0.9567386 0 0.1868373 1.092194 -0.3381844 0.1738435 1.049634 -0.7589918 0.2019709 0.7676317 -1.047299 -0.1788024 -0.3405777 -0.9929372 0.3746003 0.3452637 -0.9069269 0.3996978 0.5116844 -0.9784921 0.520518 -0.1783344 -1.00824 0.3656699 -0.3216958 0.8387969 0.3955658 0.605165 -0.6995185 0.5598098 -0.6953146 0.9525529 0.1898306 -0.56797 -0.7409577 0.00389105 -0.991164 -0.6727065 -0.3192254 -0.9947661 0.9074362 0.400457 -0.510941 -0.3522745 -0.5722276 -1.158838 -0.844618 -0.6029073 -0.3901145 -0.9784921 -0.5205179 0.1783344 -0.4134432 -0.9623804 0.3750029 -0.3656699 -1.00824 0.3216958 -0.4778457 -1.011566 -0.001006662 -1.049634 -0.3381844 0.1738435 -1.049634 0.3381844 -0.1738435 -1.092194 0.1868373 0 -0.6880917 -0.6887129 -0.5581226 -0.4801987 1.00972 -0.002915978 -0.5779893 0.4223996 0.8414584 -0.6857833 -0.5570685 0.6896734 -0.6867279 -0.6867278 0.5588956 0.3381844 1.049634 -0.1738435 0.1752193 0.6564007 -1.151853 0.3521712 0.660618 -0.9915623 0 0.567873 -1.460376 0.5327683 0.2012898 -1.380854 0.5414322 0.2144609 -1.870058 0.3733192 -0.8500226 -0.6344129 0.8047015 0.1907063 -0.8183782 0.8446179 0.6029074 -0.3901146 0.3935773 0.752241 -0.7909827 0.7409577 -0.00389105 -0.9911639 0.8176378 -0.2017392 -0.7872655 0.6549949 -0.1750003 -1.153687 0.6497886 -0.3417307 -1.014234 0.6839084 -0.4049419 -0.8645837 0.6990186 -0.5587322 -0.697649 0.5567515 -0.7005838 -0.6982448 0.9784921 -0.520518 -0.1783344 0.9049705 -0.6406748 -0.001941382 0.6893004 -0.5555477 0.688192 0.4989235 -0.5961101 -0.9206746 0.567873 0 -1.460376 -0.2106263 0.5473317 -1.622644 0.5473318 0.2106263 -1.622644 0.4062982 0.4062981 -1.678769 -0.3373393 1.049544 0.1748502 0.9602426 -0.5391057 0.1934186 -0.4200893 0.8346975 0.5937962 -0.6839451 0.4059353 -0.8628348 -0.9623804 -0.4134432 0.3750029 0.7663236 0.7592966 0.2026544 0.6406749 0.9049705 -0.001941382 1.011566 0.4778457 -0.001006662 1.048902 0.3387281 -0.1748502 1.00824 0.3656699 0.3216958 0.9929371 0.3746004 -0.3452637 1.008518 -5.85255e-4 -0.481613 1.048901 -0.3387282 0.1748502 0.9929371 -0.3746004 0.3452637 0.901615 9.25928e-4 0.6462284 0.7594806 -0.2024224 0.7671412 0.4770261 0.003501236 1.010915 0.3373392 -0.1748502 1.049544 0.3419444 -0.3419444 1.007853 -0.002915978 -0.4801987 1.00972 0.1968882 -0.5062169 0.9761409 0.2033483 -0.7596492 0.7658331 0.1786528 -1.048776 0.3375558 0.1788024 -1.047299 -0.3405778 -0.2008132 -0.8174691 -0.7885736 0.2012898 -0.5327683 -1.380854 0.2142938 -0.5407601 -1.959452 0.2553137 -0.3691425 -2.587035 -0.2553136 0.3691424 -2.587035 0.4041357 -0.4041357 -2.477982 -0.3691424 0.2553137 -2.587035 -0.4116021 0.4116022 -2.074381 -0.541432 -0.2144609 -1.870058 -0.5327683 -0.2012898 -1.380854 -0.3515142 0.5733294 -1.157695 -0.1709773 0.656129 -1.154594 -0.190925 0.804799 -0.8179596 0.003332853 0.7425196 -0.9898075 0.201525 0.9597744 -0.5396643 -0.1868373 1.092194 0 0.1863968 0.9510266 0.5678226 0.1783344 0.520518 0.9784922 -0.4778457 -0.001006662 1.011566 -0.520518 0.1783344 0.9784922 -0.9016151 -9.25927e-4 0.6462284 -0.9567384 -0.2024509 0.5391312 -0.9602425 0.5391057 0.1934186 -1.011566 0.4778457 0.001006662 -0.9623804 0.4134432 -0.3750029 -0.8419112 0.5779892 -0.4227169 -0.7676317 0.7589918 -0.2019709 -0.4666015 0 -2.478047 -0.7617767 -0.7617767 0.2057937 0.2144609 0.5414322 -1.870058 -1.048901 0.3387282 0.1748502 -0.3733192 -0.8500226 -0.6344128 -0.6415863 0.9043051 0.003690123 -0.5678226 0.9510266 -0.1863968 -0.8414584 -0.5779892 0.4223996 0.3656699 -1.00824 0.3216958 -0.5546218 -0.6885422 0.689521 0.9590023 -0.2024509 -0.5398538 0.5391057 0.9602426 0.1934186 0 0.6091633 -1.305211 0.352903 0.5726874 -1.157695 0.2012898 0.5327683 -1.380854 0.415309 0.415309 -1.305211 0.5733294 0.3515141 -1.157695 0.656129 0.1709773 -1.154594 0.3750029 0.4134432 0.9623804 0.8503592 0.3976342 -0.6129884 0.3736354 0.8638116 -0.6124587 0.9213149 0.001796483 -0.65328 0.6091632 0 -1.305211 0.849663 -0.3955658 -0.6094077 0.686236 -0.6888981 -0.5598359 0.8419112 -0.5779892 -0.4227169 0.4134432 -0.9623804 0.375003 0.7592966 -0.7663236 0.2026544 0.5779892 -0.8414584 0.4223996 0.8392379 -0.3733192 0.6302424 0.4200893 -0.5937963 0.8346975 0.3387281 -1.048902 -0.1748502 0.520518 -0.9784922 0.1783344 0.415309 -0.415309 -1.305211 -0.2144609 0.541432 -1.870058 0.5414322 -0.2144609 -1.870058 -0.3419444 1.007853 0.3419444 -1.048776 0.1786528 -0.3375558 0.5188065 0.6016818 -0.8940209 -0.3417308 -0.6497887 -1.014234 -0.3746004 -0.9929372 -0.3452637 -0.3955658 0.605165 0.8387968 0.3522745 -0.5722275 -1.158838 0.4116023 -0.4116023 -2.074381 -0.1290573 -0.2990442 -2.636907 -0.2990442 -0.1290573 -2.636907 0.2990442 -0.1290573 -2.636907 0.1290572 0.2990442 -2.636907 0 -0.1723325 -2.636153 0 0.1723325 -2.636153 -0.1723325 0 -2.636152 0.1723325 0 -2.636153 0.6514563 0.6524596 0.6522456 0.730285 0.727446 0.3972243 0.7754222 0.7754222 0 0.9737119 0.5569291 -0.001528024 1.05487 0.3532782 -1.25838e-4 1.034377 0.3043047 -0.2998704 1.054255 -3.05716e-5 -0.3539886 1.037129 -0.3026174 -0.2957171 1.05487 -0.3532782 1.25839e-4 1.034377 -0.3043047 0.2998704 1.054255 3.05716e-5 0.3539886 0.9700572 0.001998126 0.5625 0.7747365 -6.05609e-4 0.7764832 0.555146 6.08419e-4 0.9730278 0.353179 8.45021e-4 1.054736 0.298656 -0.298656 1.037145 -8.14447e-4 -0.3538086 1.054458 0.001389741 -0.5585553 0.972392 8.37091e-4 -0.774921 0.7762987 0 -0.9706931 0.5590906 0 -1.054533 0.353359 0 -1.105784 0 0 -1.053978 -0.3546182 0 -0.9720246 -0.5667026 0 -0.836914 -0.8022175 0 -0.6653634 -1.168911 0 -0.5812573 -1.381384 0 -0.5964727 -1.622632 0 -0.5890195 -1.870066 0 -0.55453 -2.266434 0 -0.366204 -2.595613 0.169895 -0.1698951 -2.599 0 0.366204 -2.595613 0 0.5411916 -2.33717 0.4138225 0.4138225 -2.337164 0.5545302 0 -2.266434 -0.3565629 0.3565629 -2.578118 0.3662041 0 -2.595613 -0.366204 0 -2.595613 -0.5411915 0 -2.33717 -0.5873873 0 -2.039007 -0.5964726 0 -1.622632 -0.5812573 0 -1.381385 -0.39184 0.3918401 -1.381385 -0.4638727 0.4641055 -1.174487 -0.5428757 0.5491702 -0.9379132 -0.359215 0.7191656 -0.8517546 -0.4666779 0.7764279 -0.6626318 -7.69171e-4 0.8376131 -0.8043814 5.32403e-4 0.973586 -0.5599153 8.45022e-4 1.054656 -0.3533526 0 1.105784 0 8.14448e-4 1.054458 0.3538086 -0.001389741 0.972392 0.5585553 -2.56191e-4 0.7753052 0.7755751 -0.002888143 0.5569354 0.9732996 -9.70868e-4 0.3532846 1.054747 -0.3026174 0.295717 1.037129 -0.3532782 -1.25839e-4 1.05487 -0.5569291 -0.001528024 0.9737119 -0.77473 4.95455e-4 0.7765791 -0.9700571 -0.001998126 0.5625 -0.9308556 0.4813445 0.3737677 -0.9062888 0.3273338 0.5736181 -0.9737119 0.5569291 0.001528024 -0.9158421 0.3989589 -0.4843299 -0.9851549 0.4389255 -0.3019891 -0.7337217 0.7268481 -0.3953455 -0.972455 0.001255452 -0.563296 -0.8356541 0.00127685 -0.805204 -0.7191413 -0.3591603 -0.8518592 -0.775477 -0.4637559 -0.6675024 -0.6390799 -0.2833715 -1.112652 -0.5491703 -0.5428757 -0.9379133 -0.9309053 -0.4814186 -0.3737061 -0.9085129 -0.3313367 -0.5707358 -0.9737119 -0.5569291 -0.001528024 -0.7754223 -0.7754222 0.001222372 -0.556929 -0.9737119 -0.001528024 -1.05487 -0.3532782 -1.25838e-4 -1.037129 -0.3026174 0.2957171 -1.105784 0 0 -0.7304027 -0.7304633 -0.3939207 -1.034377 -0.3043047 -0.2998704 -1.054255 3.05716e-5 -0.3539886 -1.037129 0.3026174 -0.2957171 -0.7755921 0.7753052 2.25894e-4 -0.5585553 0.972392 0.001389741 -1.05487 0.3532782 1.25839e-4 -0.7294201 0.7294622 0.396896 -0.6526331 0.6513906 0.6522042 -0.9144837 -0.3989589 0.4837995 -0.9851549 -0.4389255 0.3019891 -1.054255 -3.05735e-5 0.3539886 -0.7267984 0.3952456 0.733591 -0.729631 -0.3942071 0.7308758 -0.6512413 -0.6520306 0.6528895 -0.298656 1.037144 0.2986561 0.3532782 1.05487 1.25838e-4 -0.3538086 1.054458 -8.14447e-4 0.3026174 1.037129 -0.2957171 -0.2998704 1.034377 -0.3043047 8.86887e-4 0.6658031 -1.168965 0.2891288 0.6372556 -1.111624 0.3918401 0.39184 -1.381384 0.464184 0.4639301 -1.174344 0.5522109 0.5437052 -0.9339087 0.7198328 0.3587363 -0.8516192 0.7765145 0.46312 -0.6671425 0.658549 0.65171 -0.6586849 0.8356541 -0.00127685 -0.8052041 0.6655092 -9.10691e-4 -1.169281 0.6353491 -0.2871612 -1.115742 0.7651009 -0.3959476 -0.7441919 0.6436481 -0.417476 -0.9305059 0.6533486 -0.6545364 -0.6578333 0.7303417 -0.7274823 -0.3974179 0.7754222 -0.7754221 0 0.7274461 -0.7302851 0.3972243 0.6526331 -0.6514149 0.6521798 0.556929 -0.9737119 -0.001528024 0.5452856 -0.5452856 -0.9422138 0.5812573 0 -1.381384 0.6390798 0.2833715 -1.112652 0.4628564 0.6748139 -0.8483532 0.3263475 0.819691 -0.7309914 -0.6570406 0.6554343 -0.6527335 -0.2833715 0.6390799 -1.112652 0 0.5812573 -1.381384 -0.6353492 0.2871613 -1.115742 -0.6655092 9.10689e-4 -1.169281 -0.406027 0.4060271 -1.870058 0.356563 -0.356563 -2.578118 -0.3565629 -0.3565629 -2.578118 0.4060271 -0.4060272 -1.870058 -0.4083762 -0.4083762 -2.038937 0.4639678 -0.4639678 -1.17463 0.39184 -0.39184 -1.381384 0.2871613 -0.6353491 -1.115741 -0.2871613 -0.6353491 -1.115742 -0.3938489 -0.765164 -0.7465198 -0.4178485 -0.6436619 -0.9298502 0.4813445 -0.9308918 -0.3737998 0.3273338 -0.9082956 -0.5743865 -0.4813444 -0.9308918 -0.3737998 -0.3273338 -0.9082956 -0.5743865 0.3043047 -1.034377 -0.2998704 -0.3043048 -1.034377 -0.2998704 0.3532782 -1.05487 -1.25838e-4 -0.3532782 -1.05487 -1.25839e-4 -0.3026174 -1.037129 0.2957171 0.3989589 -0.9144837 0.4837995 0.4389255 -0.9851549 0.3019891 -0.3989588 -0.9144837 0.4837995 -0.4389255 -0.9851549 0.3019891 0.3972643 -0.7286981 0.7299849 -0.3922283 -0.732937 0.7302282 -0.3043047 -0.2998704 1.034377 0 0 1.105784 0.4837995 0.3989588 0.9144837 0.3019891 0.4389255 0.9851549 0.9737119 -0.5569291 0.001528024 0.972455 -0.001255452 -0.5632959 1.105784 0 0 0.556929 0.9737119 0.001528024 0.9144837 0.3989589 0.4837995 0.9851549 0.4389255 0.3019891 0.4813445 0.9308556 0.3737677 0.3273338 0.9062888 0.5736181 0.727096 0.7303175 -0.3982279 0.7301537 0.3945754 0.7301537 1.037129 0.3026174 0.2957171 0.9309053 0.4814186 -0.3737061 0.908513 0.3313367 -0.5707358 0.7287724 -0.3949173 0.7327681 0.9308556 -0.4813445 0.3737677 0.9062888 -0.3273338 0.5736181 0.9158421 -0.3989589 -0.4843299 0.9851549 -0.4389255 -0.3019891 0.3952456 0.7267984 0.733591 0.3043047 1.034377 0.2998704 0.3965915 0.9173846 -0.4848308 0.4389255 0.9851549 -0.3019891 0.295717 0.3026174 1.037129 0.3756403 -0.3756403 0.9781286 0.4713621 -0.4713621 0.8855143 0.3026174 -1.037129 0.2957171 -0.3972643 0.7299849 0.7286981 -0.3756403 0.9781286 0.3756403 -0.471362 0.8855144 0.4713621 -0.3764055 0.9323246 -0.4794818 -0.5737292 0.9063634 -0.3272413 -0.3989588 0.4837995 0.9144837 -0.4389255 0.3019891 0.9851549 -1.034377 0.3043047 0.2998704 -0.4813444 -0.3737677 0.9308555 -0.3273338 -0.5736181 0.9062888 -0.727378 -0.7273781 0.4006098 -0.6548652 -0.6568699 -0.6535008 0.5964727 0 -1.622632 0.5890195 0 -1.870066 0.4063953 0.4063953 -1.622651 0.4083762 0.4083763 -2.038937 0.356563 0.356563 -2.578117 0.3936007 -0.7651549 -0.746957 0.4174759 -0.643648 -0.9305059 0.4063953 -0.4063953 -1.622651 0.4161031 -0.4161031 -2.265268 0 0.5964726 -1.622632 0 0.5873875 -2.039007 -0.7651101 0.396196 -0.7437547 -0.6436619 0.4178485 -0.9298502 -0.4063952 0.4063953 -1.622651 -0.416103 0.416103 -2.265268 -0.4641055 -0.4638727 -1.174487 -0.39184 -0.39184 -1.381385 -0.4063953 -0.4063954 -1.622651 -0.4138223 -0.4138223 -2.337164 -0.1698951 -0.169895 -2.599001 -0.1698951 0.1698951 -2.599 0.1698951 0.1698951 -2.599 -0.5428089 0.2120325 -1.838701 -0.5904706 0 -1.838694 -0.5428089 -0.2120325 -1.838701 -0.4054983 0.4054983 -1.838702 -0.2120325 0.5428089 -1.838701 0 0.5904707 -1.838694 0.2120326 0.542809 -1.838701 0.2127361 -0.5449059 -1.678776 0.4054984 -0.4054984 -1.838702 0.5428091 -0.2120325 -1.838701 0.5904707 0 -1.838694 0.542809 0.2120326 -1.838701 -0.2127361 -0.544906 -1.678776 0 -0.5904707 -1.838694 -0.4054983 -0.4054983 -1.838702 0.4054984 0.4054985 -1.838702 0.2111679 -0.5487542 -1.552113 0 -0.5984689 -1.552113 -0.2111679 -0.5487542 -1.552113 -0.5473317 0.2106263 -1.622645 -0.5984687 0 -1.552113 -0.5473316 -0.2106263 -1.622645 0.5487542 0.2111679 -1.552113 0.5984689 0 -1.552113 0.5487542 -0.2111679 -1.552113 0.4071264 0.4071264 -1.552113 0.2111679 0.5487542 -1.552113 0.4071263 -0.4071264 -1.552113 0 0.5984688 -1.552113 -0.2111679 0.5487542 -1.552113 -0.4071263 0.4071263 -1.552113 -0.4071263 -0.4071264 -1.552113 -0.5434797 0.2122048 -1.749307 -0.591731 0 -1.749307 -0.5434797 -0.2122048 -1.749307 -0.4055678 0.4055678 -1.749307 -0.2122048 0.5434797 -1.749307 0 0.5917311 -1.749307 0.2122048 0.5434798 -1.749307 0.2122048 -0.5434798 -1.749307 0.4055679 -0.4055679 -1.749307 0.5434799 -0.2122048 -1.749307 0.5917311 0 -1.749307 0.5434798 0.2122048 -1.749307 -0.2122048 -0.5434798 -1.749307 0 -0.5917311 -1.749307 -0.4055678 -0.4055678 -1.749307 0.4055679 0.4055679 -1.749307 0.2144609 -0.5414322 -1.870058 0 -0.5873874 -2.039007 -0.2144609 -0.5414321 -1.870058 -0.5407599 0.2142938 -1.959452 -0.5890195 0 -1.870066 -0.5407599 -0.2142937 -1.959452 -0.4083761 0.4083762 -2.038937 -0.2142938 0.54076 -1.959452 0.5407602 -0.2142938 -1.959452 0.4083762 -0.4083762 -2.038937 -0.4060271 -0.4060271 -1.870058 0.5407602 0.2142938 -1.959452 0.5873875 0 -2.039007 0.4060272 0.4060271 -1.870057 0.2142938 0.5407601 -1.959452 0 0.5890195 -1.870066 -0.2227342 -0.5324292 -2.225539 0 -0.5707558 -2.224652 0.2227343 -0.5324292 -2.225539 -0.4116867 -0.4116867 -2.225757 -0.532429 -0.2227342 -2.225539 0.5404631 0.2249535 -2.153867 0.570756 0 -2.224653 0.5324293 -0.2227344 -2.225539 0.2249535 0.540463 -2.153867 0 0.5707557 -2.224652 -0.2249535 0.5404629 -2.153867 0.4116868 0.4116868 -2.225758 -0.5404629 0.2249535 -2.153867 -0.5707556 0 -2.224652 -0.4116866 0.4116866 -2.225757 0.4116868 -0.4116868 -2.225757 0.2152524 -0.5419958 -2.039016 0 -0.5877569 -1.959452 -0.2152523 -0.5419958 -2.039016 -0.5419957 0.2152523 -2.039016 -0.5877569 0 -1.959452 -0.5419957 -0.2152523 -2.039016 -0.4059576 0.4059578 -1.959452 -0.2152523 0.5419957 -2.039016 0.5419959 -0.2152524 -2.039016 0.4059578 -0.4059578 -1.959452 -0.4059577 -0.4059577 -1.959452 0.5419959 0.2152525 -2.039016 0.587757 0 -1.959452 0.4059578 0.4059578 -1.959452 0.2152523 0.5419958 -2.039016 0 0.587757 -1.959452 -0.2249535 -0.5404629 -2.153867 0 -0.58397 -2.153867 0.2249535 -0.540463 -2.153867 -0.4140102 -0.4140102 -2.153867 -0.5404628 -0.2249535 -2.153867 0.5324293 0.2227344 -2.225539 0.5839701 0 -2.153868 0.5404631 -0.2249535 -2.153867 0.2227343 0.5324292 -2.225539 0 0.58397 -2.153867 -0.2227343 0.5324291 -2.225539 0.4140103 0.4140103 -2.153867 -0.532429 0.2227343 -2.225539 -0.5839698 0 -2.153867 -0.4140102 0.4140102 -2.153867 0.4140103 -0.4140103 -2.153867 0.2441745 -0.5180485 -2.265498 0 -0.5411916 -2.337171 -0.2441745 -0.5180484 -2.265498 0.2424867 0.5098782 -2.337167 0 0.55453 -2.266434 -0.2424867 0.509878 -2.337167 0.5098783 0.2424867 -2.337168 0.4161033 0.416103 -2.265268 0.5411918 0 -2.337171 0.5098783 -0.2424867 -2.337168 -0.5098779 0.2424866 -2.337167 -0.5545299 0 -2.266434 -0.5098779 -0.2424867 -2.337167 0.4138225 -0.4138225 -2.337164 -0.4138223 0.4138223 -2.337164 -0.416103 -0.416103 -2.265268 0.2229731 -0.5750837 -1.62341 0.2254431 -0.5724957 -1.679509 -0.2312373 -0.560979 -2.231523 -0.2567433 -0.5456457 -2.267399 0.2567433 0.5456458 -2.267399 0.2312373 0.560979 -2.231523 0.545646 0.2567433 -2.267399 0.5609791 0.2312375 -2.231523 -0.5456455 0.2567434 -2.267399 -0.5609788 0.2312373 -2.231523 -0.5724956 0.225443 -1.679509 -0.5750836 0.222973 -1.623411 0.5750837 -0.222973 -1.62341 0.5724958 -0.225443 -1.679509 -0.2229729 -0.5750837 -1.62341 -0.225443 -0.5724958 -1.679509 0.2312374 -0.5609791 -2.231523 0.2567433 -0.5456458 -2.267399 -0.2567434 0.5456456 -2.267399 -0.2312373 0.5609789 -2.231523 -0.5456455 -0.2567433 -2.267399 -0.5609788 -0.2312373 -2.231523 -0.5724956 -0.225443 -1.679509 -0.5750836 -0.222973 -1.623411 0.2229731 0.5750837 -1.62341 0.225443 0.5724958 -1.679509 -0.2240582 -0.57071 -1.839045 -0.2271022 -0.5690605 -1.870314 -0.2262433 -0.5703207 -2.038704 -0.2367935 -0.5667545 -2.073223 0.545646 -0.2567433 -2.267399 0.5609791 -0.2312375 -2.231523 -0.5667545 0.2367933 -2.073223 -0.5703206 0.2262433 -2.038704 -0.5690604 0.2271022 -1.870314 -0.5707098 0.2240582 -1.839045 0.5667547 0.2367933 -2.073223 0.5703208 0.2262434 -2.038704 0.5690607 0.2271022 -1.870314 0.57071 0.2240582 -1.839045 -0.222973 0.5750836 -1.62341 -0.225443 0.5724956 -1.679509 0.5750837 0.2229731 -1.62341 0.5724958 0.2254431 -1.679509 0.2240582 -0.57071 -1.839045 0.2271022 -0.5690606 -1.870314 0.2262433 -0.5703207 -2.038704 0.2367934 -0.5667546 -2.073223 -0.5667544 -0.2367934 -2.073223 -0.5703206 -0.2262432 -2.038704 -0.5690604 -0.2271022 -1.870314 -0.5707098 -0.2240582 -1.839045 0.2367934 0.5667546 -2.073223 0.2262433 0.5703207 -2.038704 0.2271022 0.5690606 -1.870313 0.2240582 0.57071 -1.839045 -0.2367933 0.5667545 -2.073223 -0.2262433 0.5703206 -2.038704 -0.2271022 0.5690605 -1.870314 -0.2240582 0.5707098 -1.839045 0.5667547 -0.2367933 -2.073223 0.5703208 -0.2262433 -2.038704 0.5690606 -0.2271022 -1.870314 0.5707101 -0.2240582 -1.839045 0 -0.6240887 -1.680054 0 -0.6268305 -1.623897 0 -0.6208347 -1.8398 0 -0.6193835 -1.871172 0 -0.6146762 -2.076043 0 -0.6177222 -2.040739 0 -0.5995888 -2.234236 0 -0.583363 -2.276018 0 0.5995888 -2.234236 0 0.583363 -2.276018 0.4331251 0.4331251 -2.223759 0.4375416 0.4375413 -2.263269 0.599589 0 -2.234236 0.5833632 0 -2.276018 -0.5995886 0 -2.234236 -0.5833629 0 -2.276018 -0.6208347 0 -1.8398 -0.6193835 0 -1.871172 -0.6146761 0 -2.076044 -0.6177222 0 -2.040739 -0.6240886 0 -1.680054 -0.6268304 0 -1.623897 -0.4269803 0.4269803 -1.838202 -0.427509 0.4275091 -1.869558 -0.4329745 0.4329745 -2.071275 -0.4297484 0.4297485 -2.03583 0.4269804 -0.4269804 -1.838202 0.4275091 -0.4275091 -1.869558 0.4329746 -0.4329746 -2.071275 0.4297485 -0.4297485 -2.03583 -0.4269803 -0.4269803 -1.838202 -0.4275091 -0.4275091 -1.869558 -0.4329745 -0.4329745 -2.071275 -0.4297485 -0.4297484 -2.03583 0.6240887 0 -1.680054 0.6268305 0 -1.623897 0.6208347 0 -1.8398 0.6193836 0 -1.871172 0.6146764 0 -2.076044 0.6177223 0 -2.040739 0.4277824 0.4277823 -1.679009 0.4278795 0.4278795 -1.622891 0.4269803 0.4269804 -1.838202 0.4275092 0.4275091 -1.869558 0.4329746 0.4329746 -2.071275 0.4297485 0.4297485 -2.03583 0.4277824 -0.4277824 -1.679009 0.4278795 -0.4278795 -1.622891 0.4331251 -0.4331251 -2.223758 0.4375414 -0.4375414 -2.263269 0 0.6240887 -1.680054 0 0.6268305 -1.623897 0 0.6208348 -1.8398 0 0.6193836 -1.871172 0 0.6146762 -2.076044 0 0.6177223 -2.040739 -0.4277823 0.4277823 -1.679009 -0.4278794 0.4278795 -1.622891 -0.433125 0.4331249 -2.223758 -0.4375413 0.4375414 -2.263269 -0.4277823 -0.4277823 -1.679009 -0.4278795 -0.4278796 -1.622891 -0.433125 -0.433125 -2.223758 -0.4375413 -0.4375413 -2.263269</float_array>
          <technique_common>
            <accessor source="#Mesh-mesh-positions-array" count="1074" stride="3">
              <param name="X" type="float"/>
              <param name="Y" type="float"/>
              <param name="Z" type="float"/>
            </accessor>
          </technique_common>
        </source>
        <source id="Mesh-mesh-normals">
          <float_array id="Mesh-mesh-normals-array" count="3222">0.7410475 0.4675614 0.4819076 0.5658378 0.6005081 0.5649936 0.6468689 0.4042234 0.6466561 0.4227996 0.6406917 0.6409015 0.6386863 0.6416106 0.4247537 0.4733905 0.7314878 0.4907414 0.482885 0.4653151 0.7418248 0.5708424 0.7547582 0.3232321 0.7678127 0.5342651 0.3535882 0.6850154 0.6649504 0.2976489 0.7612206 0.6043379 0.2352 0.7038066 0.689419 0.1713409 0.6338766 0.7511658 0.1842569 0.7071068 0.7071068 0 0.6597652 0.7514213 -0.008720993 0.7514214 0.6597651 0.008721232 0.7480376 0.6396307 -0.1769531 0.6893283 0.7039526 -0.1711062 0.6044054 0.7613435 -0.2346276 0.8337862 0.5188021 -0.1887993 0.8362958 0.5200955 0.1735225 0.8389997 0.5440109 -0.01147097 0.9225685 0.3855811 -0.01395678 0.9035042 0.3941742 -0.1682465 0.9206189 0.3658569 0.1364169 0.9603914 0.27862 -0.004413604 0.9555696 0.2700321 0.1181923 0.9897444 0.1428495 -4.18e-4 0.9502977 0.2838104 -0.1280077 0.877391 0.3567418 -0.320812 0.9824341 0.1306446 -0.1332485 0.9264922 0.2738336 -0.2581227 0.9007109 0.2042604 -0.3834027 0.9490376 0.1251592 -0.2892454 0.9251016 -0.003716766 -0.3797015 0.9894692 6.04637e-4 -0.144742 0.959281 0.001593708 -0.2824489 0.9511021 -0.1192861 -0.2849134 0.892491 -0.2092862 -0.3995739 0.9831225 -0.1284528 -0.1302699 0.9356035 -0.2491436 -0.2501471 0.8883625 -0.328051 -0.3212393 0.9555696 -0.2700327 -0.1181921 0.9206185 -0.3658581 -0.1364167 0.9897443 -0.1428501 4.18404e-4 0.9502979 -0.28381 0.1280074 0.9603913 -0.2786201 0.004414141 0.9034778 -0.3942039 0.1683194 0.9225688 -0.3855803 0.01395696 0.8770384 -0.3570157 0.3214707 0.9824342 -0.1306447 0.1332482 0.9264922 -0.2738339 0.2581224 0.8972187 -0.2038239 0.3917329 0.9490376 -0.1251594 0.2892453 0.9894693 -6.04094e-4 0.144742 0.951102 0.1192868 0.2849134 0.9592812 -0.001593589 0.2824488 0.9199508 0.005107045 0.3920007 0.8344702 0.1993542 0.5137287 0.888113 0.2097917 0.4089532 0.7489503 0.1875519 0.6355296 0.8468497 0.0200302 0.531455 0.7463512 0.01427483 0.6653993 0.8347473 -0.1488522 0.5301323 0.7254536 -0.1490827 0.6719312 0.701151 0.001858115 0.7130104 0.6763979 -0.1638278 0.7180852 0.695217 0.1710045 0.6981625 0.6367595 0.1814006 0.7494205 0.6527588 -0.01744121 0.7573651 0.5821857 -0.2279559 0.7804461 0.5394375 -0.008874595 0.8419789 0.5157939 0.1971159 0.8337277 0.3957091 0.008008122 0.918341 0.5026418 -0.2095128 0.8387226 0.3912182 -0.1664376 0.9051226 0.280797 2.61963e-5 0.9597673 0.2793709 -0.1236459 0.9521889 0.2840586 0.1203058 0.9512294 0.1433614 3.51101e-4 0.9896703 0.1294673 -0.1294667 0.9830955 0.3383358 -0.3383364 0.8780988 0.1234931 -0.2793989 0.9522005 0.166877 -0.390726 0.9052543 0.263447 -0.2634471 0.928004 -0.003136873 -0.3889873 0.9212378 -0.1261232 -0.2883272 0.9491894 -0.2054064 -0.391649 0.8968942 -0.00163865 -0.2810153 0.9597019 -9.5721e-4 -0.1441285 0.9895585 -0.1306448 -0.1332485 0.9824342 0.2326408 -0.5841671 0.7775778 0.02563828 -0.5368664 0.8432777 0.03181636 -0.6597669 0.7507966 0.2141157 -0.4980095 0.8403221 -0.1483262 -0.531946 0.8336863 -0.1465237 -0.6705203 0.7272781 0.001914441 -0.7519426 0.659226 -0.1634176 -0.710132 0.6848411 -0.1848807 -0.750979 0.6339162 0.1833609 -0.7479798 0.6378911 0.007644832 -0.7082669 0.7059034 0.1720418 -0.6892874 0.7037646 0.1966181 -0.834433 0.5148426 -2.18843e-7 -0.9172477 0.3983175 0.2093553 -0.8881403 0.4091175 0 -0.8464802 0.5324203 -0.1966183 -0.8344333 0.514842 -0.2093552 -0.8881403 0.4091178 0 -0.9895814 0.1439749 -0.1193521 -0.9510546 0.2850441 -0.1284524 -0.9831225 0.1302696 0.1193522 -0.9510549 0.2850435 -3.43415e-7 -0.959333 0.2822771 0.1306442 -0.9824343 -0.1332485 0 -1 -1.93632e-7 2.46736e-7 -0.9893575 -0.1455054 0.1284525 -0.9831225 0.1302697 0.1428492 -0.9897444 -4.18605e-4 -0.1428496 -0.9897444 -4.18415e-4 -0.1306445 -0.9824342 -0.1332487 0.1250982 -0.9490847 -0.289117 0 -0.9278263 -0.3730127 0.2052238 -0.9009208 -0.382394 0 -0.9592334 -0.2826153 -0.125098 -0.9490847 -0.2891171 -0.2052236 -0.9009204 -0.3823946 0 -0.8652102 -0.5014094 -0.1636658 -0.8774216 -0.4509377 -0.1863785 -0.8395519 -0.5103093 0.1636661 -0.8774221 -0.4509367 0 -0.895684 -0.4446913 0.226922 -0.8434434 -0.486939 0 -0.9094709 -0.4157678 0.2563399 -0.8834989 -0.3920711 0.1863784 -0.8395519 -0.5103093 -1.81133e-7 -0.8757651 -0.4827377 -0.2273662 -0.8432489 -0.4870687 -0.2566846 -0.8835196 -0.3917986 0.2134787 -0.886247 -0.4110876 0 -0.9177875 -0.3970721 0.3644546 -0.8170983 -0.4466804 0 -0.9235083 -0.3835788 -0.2134783 -0.886247 -0.4110882 -0.364455 -0.8170984 -0.4466798 1.28405e-7 -0.9966627 0.08163052 -0.3971312 -0.8688808 -0.2955216 -0.4207736 -0.9027863 0.08903199 0.3971312 -0.8688808 -0.2955218 2.07523e-7 -0.9656324 -0.2599118 0 -0.6695436 0.7427728 -0.2950478 -0.6935748 0.6571916 9.57979e-7 -0.7759823 0.6307548 0.4116263 -0.898612 0.151856 -2.94039e-7 -0.9897612 0.1427333 -0.4116265 -0.898612 0.1518558 0.6145555 0.2791231 0.7378427 0.5259037 0.5259031 0.6684694 0.4776832 0.4776833 0.7373178 0.6695455 0 0.7427711 0.6935716 0.2950482 0.6571948 0.6064063 0.2694941 0.7480939 0.6750971 1.68952e-7 0.737729 0.6970613 -0.3081232 0.6474302 0.7791838 -1.84226e-7 0.6267956 0.6935736 -0.2950473 0.6571932 0.7759829 7.71432e-7 0.6307541 0.69706 0.3081239 0.6474312 0.287034 -0.930367 -0.2280981 -4.41762e-7 -0.8431128 -0.5377367 0.1993879 -0.8776102 -0.4359415 0.606406 -0.269494 0.7480942 0.5151534 -0.5151543 0.685006 -0.6750988 0 0.7377274 -0.6970614 -0.3081241 0.6474296 -0.6145569 -0.2791225 0.7378419 -0.2870346 -0.9303666 -0.2280989 -0.1993879 -0.8776103 -0.4359411 0.1103061 -0.603865 -0.7894173 0.1312636 -0.1943329 -0.9721135 0.1660739 -0.1660729 -0.9720284 -0.1103062 -0.6038646 -0.7894176 -0.131264 -0.1943352 -0.972113 -0.166074 -0.1660736 -0.9720283 0 -0.1319229 -0.9912601 -1.30268e-7 -0.6821514 -0.731211 -0.01090323 0 -0.9999406 6.30831e-7 0.01090484 -0.9999406 -2.29486e-6 0 -1 0.1943324 -0.1312637 -0.9721136 0.03363084 -0.03363162 -0.9988684 -5.52203e-7 0.8431136 -0.5377357 -0.1103059 0.6038673 -0.7894155 -0.1993884 0.8776111 -0.4359393 0.1103079 0.6038646 -0.7894174 0.1993874 0.8776105 -0.4359411 0.1312651 0.194333 -0.9721133 0.1660757 0.1660742 -0.9720279 0 0.1319229 -0.9912601 -1.38484e-7 0.6821525 -0.73121 -0.1312641 0.1943333 -0.9721134 -0.1660737 0.166073 -0.9720285 0.2694957 -0.6064084 0.7480916 0.4656905 -0.4656926 0.7525045 -0.6970617 0.3081241 0.6474292 -0.7791845 0 0.6267946 0.2870337 0.9303669 -0.2280986 1.61662e-7 0.9471958 -0.3206561 -0.2870336 0.9303669 -0.2280995 -8.68521e-7 0.6695437 0.7427728 0.2950481 0.6935734 0.657193 -1.01389e-6 0.7759827 0.6307542 -0.4545277 -0.4545271 -0.7660351 -0.3179194 -0.6314366 -0.7072589 -0.5820409 -0.5820399 -0.567854 0.7023563 0.702357 -0.1157167 0.8776096 0.1993886 -0.4359423 0.6704648 0.6704657 -0.3177306 0.9303667 0.2870345 -0.2280991 0.8431133 0 -0.5377362 -1.02623e-6 -0.6750982 0.7377278 -0.3081225 -0.697061 0.6474307 -6.33735e-7 -0.779185 0.6267942 -0.2950466 0.6935738 0.6571933 -0.2694931 0.6064088 0.7480922 0.9303667 -0.2870343 -0.2280989 0.8776101 -0.1993882 -0.4359413 -0.8776112 0.1993871 -0.4359399 -0.4643409 0.4643405 -0.7541721 -0.603867 0.1103057 -0.7894159 -0.6704657 0.6704658 -0.3177288 0.6038656 0.1103081 -0.7894165 0.1943304 0.131264 -0.972114 0.6038659 -0.1103057 -0.7894167 0.1319234 0 -0.9912599 0.6821502 0 -0.7312121 -0.843114 -2.59295e-7 -0.5377349 -0.6038671 -0.1103064 -0.7894158 -0.8776115 -0.1993877 -0.4359389 -0.1943313 0.1312631 -0.9721139 -0.1319165 0 -0.9912609 -0.6821532 0 -0.7312093 -0.1943328 -0.1312627 -0.9721137 -0.6314389 -0.3179215 -0.7072559 -0.5420312 -0.2021996 -0.8156701 0.3081234 -0.6970615 0.6474298 0.2791224 -0.6145571 0.7378416 -0.9303668 0.287034 -0.2280986 -0.9471954 -2.17999e-7 -0.3206571 -0.9303666 -0.2870345 -0.2280996 -0.5151532 0.5151529 0.685007 -0.4656911 0.465692 0.7525043 -0.4545275 0.4545279 -0.7660348 -0.317921 0.6314368 -0.707258 -0.2021977 0.5420268 -0.8156734 0.2624442 0.5816581 -0.769933 0.52136 0.521359 -0.6755506 0.4645627 0.4645625 -0.7538987 -0.6064061 0.2694939 0.748094 -0.6935725 0.2950488 0.6571937 -0.9966627 0 0.08163022 -0.8986123 -0.4116261 0.151855 -0.9027862 -0.4207736 0.08903199 -0.8986124 0.4116258 0.1518553 -0.9897613 0 0.1427323 -0.6314337 0.3179253 -0.7072589 -0.5820419 0.5820379 -0.5678549 0.5816569 0.2624427 -0.7699344 0.6641058 0.306523 -0.6819143 -0.8688807 0.3971312 -0.2955222 -0.9173076 5.90761e-4 -0.3981788 -0.8170983 0.3644544 -0.4466806 -0.9656326 0 -0.2599111 -0.8688806 -0.3971315 -0.2955219 -0.8166285 -0.3651257 -0.4469914 -0.3971311 0.8688807 -0.2955221 -0.6311868 0.6314314 -0.4504419 -0.3651256 0.8166285 -0.4469915 -0.4207733 0.9027863 0.08903264 -0.6788848 0.6788844 -0.2796988 -0.9027862 0.4207737 0.08903211 -0.7367032 0.539447 -0.4077565 -0.6285098 0.6311964 -0.454496 -0.7362656 0.5010475 -0.4548234 -0.5327647 0.7435974 -0.4040108 -0.6316425 0.6398716 -0.4377124 -0.5019553 0.7353708 -0.4552699 -0.6371847 0.6522499 -0.4105675 -0.5375331 0.7459754 -0.3931653 -0.7400758 0.5554764 -0.3791224 -0.6054984 0.6356239 -0.4789093 -0.230584 0.8604915 -0.4542969 -0.4058911 0.7703959 -0.4916734 -0.2473728 0.8341722 -0.4929134 -0.199904 0.8961369 -0.3962033 -0.4030033 0.8160539 -0.4142999 -0.3976138 0.839415 -0.3705213 -0.5170614 0.7381843 -0.43328 -0.4156995 0.7454784 -0.5210144 -0.4876484 0.6976179 -0.5249079 -0.3721042 0.7905036 -0.4864593 -0.01821768 0.8732668 -0.4869019 0.1754065 0.8594701 -0.4801498 -0.01417416 0.8791132 -0.4764025 0.2260032 0.8770318 -0.4239553 0.006329774 0.9085853 -0.4176517 0.1967883 0.8780801 -0.4361764 0.005887508 0.9240446 -0.3822393 0.2098143 0.8933696 -0.3973273 0.1830999 0.867676 -0.4621827 -1.84555e-4 0.8942353 -0.4475972 -0.1921709 0.868394 -0.4571239 -0.1640558 0.9076705 -0.3862901 9.02897e-5 0.989626 -0.1436679 -0.1275122 0.9503014 -0.2840212 -0.1332485 0.9824342 -0.1306446 0.1201822 0.9512179 -0.2841495 -0.001353323 0.9594426 -0.2819013 -0.1294667 0.9830955 0.1294671 -4.0878e-7 1 2.12159e-7 -0.1441284 0.9895586 -9.56933e-4 0.1306446 0.9824341 0.1332491 9.56799e-4 0.9895586 0.1441284 0.1284527 0.9831225 -0.1302699 0.1261239 0.9491891 0.2883279 0.003136754 0.9212374 0.3889883 0.2054064 0.8968945 0.3916486 0.001638293 0.959702 0.2810149 -0.1234931 0.9522008 0.279398 -0.1668769 0.9052546 0.3907256 -0.2326407 0.7775778 0.584167 -0.02563792 0.8432771 0.5368672 -0.2141155 0.8403221 0.4980096 -0.03170984 0.7504588 0.6601561 0.1483262 0.8336863 0.531946 0.1640274 0.6780546 0.7164754 0.01018548 0.6609519 0.7503592 0.2345201 0.6029491 0.7625305 0.1466567 0.725928 0.6719526 -0.005071282 0.7042543 0.7099298 -0.1715524 0.7037158 0.6894592 -0.1833195 0.6387236 0.7472792 -0.02019637 0.3893314 0.9208764 -0.1999113 0.514988 0.8335604 -0.211817 0.4087075 0.8877454 0.1721361 0.5198964 0.8367061 -0.01232641 0.5392195 0.8420752 0.1178615 0.2701659 0.9555726 -5.08259e-4 0.1431481 0.9897012 0.1302694 0.1284527 0.9831225 0.1349774 0.366396 0.9206168 -0.002634346 0.2778931 0.9606084 -0.1207348 0.2835249 0.9513342 -0.1284527 0.1302692 0.9831225 -0.2491455 0.2501465 0.9356032 -0.2700324 0.1181918 0.9555696 -0.3280525 0.3212388 0.8883622 -0.3658568 0.1364169 0.920619 -0.1428501 -4.18324e-4 0.9897443 -0.2786201 -0.004413962 0.9603914 -0.3942034 -0.1683197 0.9034778 -0.28381 -0.1280074 0.9502979 -0.3855811 -0.01395708 0.9225685 -0.523095 -0.1972109 0.8291439 -0.5200967 0.1735229 0.836295 -0.5440111 -0.01147127 0.8389996 -0.6589016 0.008350491 0.7521828 -0.6323111 -0.1841408 0.7525124 -0.6778829 0.1647657 0.7164686 -0.6028824 0.2347416 0.7625151 -0.7253619 0.1491944 0.6720054 -0.7023007 -0.001630902 0.7118785 -0.7464659 -0.014256 0.6652711 -0.6964693 -0.1706671 0.6969959 -0.7490307 -0.1875917 0.635423 -0.8468497 -0.02003049 0.531455 -0.8344703 -0.1993544 0.5137289 -0.8347471 0.1488527 0.5301324 -0.9199506 -0.005107045 0.3920013 -0.8881129 -0.209792 0.4089536 -0.7557603 0.5696415 0.3230094 -0.8101339 0.39498 0.4332135 -0.7318746 0.4726489 0.4908794 -0.7513393 0.6336883 0.1841971 -0.815052 0.4673169 0.3424984 -0.9034778 0.3942036 0.1683196 -0.8770385 0.3570155 0.3214707 -0.8972185 0.2038241 0.3917331 -0.7908035 0.3102708 0.5276001 -0.7094964 0.3319262 0.621643 -0.829144 0.5230949 0.1972107 -0.9225687 0.3855803 0.01395678 -0.7517891 0.6593523 -0.008227407 -0.8389996 0.5440112 0.01147103 -0.8362954 0.5200963 -0.1735225 -0.9206187 0.3658575 -0.1364167 -0.7719991 0.5337408 -0.345164 -0.8185687 0.4158397 -0.396261 -0.7627286 0.6028704 -0.2340776 -0.7532553 0.498474 -0.4291042 -0.8223558 0.3836302 -0.4201889 -0.8020417 0.3696357 -0.4691469 -0.8699175 0.2021369 -0.4498714 -0.8924908 0.2092865 -0.399574 -0.8283667 0.452668 -0.3300005 -0.8883625 0.3280512 -0.3212393 -0.6568672 0.6417599 -0.3958151 -0.6976809 0.6492386 -0.3028706 -0.7165634 0.6780503 -0.1636611 -0.6239214 0.7116098 -0.3230071 -0.9251019 0.003716707 -0.3797009 -0.8473013 0.2099063 -0.487873 -0.89347 0.01464188 -0.4488843 -0.8669058 0.002840399 -0.4984642 -0.8700608 -0.1628016 -0.4652848 -0.9007108 -0.2042605 -0.3834027 -0.8602529 -0.2271932 -0.4564518 -0.8222028 -0.2326998 -0.5194549 -0.8498715 0.2334811 -0.4724459 -0.8809998 0.006219029 -0.4730758 -0.9095085 0.01606446 -0.415375 -0.8965759 -0.1974047 -0.3964632 -0.7647979 -0.4065096 -0.499834 -0.8160046 -0.4029951 -0.4144049 -0.8394147 -0.3976171 -0.3705182 -0.7460162 -0.5375431 -0.3930742 -0.6354468 -0.6051878 -0.4795363 -0.747325 -0.4997875 -0.4378558 -0.7345927 -0.4221134 -0.5312194 -0.6966163 -0.489422 -0.5245874 -0.7707716 -0.3770173 -0.5135849 -0.7435977 -0.5327643 -0.4040108 -0.8131614 -0.3690915 -0.4500446 -0.7353708 -0.5019553 -0.45527 -0.882926 -0.2103017 -0.4197796 -0.6522495 -0.6371849 -0.410568 -0.5554757 -0.7400763 -0.3791226 -0.6398711 -0.6316427 -0.4377128 -0.5394468 -0.7367032 -0.4077569 -0.8229434 -0.4579841 -0.3361765 -0.8256828 -0.3892932 -0.4082876 -0.751218 -0.5785573 -0.3177152 -0.8337861 -0.5188022 -0.1887993 -0.9035044 -0.3941741 -0.1682464 -0.877391 -0.3567418 -0.3208121 -0.8251672 -0.3216724 -0.4643554 -0.7508064 -0.6604521 0.009637475 -0.7493135 -0.6382493 -0.1765424 -0.8362956 -0.5200959 0.1735225 -0.8389998 -0.5440109 -0.01147085 -0.9225685 -0.3855811 -0.01395666 -0.6962741 -0.6962741 0.1743701 -0.6604521 -0.7508064 0.009637653 -0.6062989 -0.7596535 0.2352198 -0.7071003 -0.7071005 0.004247248 -0.6971592 -0.6972876 -0.1666108 -0.6324785 -0.7525131 -0.1835623 -0.3855805 -0.9225687 -0.01395708 -0.5231131 -0.8291561 -0.1971116 -0.3941824 -0.9034966 -0.1682683 -0.5200961 -0.8362955 0.1735229 -0.5440115 -0.8389994 -0.01147079 -0.920619 -0.3658569 0.136417 -0.9603914 -0.27862 -0.004413604 -0.9555696 -0.2700321 0.1181924 -0.9897444 -0.1428495 -4.18e-4 -0.9502977 -0.2838105 -0.1280077 -0.9831225 -0.1284525 0.1302695 -0.9356033 -0.2491447 0.2501469 -0.951102 -0.119287 0.2849135 -0.8883624 -0.3280514 0.3212391 -1 -2.21721e-7 0 -0.9824342 0.1306444 0.1332487 -0.9894693 6.03991e-4 0.1447419 -0.9831224 0.1284524 -0.1302699 -0.9894692 -6.04663e-4 -0.1447421 -0.9824341 -0.1306446 -0.1332485 -0.5693405 -0.7576956 -0.3189811 -0.6767418 -0.6771944 -0.2888396 -0.6446427 -0.6489195 -0.4041526 -0.4965697 -0.7509962 -0.4352281 -0.9264922 -0.2738337 -0.2581226 -0.9490376 -0.125159 -0.2892453 -0.951102 0.1192867 -0.2849137 -0.9592811 -0.001593887 -0.2824487 -0.9356037 0.2491432 -0.2501472 -0.9555693 0.2700331 -0.1181922 -0.7095335 0.7046569 0.004581272 -0.6883671 0.70489 0.1711167 -0.6601051 0.7505055 0.03167074 -0.6719381 0.7260623 -0.1460576 -0.584119 0.7776026 0.2326788 -0.5368661 0.8432779 0.02563804 -0.498009 0.8403224 0.2141154 -0.3889873 0.9212378 -0.003136813 -0.531921 0.8337508 -0.1480528 -0.9897443 0.1428501 4.1817e-4 -0.9502979 0.28381 0.1280074 -0.9603913 0.2786202 0.004414021 -0.6453682 0.633219 0.4272395 -0.6716799 0.6800958 0.2937956 -0.5465251 0.7669592 0.3362799 -0.4797472 0.735337 0.4786671 -0.6001969 0.5642576 0.5669014 -0.4106497 0.6380752 0.6513271 -0.640638 0.4223256 0.6412675 -0.4651709 0.4830051 0.741837 -0.7668241 -0.5363317 0.3526036 -0.8164718 -0.4158902 0.4005112 -0.7596536 -0.6062989 0.2352197 -0.7407127 -0.4675475 0.4824356 -0.8081829 -0.3791489 0.4506513 -0.748113 -0.3359867 0.5722236 -0.8283671 -0.4526676 0.3300004 -0.9490374 0.1251598 0.2892457 -0.959281 0.001593947 0.2824489 -0.531124 0.3542817 0.76967 -0.6498134 0.3085793 0.6946376 -0.5686555 -0.3234738 0.756304 -0.6810183 -0.2982596 0.6687716 -0.6418371 -0.4208588 0.6410328 -0.4732087 -0.4897117 0.7322951 -0.5672721 -0.5665772 0.597656 -0.4750424 -0.7424069 0.4724053 -0.6445066 -0.6443017 0.4116876 -0.4261072 -0.636141 0.6432396 -0.2634463 0.9280042 0.2634472 -0.3383362 0.8780989 0.3383359 -0.2793985 0.9522006 0.1234932 -0.390726 0.9052543 0.166877 0.2838106 0.9502977 0.1280078 0.1428497 0.9897444 4.18356e-4 0.3942038 0.9034777 0.1683196 0.2786204 0.9603912 0.004413425 0.3658568 0.9206189 -0.136417 0.2700328 0.9555695 -0.1181918 -0.2883275 0.9491894 -0.1261232 -0.3915019 0.8971102 -0.2047434 -0.2810152 0.9597019 -0.001638829 0.2491444 0.9356033 -0.2501469 0.3280518 0.8883625 -0.3212383 -0.2581228 0.9264923 -0.2738336 -0.3201683 0.8790704 -0.353168 -0.2111925 0.8824483 -0.4203366 0.2126499 0.8809836 -0.4226678 0.001593708 0.9214156 -0.3885753 2.28817e-4 0.9170404 -0.3987943 0.3743043 0.8048422 -0.4605708 0.5476356 0.7148745 -0.4347984 0.4224174 0.8046733 -0.4172106 0.5000419 0.7327975 -0.4614825 0.3645673 0.8164741 -0.4477285 0.8688805 0.3971315 -0.2955223 0.6314378 0.6311081 -0.4505429 0.816628 0.3651262 -0.4469916 0.9027863 0.4207733 0.08903264 0.6788846 0.6788846 -0.2796988 0.4207734 0.9027863 0.08903247 0.3971312 0.8688808 -0.2955216 0.6317725 0.6270249 -0.4557449 0.7428816 0.5310461 -0.4075745 0.6435982 0.6249708 -0.4418063 0.7353977 0.5019093 -0.4552772 0.676949 0.6232236 -0.391577 0.741092 0.5304507 -0.411588 0.6108825 0.6554619 -0.4440634 0.6945273 0.5289844 -0.4876551 0.8604906 0.2255051 -0.4568408 0.7718043 0.3969761 -0.4967173 0.8229619 0.2317095 -0.518695 0.8965379 0.1970811 -0.3967102 0.8163693 0.3990517 -0.4174913 0.8392183 0.396474 -0.3721844 0.7492133 0.4990819 -0.4354271 0.7391993 0.4210475 -0.5256456 0.7142525 0.4859127 -0.5037183 0.772292 0.3772593 -0.5111169 0.5003901 0.7537308 -0.426028 0.6440057 0.6059805 -0.4669523 0.5643303 0.6657825 -0.4881241 0.6482424 0.6525284 -0.3924139 0.9095084 -0.01606452 -0.4153752 0.8669059 -0.00284022 -0.4984639 0.8809999 -0.00621891 -0.4730757 0.8500425 -0.2329762 -0.4723875 0.8827755 -0.2593979 -0.3916889 0.8829262 0.2103021 -0.4197792 0.9173079 -5.90949e-4 -0.3981783 0.9223334 -0.003257215 -0.3863813 0.8853633 -0.2150595 -0.4121666 0.8170986 -0.3644545 -0.44668 0.8121945 -0.3755469 -0.4464356 0.7363207 -0.500961 -0.4548296 0.8288699 -0.4274237 -0.3609485 0.7373644 -0.5379892 -0.4084867 0.7862609 -0.4410295 -0.4327667 0.8473577 -0.2098178 -0.4878129 0.7829982 -0.3802954 -0.4922291 0.7517729 -0.5019021 -0.4277055 0.7056522 -0.4992656 -0.5027812 0.62116 -0.6204955 -0.4786915 0.7822548 -0.493813 -0.3797714 0.73462 -0.5649505 -0.3757187 0.6151844 -0.6273891 -0.4774214 0.5048581 -0.7016038 -0.5028622 0.6491055 -0.6477581 -0.3988377 0.4970095 -0.7510585 -0.434618 0.7698834 -0.5371243 -0.3446405 0.7614127 -0.6043454 -0.2345578 0.6855624 -0.6657506 -0.2945852 0.7038701 -0.6894245 -0.1710577 0.57155 -0.7561629 -0.3186668 0.7514212 -0.6597653 -0.008720993 0.7511654 -0.633877 0.1842565 0.7071069 -0.7071067 0 0.689419 -0.7038067 0.1713406 0.6597653 -0.7514212 0.008721053 0.6338645 -0.7512451 -0.183975 0.7547587 -0.570842 0.3232321 0.6415935 -0.6390134 0.4242873 0.6649504 -0.6850154 0.297649 0.5342651 -0.7678129 0.3535877 0.6043382 -0.7612203 0.2352001 0.4674179 -0.7410606 0.4820268 0.6002343 -0.5676805 0.5634338 0.4106672 -0.6515241 0.6378627 0.6441913 -0.4254954 0.6355874 0.7320953 -0.4736796 0.489555 0.4775381 -0.4795579 0.736194 0.5200962 -0.8362953 0.1735228 0.3855808 -0.9225686 -0.01395684 0.5440112 -0.8389996 -0.01147121 0.5231132 -0.8291562 -0.197111 0.6356874 -0.635688 -0.4379525 0.5649503 -0.73462 -0.3757191 0.5379894 -0.7373643 -0.4084866 0.9966627 0 0.0816304 0.8688806 -0.3971312 -0.295522 0.9027861 -0.4207737 0.08903259 0.9656326 0 -0.259911 0.8131619 0.3690913 -0.4500438 0.4039817 0.7887259 -0.4633686 0.5033752 0.737365 -0.4504514 0.3131866 0.8142443 -0.488795 0.3627035 0.8261772 -0.4311353 -0.6160147 0.6180459 -0.488411 -0.6974993 0.500912 -0.5124275 -0.369091 0.8131614 -0.4500448 0 0.9966627 0.08162999 0 0.9656325 -0.2599115 -0.8827946 0.259742 -0.3914178 -0.8121941 0.3755471 -0.446436 -0.8853633 0.2150597 -0.4121667 -0.8290291 0.4275114 -0.3604785 -0.9223334 0.003256738 -0.3863812 -0.6695472 0 0.7427696 -0.6935742 -0.2950484 0.6571919 -0.6064082 -0.2694932 0.7480926 0.4545288 -0.4545276 -0.7660341 0.3179231 -0.6314363 -0.7072575 0.2022007 -0.5420269 -0.8156726 -0.5816588 -0.2624424 -0.7699332 -0.5213614 -0.5213582 -0.6755501 -0.664107 -0.3065232 -0.6819131 -0.7759842 1.54286e-7 0.6307525 0.4643411 -0.4643394 -0.7541727 0.6704654 -0.670466 -0.3177287 -0.4643406 -0.464339 -0.7541731 -0.6704667 -0.6704648 -0.3177287 0.6314356 -0.3179233 -0.707258 0.5820378 -0.5820425 -0.5678545 -0.2624411 -0.5816592 -0.7699333 -0.4645636 -0.4645619 -0.7538985 -0.4797624 1.09317e-6 -0.8773984 -0.4512042 -1.81274e-7 -0.8924207 1.03703e-6 -0.61986 -0.7847125 0.3065232 -0.6641067 -0.6819134 7.34342e-7 -0.7225878 -0.6912792 -0.5420234 0.2021998 -0.8156751 -0.3065212 -0.664108 -0.681913 0.5420244 -0.2022003 -0.8156744 0.4797605 0 -0.8773995 0.6198614 1.97226e-7 -0.7847114 0.7225885 -1.81768e-7 -0.6912785 0.6312294 -0.6312291 -0.4506654 0.6293084 -0.6293085 -0.4560063 0.5009616 -0.7363206 -0.4548292 0.4207733 -0.9027862 0.08903312 0.6788848 -0.6788844 -0.2796991 0.7033433 -0.7033436 0.1030344 0.4274239 -0.8288698 -0.3609485 0.3755482 -0.8121949 -0.4464339 -0.3755471 -0.8121944 -0.4464358 -0.5010476 -0.7362656 -0.4548233 -0.4275111 -0.8290293 -0.3604783 -0.4443745 -0.7840128 -0.4334229 -0.3674589 -0.7851703 -0.4984793 -0.3852536 -0.7702129 -0.5082833 -0.5077048 -0.6934188 -0.5112791 -0.4952712 -0.7820423 -0.3783069 0.3958094 -0.8230928 -0.4072511 0.4673185 -0.8156015 -0.3411856 0.394183 -0.9034964 -0.1682684 0.3568074 -0.8773626 -0.3208168 0.3183094 -0.8297294 -0.4585067 0.3673644 -0.7853812 -0.4982168 -0.3568077 -0.8773626 -0.3208166 -0.3958097 -0.8230926 -0.4072508 -0.4673185 -0.8156014 -0.3411859 -0.3183099 -0.8297291 -0.4585068 0.2838099 -0.9502978 -0.1280076 0.2738333 -0.9264922 -0.2581231 -0.2738337 -0.9264922 -0.2581225 -0.2838103 -0.9502978 -0.1280072 0.2786201 -0.9603912 -0.004413247 0.3658571 -0.9206188 0.1364171 0.2700321 -0.9555696 0.1181924 -0.2700322 -0.9555696 0.1181922 -0.3658571 -0.9206188 0.1364169 -0.2786201 -0.9603914 -0.004413962 -0.3280513 -0.8883626 0.3212388 -0.249144 -0.9356034 0.2501472 0.4158906 -0.8164716 0.4005112 0.3791491 -0.8081826 0.4506517 0.3354097 -0.747697 0.5731052 0.4526684 -0.8283663 0.3300011 0.3280516 -0.8883624 0.3212389 -0.379149 -0.8081828 0.4506516 -0.4158903 -0.8164718 0.4005112 -0.3304311 -0.7552543 0.5660444 -0.5363317 -0.766824 0.3526037 -0.4526684 -0.8283667 0.3299999 0.299975 -0.6767128 0.6723651 0.3361252 -0.5462902 0.7671943 -0.3013691 -0.6896656 0.6584361 -0.3320222 -0.6195375 0.7112908 -0.3570156 -0.3214707 0.8770385 -0.2738332 -0.2581223 0.9264925 0 0 1 0.4088909 0.2108858 0.8878827 0.4506516 0.379149 0.8081828 0.4005111 0.4158904 0.8164718 0.5721717 0.3359166 0.7481842 0.3542818 0.5311239 0.76967 0.3299999 0.4526684 0.8283667 0.3212387 0.3280516 0.8883625 0.8291438 -0.5230953 0.1972106 0.8390001 -0.5440104 0.01147079 0.8362954 -0.5200963 -0.1735224 0.8934697 -0.01464164 -0.4488848 0.8699172 -0.202137 -0.449872 0.8700609 0.162801 -0.4652848 1 2.0678e-7 0 0.9831225 0.1284526 0.1302695 0.3855805 0.9225686 0.01395642 0.5200962 0.8362953 -0.173523 0.5230949 0.8291441 0.1972104 0.5440112 0.8389995 0.01147121 0.8164716 0.4158903 0.4005114 0.8081828 0.379149 0.4506513 0.7481842 0.3359168 0.5721718 0.8283669 0.4526677 0.3300004 0.8883627 0.3280509 0.321239 0.3949806 0.8101338 0.4332132 0.4673168 0.8150522 0.3424981 0.3570151 0.8770387 0.3214705 0.3102709 0.7908035 0.5276001 0.3319266 0.7094962 0.621643 0.6652635 0.6861978 -0.2942059 0.537009 0.770277 -0.3439401 0.7498371 0.580691 -0.3170841 0.6735472 0.3044143 0.6735474 0.9356035 0.2491442 0.2501469 0.8229435 0.4579845 -0.3361763 0.8256828 0.3892936 -0.4082875 0.825167 0.321673 -0.4643555 0.6562011 -0.3046866 0.6903377 0.7107874 -0.3314241 0.6204348 0.5430327 -0.3372438 0.7690137 0.8101337 -0.3949807 0.4332134 0.8150522 -0.4673166 0.3424985 0.7908034 -0.3102713 0.5276002 0.818569 -0.4158392 -0.396261 0.8223557 -0.3836304 -0.420189 0.8022095 -0.3696837 -0.4688218 0.8283664 -0.4526685 -0.3300006 0.3085797 0.6498134 0.6946374 0.2738337 0.9264922 0.258123 0.416037 0.8193832 -0.394366 0.3844963 0.8290142 -0.4060764 0.4526691 0.8283663 -0.3299999 0.2501461 0.2491451 0.9356034 0.4030581 -0.403058 0.8216376 0.38801 -0.3880103 0.8360002 0.4139658 -0.4139649 0.8107193 0.2491442 -0.9356034 0.250147 -0.3354097 0.5731052 0.747697 -0.2999753 0.6723647 0.6767131 -0.3361254 0.767194 0.5462903 -0.4030581 0.8216381 0.4030573 -0.3880103 0.8360007 0.3880088 -0.4139648 0.8107194 0.4139651 -0.4369126 0.8157376 -0.3790507 -0.3411806 0.8367558 -0.4282938 -0.5284862 0.7911288 -0.3079249 -0.3791491 0.4506516 0.8081825 -0.4158908 0.4005114 0.8164715 -0.4526684 0.3300008 0.8283663 -0.9264922 0.2738339 0.2581225 -0.3949806 -0.4332132 0.8101338 -0.4673169 -0.3424983 0.8150521 -0.3102709 -0.5275999 0.7908036 -0.6741226 -0.6741227 0.3018566 -0.6138895 -0.6258967 -0.4810335 0.54202 0.2022014 -0.8156771 0.4512043 0 -0.8924208 0.898612 0.4116263 0.1518562 0.9897613 2.38273e-7 0.142733 0.8986119 -0.4116266 0.1518564 0.6641091 -0.3065223 -0.6819115 0.5816605 -0.2624421 -0.7699321 0.4545298 0.4545279 -0.7660334 0.3179269 0.6314341 -0.7072578 0.5820417 0.5820418 -0.567851 0.5213599 -0.5213606 -0.6755494 0.4645619 -0.464564 -0.7538983 0.6314325 0.3179233 -0.7072607 0.2624431 -0.5816584 -0.7699332 0.6979038 0.6979044 0.16081 0.4116262 0.8986122 0.1518557 0.7033432 0.7033437 0.1030342 -1.63038e-6 0.4797619 -0.8773987 -1.2236e-6 0.4512047 -0.8924205 -9.56875e-7 0.6757031 0.7371739 -0.2594122 0.6947766 0.6708136 -0.2518008 0.5909606 0.7663955 0.2022008 0.5420256 -0.8156735 0.25941 0.6947774 0.6708136 -4.94471e-7 0.7928453 0.609423 -0.2021995 -0.5420264 -0.8156733 0 -0.4797667 -0.8773962 0.2518013 0.5909603 0.7663956 0.4716947 0.4716962 0.7449879 0.4643412 0.4643406 -0.7541717 0.4410232 -0.7854982 -0.4341558 0.3846305 -0.7713671 -0.5070032 0.4938139 -0.7822539 -0.379772 -1.98704e-7 -0.4512069 -0.8924193 0.697904 -0.6979041 0.1608103 0.5909622 0.2517992 0.7663947 0.4248362 0.4248351 0.7993931 0.7023564 -0.7023569 -0.1157165 0.7177734 -0.2740134 0.6400922 0.4815956 -0.4816015 0.7322061 0.8305739 -0.2390891 0.5029747 0.6757017 0 0.7371752 0.6947773 -0.2594107 0.6708135 0.7928434 -1.32843e-7 0.6094256 -0.4116261 0.8986123 0.1518558 0 0.9897614 0.1427324 0.2740182 -0.7177702 0.6400938 0.4520158 -0.4520193 0.7689996 0.6947775 0.2594119 0.6708128 -0.7177755 0.2740146 0.6400895 -0.4816021 0.481596 0.7322055 -0.8305774 0.239091 0.5029678 -0.2517989 -0.5909608 0.7663959 -0.4716933 -0.4716989 0.744987 -0.2594123 -0.6947761 0.670814 -0.2740178 0.7177709 0.6400932 -0.4520196 0.4520183 0.7689979 -0.5909605 -0.2518002 0.7663958 -0.4248374 -0.4248352 0.7993924 -0.7847955 0.4443268 -0.4320531 -0.7820094 0.3807542 -0.4934447 -0.7820422 0.4952712 -0.3783074 -0.8345085 1.20736e-7 0.5509952 -0.8305765 -0.2390914 0.5029694 -0.717774 -0.2740135 0.6400915 -0.6979043 0.697904 0.1608095 0.2517985 -0.5909608 0.7663961 0.4716966 -0.4716956 0.744987 0.4248372 -0.4248356 0.7993924 -0.7023565 0.7023566 -0.1157175 -0.9187602 1.43186e-6 0.3948163 0.59096 -0.2518002 0.7663961 -0.6314314 -0.6311865 -0.4504421 -0.6311965 -0.6285099 -0.4544957 -0.6788848 -0.6788842 -0.2796992 -0.7033438 -0.7033432 0.1030337 -0.6979044 -0.6979039 0.1608095 0.71777 0.2740153 0.6400952 0.4815941 0.4816002 0.7322079 0.4520162 0.4520169 0.7690008 -0.4716952 0.4716967 0.7449873 -0.4248363 0.4248359 0.7993927 0.2740139 0.7177741 0.6400912 0.2390919 0.8305764 0.5029691 -0.5909602 0.2518002 0.766396 -0.6947769 0.2594109 0.6708137 -0.7023568 -0.7023565 -0.1157167 0.0109061 1.33445e-6 -0.9999405 -0.03363132 -0.03362971 -0.9988684 -0.03363132 0.03362929 -0.9988684 -7.95818e-7 -0.01090484 -0.9999406 0.03363168 0.03363198 -0.9988684 -0.5816588 0.2624425 -0.7699332 -0.9997878 0 -0.02060383 -0.6198614 0 -0.7847114 -0.9123799 -0.4090817 -0.01467543 -0.4645649 0.4645616 -0.753898 -0.9123795 0.4090822 -0.01467537 -0.4090827 0.9123795 -0.01467573 -0.7070809 0.7070805 -0.008590221 -0.262443 0.5816584 -0.7699334 0 0.9997878 -0.02060407 7.71806e-7 0.6198618 -0.784711 0.4090824 -0.9123795 -0.01467579 0.7070804 -0.7070811 -0.008590161 0.9123797 -0.4090821 -0.01467537 0.9997878 0 -0.02060383 0.9123797 0.4090821 -0.01467543 1.74971e-7 -0.9997878 -0.02060371 -0.4090825 -0.9123795 -0.01467466 -0.7070806 -0.7070809 -0.0085904 0.7070807 0.7070807 -0.008589923 0.4090824 0.9123795 -0.01467466 -0.2791221 -0.6145573 0.7378416 -0.614557 0.279122 0.7378418 0.6145574 -0.2791225 0.7378413 0.2791233 0.614557 0.7378414 0.4776815 -0.4776819 0.7373197 -7.9646e-7 0.6750968 0.7377292 -0.4776824 0.4776833 0.7373183 -0.279123 0.6145572 0.7378414 -0.4776813 -0.4776833 0.737319 0.2694944 0.6064082 0.7480922 -0.2694929 -0.6064085 0.7480925 -0.4656918 -0.4656925 0.7525036 0.4656917 0.4656918 0.7525042 0.2636887 -0.5942328 -0.7598392 0 -0.9999628 -0.008626639 0.4014233 -0.9158799 0.004819869 -0.2636915 -0.5942322 -0.7598388 -7.67508e-7 -0.6302443 -0.7763969 -0.5942302 0.2636923 -0.7598402 -0.9999629 0 -0.008626818 -0.6302455 0 -0.776396 -0.59423 -0.2636922 -0.7598402 -0.9158801 -0.4014232 0.004819512 -0.474025 0.4740223 -0.7420263 -0.9158801 0.4014232 0.004819512 -0.4014232 0.91588 0.004819333 -0.7069839 0.7069852 0.01858943 0.4740259 -0.4740225 -0.7420258 0.91588 -0.4014233 0.004819512 0.5942282 -0.2636926 -0.7598416 0.7069834 -0.7069858 0.01858961 -0.4740236 -0.474023 -0.7420269 -0.7069837 -0.7069855 0.01858979 -0.4014235 -0.91588 0.004819154 0.59423 0.2636927 -0.7598402 0.9999628 0 -0.008626222 0.9158801 0.4014232 0.004819869 0.6302459 0 -0.7763956 0.4740213 0.4740236 -0.7420279 0.7069847 0.7069845 0.01858967 0.4014233 0.91588 0.004819869 0.2636913 0.5942329 -0.7598384 -2.8152e-7 0.9999629 -0.008626878 7.65292e-7 0.6302443 -0.7763969 -0.2636916 0.5942327 -0.7598384 -0.2639507 -0.6222447 -0.7369815 -4.46472e-7 -0.9958439 -0.09107732 1.39373e-6 -0.6298533 -0.7767141 0.2639522 -0.6222445 -0.736981 0.3770688 -0.9248552 -0.04961884 -0.5042238 -0.5042181 -0.7010866 -0.3770691 -0.9248551 -0.04961907 -0.9248548 -0.3770699 -0.04961878 -0.7070853 -0.7070837 -0.007949948 0.6222455 0.2639508 -0.7369807 0.9958438 0 -0.09107738 0.9248547 0.37707 -0.04961812 0.6222475 -0.2639507 -0.736979 0.6298632 0 -0.7767061 0.2639517 0.6222446 -0.7369812 0 0.9958439 -0.09107768 -8.63077e-7 0.6298532 -0.7767142 -0.2639541 0.6222441 -0.7369807 -0.3770692 0.924855 -0.04961943 0.5042215 0.504219 -0.7010877 0.3770689 0.9248551 -0.04961872 0.7070856 0.7070834 -0.007949829 -0.6222508 0.2639498 -0.7369766 -0.9958438 -2.20783e-7 -0.09107828 -0.6298476 -1.66009e-7 -0.7767187 -0.6222486 -0.2639498 -0.7369785 -0.5042198 0.5042195 -0.7010885 -0.7070842 0.7070847 -0.007949411 -0.9248546 0.3770701 -0.04961901 0.5042176 -0.5042202 -0.7010896 0.7070844 -0.7070846 -0.007949113 0.9248548 -0.3770697 -0.04961818 0 -0.6757029 0.7371741 -0.6757035 0 0.7371736 -2.96622e-7 -0.8345086 0.5509951 -0.2740158 -0.7177706 0.6400944 -0.4520213 -0.4520166 0.768998 0.8345094 0 0.5509938 5.54488e-7 0.8345105 0.550992 -4.86823e-7 -0.9471957 -0.3206562 0.9471958 0 -0.3206558 0.2594105 -0.694776 0.6708148 1.15608e-6 -0.7012181 -0.7129468 0.3311512 -0.6958998 -0.6372303 0.2950498 -0.6935727 0.6571929 0 -0.7232887 -0.6905459 0.3107929 -0.6732225 -0.6709541 -0.3107952 -0.6732203 -0.6709552 -0.3311517 -0.6958987 -0.6372312 0.2390967 -0.8305723 0.5029737 -0.239093 -0.8305735 0.5029733 -0.2390938 0.8305745 0.5029715 2.67081e-7 0.9187619 0.3948121 0.830572 0.23909 0.5029774 -0.72329 0 -0.6905444 -0.6732186 -0.3107957 -0.6709566 -0.7012147 0 -0.7129502 -0.7928466 0 0.6094214 -0.6947775 -0.2594104 0.6708134 -0.6959051 -0.3311449 -0.6372277 -0.7225887 0 -0.6912782 -0.6959062 0.3311448 -0.6372267 -0.5757482 0.5757517 -0.5805378 -0.673219 0.310796 -0.6709561 -0.5334339 0.5334296 -0.6564307 -0.3107953 0.6732218 -0.6709535 -0.331152 0.6958991 -0.6372305 0.6959033 -0.3311454 -0.6372295 0.5757466 -0.575752 -0.5805391 0.6732183 -0.3107951 -0.6709572 0.5334331 -0.5334293 -0.6564315 -0.515154 -0.5151525 0.6850069 -0.5334334 -0.5334301 -0.6564307 -0.5757485 -0.5757533 -0.580536 0.7012254 0 -0.7129396 0.6959007 0.3311486 -0.6372306 0.7232901 6.18132e-7 -0.6905443 0.6732204 0.3107959 -0.6709548 0.3065238 0.6641069 -0.681913 0.3081242 0.6970612 0.6474297 0.5151532 0.5151543 0.6850062 0.310795 0.673222 -0.6709536 0.5334298 0.5334312 -0.6564327 0.5757508 0.5757496 -0.5805374 0.3311474 0.6959015 -0.6372303 0.5259021 -0.5259027 0.668471 5.20537e-7 0.7225897 -0.6912772 -6.34656e-7 0.7791827 0.6267969 -0.3081242 0.6970614 0.6474296 -0.3065226 0.6641069 -0.6819136 -4.00208e-7 0.7232882 -0.6905463 -6.92971e-7 0.701219 -0.712946 -0.6641067 0.3065231 -0.6819135 -0.5259028 0.525903 0.6684702 -0.5213624 0.5213586 -0.675549 -0.5259026 -0.5259034 0.66847 -0.4816012 -0.4815977 0.7322048 0 -0.9187597 0.3948174 0 -0.792846 0.609422 0.9187628 0 0.39481 -0.7033439 0.7033431 0.1030333 0.6697039 -0.6697045 -0.3209247</float_array>
          <technique_common>
            <accessor source="#Mesh-mesh-normals-array" count="1074" stride="3">
              <param name="X" type="float"/>
              <param name="Y" type="float"/>
              <param name="Z" type="float"/>
            </accessor>
          </technique_common>
        </source>
        <source id="Mesh-mesh-map-0">
          <float_array id="Mesh-mesh-map-0-array" count="12864">0.6297137 0.3733085 0.6553948 0.3824662 0.6424134 0.3891331 0.672067 0.3855215 0.6521762 0.3684672 0.6807672 0.366066 0.390209 0.7036772 0.4018035 0.7225478 0.384723 0.7190001 0.6521762 0.3684672 0.6738625 0.3393623 0.6807672 0.366066 0.6521762 0.3684672 0.6183496 0.3511845 0.6463598 0.3440659 0.6463598 0.3440659 0.6060202 0.3222249 0.6401993 0.314047 0.6738625 0.3393623 0.6401993 0.314047 0.6693167 0.3095901 0.6693167 0.3095901 0.6358653 0.2819412 0.6655916 0.2778342 0.6401993 0.314047 0.6063228 0.2858929 0.6358653 0.2819412 0.6358653 0.2819412 0.6034744 0.2533958 0.6324228 0.2490818 0.6655916 0.2778342 0.6324228 0.2490818 0.6675154 0.2401316 0.6063228 0.2858929 0.5850193 0.2561902 0.6034744 0.2533958 0.6063228 0.2858929 0.5894688 0.3161088 0.5893843 0.2872601 0.5894688 0.3161088 0.5769932 0.288373 0.5893843 0.2872601 0.5850193 0.2561902 0.5769932 0.288373 0.5712336 0.2589001 0.5783765 0.3166458 0.559598 0.2896623 0.5769932 0.288373 0.5628655 0.3172972 0.5390004 0.2906212 0.559598 0.2896623 0.5390004 0.2906212 0.5549643 0.261556 0.559598 0.2896623 0.559598 0.2896623 0.5712336 0.2589001 0.5769932 0.288373 0.5549643 0.261556 0.5616989 0.2327319 0.5712336 0.2589001 0.5358145 0.2611692 0.5507091 0.2411268 0.5549643 0.261556 0.5450825 0.2120027 0.5507091 0.2411268 0.5362142 0.2348883 0.2611553 0.6500511 0.2357901 0.6307314 0.2628853 0.6257643 0.2611553 0.6500511 0.2402611 0.6799214 0.2386789 0.652507 0.2402611 0.6799214 0.214666 0.6588719 0.2386789 0.652507 0.2357901 0.6307314 0.214666 0.6588719 0.2052357 0.6412792 0.2153728 0.684273 0.1968707 0.6675276 0.214666 0.6588719 0.1861972 0.6635541 0.1919289 0.687567 0.1738476 0.6878214 0.2052357 0.6412792 0.1968707 0.6675276 0.1861972 0.6635541 0.2135963 0.7127304 0.1919289 0.687567 0.2153728 0.684273 0.2135963 0.7127304 0.1874748 0.7406919 0.1883128 0.7147014 0.1883128 0.7147014 0.1682605 0.7425459 0.1679034 0.7155118 0.1883128 0.7147014 0.1738476 0.6878214 0.1919289 0.687567 0.1874748 0.7406919 0.1753135 0.7646412 0.1682605 0.7425459 0.2108646 0.7398324 0.1890199 0.7582086 0.1874748 0.7406919 0.5241485 0.6328197 0.5493113 0.6259002 0.5379785 0.6441486 0.2356395 0.7368788 0.2061172 0.7621646 0.2108646 0.7398324 0.2356395 0.7368788 0.2528904 0.7534946 0.2299304 0.7604191 0.5105524 0.693028 0.5085572 0.6651683 0.5238636 0.6691485 0.5379785 0.6441486 0.5085572 0.6651683 0.5241485 0.6328197 0.4822111 0.6881214 0.5085572 0.6651683 0.4929609 0.6951367 0.4665702 0.6814929 0.4976342 0.661955 0.4822111 0.6881214 0.483082 0.655758 0.5096088 0.6345829 0.4976342 0.661955 0.5085572 0.6651683 0.5096088 0.6345829 0.5241485 0.6328197 0.4961784 0.6278316 0.457979 0.6443364 0.4725743 0.6154693 0.483082 0.655758 0.4420089 0.6707238 0.457979 0.6443364 0.457979 0.6443364 0.417112 0.6592797 0.4321864 0.6321612 0.4725743 0.6154693 0.4321864 0.6321612 0.4441609 0.5959226 0.417112 0.6592797 0.4164417 0.6251009 0.4321864 0.6321612 0.4000446 0.6512179 0.4039236 0.6185989 0.4164417 0.6251009 0.4039236 0.6185989 0.4256984 0.593851 0.4164417 0.6251009 0.4321864 0.6321612 0.4256984 0.593851 0.4441609 0.5959226 0.4143639 0.5899178 0.3858847 0.6073062 0.3980583 0.5819492 0.4039236 0.6185989 0.370616 0.6301782 0.3858847 0.6073062 0.370616 0.6301782 0.363081 0.5925136 0.3858847 0.6073062 0.3980583 0.5819492 0.363081 0.5925136 0.3775774 0.5672562 0.4148128 0.5595747 0.3911706 0.5454583 0.4034333 0.5320079 0.3980583 0.5819492 0.4148128 0.5595747 0.4143639 0.5899178 0.3775774 0.5672562 0.4039955 0.5616554 0.3980583 0.5819492 0.3839635 0.5103039 0.3490648 0.5138258 0.3585914 0.4918194 0.4034333 0.5320079 0.3709519 0.5277183 0.3839635 0.5103039 0.3911706 0.5454583 0.3551613 0.5505546 0.3709519 0.5277183 0.3490648 0.5138258 0.3551613 0.5505546 0.333743 0.5351079 0.4291548 0.5164204 0.3934383 0.500004 0.405389 0.4888951 0.4125863 0.5243836 0.3839635 0.5103039 0.3934383 0.500004 0.3839635 0.5103039 0.3732115 0.4821814 0.3934383 0.500004 0.405389 0.4888951 0.3732115 0.4821814 0.3835606 0.4711685 0.4450489 0.4531291 0.4013845 0.454203 0.4205546 0.4377043 0.468658 0.4729833 0.4252208 0.4704815 0.4450489 0.4531291 0.4491859 0.4904271 0.405389 0.4888951 0.4252208 0.4704815 0.4252208 0.4704815 0.3835606 0.4711685 0.4013845 0.454203 0.4817672 0.4635083 0.4661886 0.4384386 0.4952268 0.4595913 0.468658 0.4729833 0.4569806 0.4437462 0.4817672 0.4635083 0.4569806 0.4437462 0.4205546 0.4377043 0.4330744 0.427797 0.2059718 0.3804575 0.1737457 0.3800801 0.1802659 0.3659387 0.2291386 0.3382392 0.1960416 0.3529862 0.2067939 0.3299745 0.2291386 0.3382392 0.2381313 0.3670826 0.2168467 0.3626586 0.2381313 0.3670826 0.2059718 0.3804575 0.2168467 0.3626586 0.1960416 0.3529862 0.2059718 0.3804575 0.1802659 0.3659387 0.2684498 0.2881928 0.240083 0.3098984 0.248328 0.280664 0.2497313 0.3443549 0.240083 0.3098984 0.2607423 0.3168227 0.240083 0.3098984 0.2067939 0.3299745 0.2167243 0.3020805 0.240083 0.3098984 0.2255123 0.2738124 0.248328 0.280664 0.01787847 0.6341245 0.007691264 0.6020877 0.03153789 0.6147962 0.2728268 0.2625539 0.248328 0.280664 0.2531486 0.253556 0.248328 0.280664 0.2307018 0.2484457 0.2531486 0.253556 0.2551996 0.2319662 0.2307018 0.2484457 0.2263746 0.2242957 0.2554362 0.2031158 0.2321773 0.2099306 0.2305904 0.195393 0.02086889 0.5743419 0.03368169 0.5975854 0.0133056 0.5887834 0.03368169 0.5975854 0.007691264 0.6020877 0.0133056 0.5887834 0.2321773 0.2099306 0.2551996 0.2319662 0.2263746 0.2242957 0.05549252 0.5616357 0.048684 0.5190543 0.07257932 0.5322187 0.04193395 0.5842385 0.03382998 0.5497536 0.05549252 0.5616357 0.254576 0.1774543 0.2305904 0.195393 0.2282887 0.1709948 0.2546096 0.1455129 0.2282887 0.1709948 0.2256383 0.1386847 0.0787062 0.5008997 0.06973814 0.4678061 0.09597772 0.4806335 0.0787062 0.5008997 0.048684 0.5190543 0.06072676 0.4898843 0.2546096 0.1455129 0.2339425 0.1104156 0.2563688 0.1153148 0.2577866 0.09246623 0.2339425 0.1104156 0.2269385 0.08484017 0.2616539 0.06720125 0.2303722 0.07035851 0.2336454 0.05783951 0.07703942 0.4431981 0.09997415 0.4647831 0.07431781 0.4555487 0.09997415 0.4647831 0.06973814 0.4678061 0.07431781 0.4555487 0.2303722 0.07035851 0.2577866 0.09246623 0.2269385 0.08484017 0.8291242 0.3629928 0.8567339 0.3813981 0.8264804 0.367012 0.8243445 0.4253342 0.8144853 0.3891331 0.8243445 0.3920379 0.2616539 0.06720125 0.239591 0.04410707 0.2694036 0.05407238 0.04072058 0.7865509 0.07299268 0.769217 0.07365334 0.7740858 0.8104529 0.2293445 0.8316025 0.2015087 0.8338491 0.2057216 0.0170952 0.8096696 4.8089e-4 0.8410932 0.01350152 0.8067887 0.8104529 0.2293445 0.7938306 0.2608863 0.8068489 0.226491 0.0170952 0.8096696 0.0385183 0.7822909 0.04072058 0.7865509 0.4802995 0.7676506 0.5129507 0.7475925 0.5032275 0.7758857 0.7981045 0.2619123 0.7934506 0.3012648 0.7938306 0.2608863 0.1545155 0.922661 0.1329734 0.9500328 0.1308882 0.9457796 0.9116056 0.9283823 0.888782 0.9027827 0.9116502 0.8944348 0.7430776 0.9283964 0.7541983 0.908141 0.7563847 0.9335728 0.5129507 0.7475925 0.5234575 0.7851756 0.5032275 0.7758857 0.5433375 0.7332897 0.5129507 0.7475925 0.5236639 0.7225477 0.7541612 0.8662388 0.7430042 0.8455013 0.7563024 0.8405688 0.7577618 0.8873374 0.7434765 0.8869903 0.7541612 0.8662388 0.802755 0.9151627 0.7747538 0.8871862 0.8025069 0.8874098 0.802755 0.9151627 0.7818184 0.9357367 0.7753533 0.9145874 0.7753533 0.9145874 0.7563847 0.9335728 0.7541983 0.908141 0.7747538 0.8871862 0.7541983 0.908141 0.7577618 0.8873374 0.192511 0.8044742 0.1724131 0.7784697 0.191646 0.770718 0.1736104 0.846455 0.192511 0.8044742 0.1928768 0.8406062 0.8512918 0.908141 0.8629306 0.9283964 0.8493887 0.9335728 0.8473965 0.8873374 0.8623754 0.8869903 0.8512918 0.908141 0.8628572 0.8455013 0.8512547 0.8662388 0.8493064 0.8405688 0.8085641 0.3367809 0.7934506 0.3012648 0.7977132 0.3004323 0.1545155 0.922661 0.1710108 0.8912305 0.1579159 0.9255308 0.216645 0.8340858 0.192511 0.8044742 0.2166967 0.7989035 0.2155077 0.769516 0.192511 0.8044742 0.191646 0.770718 0.9286661 0.2065125 0.9010027 0.1881045 0.9311409 0.2024849 0.7796708 0.6402721 0.7551207 0.6628294 0.7767402 0.6363151 0.2151422 0.8657857 0.1895313 0.8837787 0.1922304 0.8640618 0.2151422 0.8657857 0.1928768 0.8406062 0.216645 0.8340858 0.4991807 0.8900246 0.5129507 0.8540483 0.5236638 0.8859558 0.03492867 0.944816 0.06237876 0.9631114 0.03224265 0.9488133 0.9286661 0.2065125 0.9529445 0.2301545 0.9492251 0.2327244 0.5129507 0.8540483 0.4802995 0.8286563 0.5032275 0.8195328 0.8460363 0.8127575 0.8608435 0.8290215 0.8443619 0.8270224 0.8771206 0.8438143 0.8608435 0.8290215 0.8690432 0.8208145 0.8493064 0.8405688 0.8608435 0.8290215 0.8628572 0.8455013 0.844468 0.9468753 0.8237207 0.9357367 0.8493887 0.9335728 0.5129507 0.8540483 0.5433375 0.8757602 0.5236638 0.8859558 0.5234575 0.8111457 0.5129507 0.8540483 0.5032275 0.8195328 0.7818184 0.9357367 0.761573 0.9468753 0.7563847 0.9335728 0.8026189 0.9321547 0.8029786 0.9464398 0.7818184 0.9357367 0.8034266 0.8106741 0.7614668 0.8270224 0.7608211 0.8127575 0.8443619 0.8270224 0.8034266 0.8106741 0.8460363 0.8127575 0.8236346 0.8386432 0.8443619 0.8270224 0.8493064 0.8405688 0.8025395 0.8425201 0.8028733 0.8275409 0.8236346 0.8386432 0.7614668 0.8270224 0.7817324 0.8386432 0.7563024 0.8405688 0.7796708 0.6402721 0.8082886 0.6232244 0.8096718 0.627946 0.03492867 0.944816 0.0110085 0.920873 0.01485633 0.9183865 0.4879806 0.9267847 0.4729035 0.9021478 0.4922316 0.8933985 0.8887818 0.8415913 0.9116054 0.8216024 0.9116502 0.8506548 0.9492251 0.2327244 0.9644148 0.2682443 0.960076 0.269073 0.9133412 0.6598746 0.9304059 0.6885345 0.9256893 0.6898958 0.6980087 0.7997475 0.6622495 0.8170824 0.6614431 0.8122141 0.9596846 0.307593 0.9644148 0.2682443 0.9639059 0.3086163 0.1383597 0.02612841 0.1662957 0.01969027 0.1636086 0.03450822 0.3923623 0.4012957 0.4231801 0.4161265 0.3916419 0.416983 0.9133412 0.6598746 0.8907658 0.6353195 0.9172976 0.6569275 0.6228107 0.812229 0.6622495 0.8170824 0.6218789 0.8170747 0.4191939 0.3887742 0.3843364 0.3793019 0.4157949 0.3766152 0.4191939 0.3887742 0.3923623 0.4012957 0.3890352 0.3897265 0.1383597 0.02612841 0.158403 0.04638361 0.1327266 0.03777134 0.1255276 0.04840707 0.158403 0.04638361 0.1513807 0.05966973 0.4938825 0.3750627 0.4559098 0.372929 0.4942076 0.3622201 0.4946663 0.3870773 0.4572116 0.3833956 0.4938825 0.3750627 0.4572116 0.3833956 0.4219831 0.4004206 0.4191939 0.3887742 0.4559098 0.372929 0.4191939 0.3887742 0.4157949 0.3766152 0.4337994 0.3383363 0.4539255 0.3554345 0.4286775 0.3574694 0.4704579 0.3302321 0.4539255 0.3554345 0.4518479 0.3361924 0.4784227 0.3481652 0.4559098 0.372929 0.4539255 0.3554345 0.4286775 0.3574694 0.4559098 0.372929 0.4157949 0.3766152 0.4704579 0.3302321 0.4508087 0.3233168 0.4640557 0.3145047 0.4389243 0.3225094 0.4518479 0.3361924 0.4337994 0.3383363 0.4489327 0.3032654 0.4508087 0.3233168 0.4389243 0.3225094 0.5149444 0.2894823 0.4850099 0.2863342 0.5169647 0.2660613 0.5106875 0.3150847 0.4882913 0.3022869 0.5149444 0.2894823 0.4900287 0.3221184 0.4640557 0.3145047 0.4882913 0.3022869 0.4850099 0.2863342 0.4640557 0.3145047 0.4489327 0.3032654 0.4688242 0.2649091 0.4800444 0.2786934 0.4607104 0.2846118 0.4850099 0.2863342 0.4932365 0.2648158 0.5169647 0.2660613 0.7713651 0.4141623 0.7842236 0.3891331 0.7842236 0.4276801 0.735922 0.1552884 0.7453565 0.1232265 0.7625951 0.1490262 0.735922 0.1552884 0.7000012 0.1401146 0.7240616 0.1309407 0.7240616 0.1309407 0.682164 0.1127653 0.7102504 0.1013468 0.7453565 0.1232265 0.7102504 0.1013468 0.7316452 0.09576094 0.7154402 0.1792157 0.7473683 0.1833026 0.7183877 0.1952463 0.7095963 0.1631273 0.7424015 0.1701612 0.7154402 0.1792157 0.735922 0.1552884 0.7673864 0.1676928 0.7424015 0.1701612 0.7473683 0.1833026 0.7673864 0.1676928 0.7718812 0.1818884 0.762305 0.2298653 0.7774268 0.200484 0.7850379 0.2253017 0.762305 0.2298653 0.7314994 0.2109256 0.7547998 0.2032486 0.7314994 0.2109256 0.7473683 0.1833026 0.7547998 0.2032486 0.7547998 0.2032486 0.7718812 0.1818884 0.7774268 0.200484 0.7934506 0.2835485 0.7679032 0.2597333 0.7908993 0.2543017 0.7460786 0.294122 0.7679032 0.2597333 0.7709295 0.2895777 0.7679032 0.2597333 0.7376658 0.2358753 0.762305 0.2298653 0.7679032 0.2597333 0.7850379 0.2253017 0.7908993 0.2543017 0.7469918 0.319293 0.7695171 0.3364695 0.738651 0.3417326 0.7469918 0.319293 0.7709295 0.2895777 0.7711066 0.3162503 0.7709295 0.2895777 0.7930913 0.3085187 0.7711066 0.3162503 0.5358145 0.1006743 0.5096664 0.09572106 0.5271924 0.08068305 0.4876422 0.07458704 0.5200815 0.06849169 0.5024523 0.0861575 0.5091773 0.05525058 0.5358145 0.05773568 0.5200815 0.06849169 0.7421396 0.3557433 0.7695171 0.3364695 0.7683529 0.3488335 0.5024523 0.0861575 0.5271924 0.08068305 0.5096664 0.09572106 0.5081213 0.02463221 0.4698499 0.01229614 0.4858108 0 0.5260711 0.04504871 0.4898819 0.03339231 0.5081213 0.02463221 0.5091773 0.05525058 0.4689121 0.04569631 0.4898819 0.03339231 0.4898819 0.03339231 0.4494795 0.02507281 0.4698499 0.01229614 0.3090693 0.6408219 0.284646 0.6317276 0.2859445 0.6167035 0.3090693 0.6408219 0.3302239 0.6627698 0.3059918 0.6517538 0.3302239 0.6627698 0.3052601 0.6635903 0.3059918 0.6517538 0.4571152 0.00130403 0.4494795 0.02507281 0.4354627 0.01347219 0.3384399 0.6374954 0.3260634 0.6015153 0.3491938 0.6169659 0.3330376 0.6527919 0.3158501 0.6241357 0.3384399 0.6374954 0.3090693 0.6408219 0.2961639 0.6063205 0.3158501 0.6241357 0.3260634 0.6015153 0.2961639 0.6063205 0.3053594 0.5848177 0.2859445 0.6167035 0.2854051 0.5896833 0.2961639 0.6063205 0.2896614 0.5699235 0.2780095 0.5876701 0.2791153 0.5604854 0.3053594 0.5848177 0.2854051 0.5896833 0.2896614 0.5699235 0.2896614 0.5699235 0.3181436 0.5595564 0.3053594 0.5848177 0.2791153 0.5604854 0.3009927 0.5448659 0.2896614 0.5699235 0.3009927 0.5448659 0.3070991 0.5109624 0.3168047 0.5223218 0.3181436 0.5595564 0.3168047 0.5223218 0.333743 0.5351079 0.2893937 0.5337667 0.3009358 0.5021319 0.3070991 0.5109624 0.2893937 0.5337667 0.2728268 0.5544667 0.2828196 0.5267271 0.3578637 0.02294546 0.3255656 0.03887373 0.3317115 0.02412509 0.3096526 0.02391338 0.3255656 0.03887373 0.3014812 0.03990602 0.3424777 0.06738406 0.3255656 0.03887373 0.3590695 0.03723853 0.3319644 0.09245282 0.3153101 0.0652703 0.3424777 0.06738406 0.3058196 0.09162038 0.2915036 0.06521475 0.3153101 0.0652703 0.3153101 0.0652703 0.3014812 0.03990602 0.3255656 0.03887373 0.2826442 0.0912202 0.3010012 0.1079073 0.2776665 0.1093835 0.3058196 0.09162038 0.3264876 0.1075553 0.3010012 0.1079073 0.3264876 0.1075553 0.2994029 0.1223102 0.3010012 0.1079073 0.2776665 0.1093835 0.2994029 0.1223102 0.2728269 0.1260792 0.393994 0.1329092 0.359156 0.1156748 0.3871754 0.1024131 0.3986373 0.1649547 0.3705499 0.1387889 0.393994 0.1329092 0.3705499 0.1387889 0.364389 0.1715494 0.3516567 0.1454355 0.359156 0.1156748 0.3516567 0.1454355 0.3298625 0.1242613 0.3319644 0.09245282 0.3485385 0.1055229 0.3264876 0.1075553 0.359156 0.1156748 0.3595613 0.09383141 0.3871754 0.1024131 0.3298625 0.1242613 0.3485385 0.1055229 0.359156 0.1156748 0.3794656 0.1685575 0.371515 0.2003784 0.364389 0.1715494 0.3794656 0.1685575 0.4026907 0.1968433 0.3852242 0.1990384 0.4026907 0.1968433 0.3847108 0.2268311 0.3852242 0.1990384 0.371515 0.2003784 0.3847108 0.2268311 0.3723695 0.2275563 0.4116997 0.2584067 0.3777974 0.2556796 0.4014465 0.2317954 0.4205632 0.2787812 0.3833613 0.2702171 0.4116997 0.2584067 0.3926721 0.2863159 0.3557248 0.279454 0.3833613 0.2702171 0.3833613 0.2702171 0.3520795 0.2668046 0.3777974 0.2556796 0.3723695 0.2275563 0.3768981 0.2456828 0.3658754 0.2493141 0.4014465 0.2317954 0.3768981 0.2456828 0.3847108 0.2268311 0.3658754 0.2493141 0.3777974 0.2556796 0.3520795 0.2668046 0.4116997 0.2584067 0.4441672 0.2724953 0.4205632 0.2787812 0.4014465 0.2317954 0.4405075 0.2499986 0.4116997 0.2584067 0.4362976 0.2219714 0.464379 0.2423583 0.4405075 0.2499986 0.4405075 0.2499986 0.4688242 0.2649091 0.4441672 0.2724953 0.3557248 0.279454 0.3239054 0.2713584 0.3520795 0.2668046 0.3634455 0.2922265 0.3296384 0.2822424 0.3557248 0.279454 0.05545651 0.1366 0.06607103 0.1546937 0.04450821 0.1483466 0.03613191 0.1595315 0.06607103 0.1546937 0.06036692 0.1689939 0.05545651 0.1366 0.09643381 0.121973 0.08235639 0.1449112 0.3366106 0.2936474 0.375937 0.3108326 0.3493503 0.3129974 0.375937 0.3108326 0.3637907 0.3371695 0.3493503 0.3129974 0.09643381 0.121973 0.09348869 0.09146761 0.1133737 0.0978769 0.09643381 0.121973 0.1192987 0.1443976 0.08235639 0.1449112 0.1133737 0.0978769 0.1249625 0.1257277 0.09643381 0.121973 0.1338049 0.1042279 0.1517214 0.1271568 0.1249625 0.1257277 0.1192987 0.1443976 0.1517214 0.1271568 0.1588106 0.1470299 0.1198829 0.1733443 0.1192472 0.1553493 0.1384254 0.1608128 0.1192987 0.1443976 0.1010597 0.1586208 0.08235639 0.1449112 0.1384254 0.1608128 0.1192987 0.1443976 0.1588106 0.1470299 0.1544626 0.1072919 0.1402589 0.08621215 0.157085 0.0841062 0.1133737 0.0978769 0.1402589 0.08621215 0.1338049 0.1042279 0.157085 0.0841062 0.1292416 0.07538211 0.1513807 0.05966973 0.1544626 0.1072919 0.1676501 0.125214 0.1517214 0.1271568 0.1776357 0.1318879 0.1735488 0.1110813 0.1904692 0.1177214 0.1588106 0.1470299 0.1676501 0.125214 0.1776357 0.1318879 0.1198829 0.1733443 0.08760499 0.1950658 0.08937609 0.172185 0.110678 0.1999359 0.08062016 0.2235834 0.08760499 0.1950658 0.08760499 0.1950658 0.06629359 0.2203991 0.06822818 0.1934893 0.08937609 0.172185 0.06822818 0.1934893 0.06036692 0.1689939 0.08235639 0.1449112 0.085455 0.1606571 0.06607103 0.1546937 0.08937609 0.172185 0.1010597 0.1586208 0.1198829 0.1733443 0.06036692 0.1689939 0.085455 0.1606571 0.08937609 0.172185 0.08718633 0.2592039 0.08062016 0.2235834 0.09897148 0.2288975 0.08718633 0.2592039 0.0575335 0.2795316 0.07094949 0.2532042 0.0575335 0.2795316 0.05860918 0.2491912 0.07094949 0.2532042 0.08062016 0.2235834 0.05860918 0.2491912 0.06629359 0.2203991 0.1056133 0.3002439 0.1445691 0.2783198 0.1394861 0.3154399 0.1056133 0.3002439 0.08718633 0.2592039 0.1158666 0.2686341 0.1158666 0.2686341 0.09897148 0.2288975 0.1263891 0.2377806 0.1158666 0.2686341 0.153784 0.247157 0.1445691 0.2783198 0.1744881 0.2877939 0.1720556 0.2540431 0.1861883 0.2603395 0.1744881 0.2877939 0.1569669 0.3126557 0.1614395 0.283349 0.1569669 0.3126557 0.1445691 0.2783198 0.1614395 0.283349 0.1720556 0.2540431 0.1445691 0.2783198 0.153784 0.247157 0.04666697 0.2755437 0.0410909 0.2435233 0.05860918 0.2491912 0.03127467 0.2700386 0.02015715 0.2365983 0.0410909 0.2435233 0.02015715 0.2365983 0.04932165 0.2163591 0.0410909 0.2435233 0.0410909 0.2435233 0.06629359 0.2203991 0.05860918 0.2491912 0.01166081 0.2649702 0.02295672 0.2881409 0.007124185 0.2900524 0.03128796 0.2953563 0.03127467 0.2700386 0.04666697 0.2755437 0.01200306 0.3098855 0.02295672 0.2881409 0.03128796 0.2953563 0.2768876 0.1708171 0.3019899 0.2015805 0.2798062 0.1995288 0.3228 0.1735261 0.3019899 0.2015805 0.2986159 0.1720081 0.3019899 0.2015805 0.3320165 0.2299254 0.3080642 0.2298266 0 0.2299199 0.03037923 0.208808 0.02015715 0.2365983 0.1263891 0.2377806 0.1632061 0.2173702 0.153784 0.247157 0.1263891 0.2377806 0.110678 0.1999359 0.1369965 0.2080489 0.110678 0.1999359 0.1462663 0.1830455 0.1369965 0.2080489 0.1632061 0.2173702 0.1462663 0.1830455 0.1745188 0.1903914 0.04932165 0.2163591 0.06822818 0.1934893 0.06629359 0.2203991 0.03037923 0.208808 0.05403399 0.1965374 0.04932165 0.2163591 0.06036692 0.1689939 0.05403399 0.1965374 0.0421375 0.1856296 0.01119554 0.2016683 0.0421375 0.1856296 0.03037923 0.208808 0.3080642 0.2298266 0.3386922 0.2523564 0.3160641 0.2538388 0.3386922 0.2523564 0.3239054 0.2713584 0.3160641 0.2538388 0.0421375 0.1856296 0.03613191 0.1595315 0.06036692 0.1689939 0.3320165 0.2299254 0.354406 0.2462355 0.3386922 0.2523564 0.3658754 0.2493141 0.3545619 0.2282526 0.3723695 0.2275563 0.3520795 0.2668046 0.354406 0.2462355 0.3658754 0.2493141 0.4026907 0.1968433 0.4362976 0.2219714 0.4014465 0.2317954 0.3986373 0.1649547 0.4324489 0.1911953 0.4026907 0.1968433 0.4276966 0.158962 0.4619249 0.1850789 0.4324489 0.1911953 0.4324489 0.1911953 0.4640518 0.21545 0.4362976 0.2219714 0.4614186 0.1466377 0.4788092 0.1818892 0.4619249 0.1850789 0.4795386 0.1491138 0.4914055 0.1790094 0.4788092 0.1818892 0.4914055 0.1790094 0.4799454 0.2112388 0.4788092 0.1818892 0.4619249 0.1850789 0.4799454 0.2112388 0.4640518 0.21545 0.326874 0.2023059 0.3545619 0.2282526 0.3320165 0.2299254 0.326874 0.2023059 0.3458865 0.1742677 0.3515441 0.2017021 0.3515441 0.2017021 0.364389 0.1715494 0.371515 0.2003784 0.3515441 0.2017021 0.3723695 0.2275563 0.3545619 0.2282526 0.393994 0.1329092 0.4276966 0.158962 0.3986373 0.1649547 0.393994 0.1329092 0.4155844 0.1000208 0.4212325 0.127225 0.4155844 0.1000208 0.447377 0.1178004 0.4212325 0.127225 0.4212325 0.127225 0.4614186 0.1466377 0.4276966 0.158962 0.4373444 0.0927453 0.4125728 0.08339416 0.4256774 0.07353687 0.3960582 0.07880502 0.4155844 0.1000208 0.3871754 0.1024131 0.4085351 0.06012326 0.4125728 0.08339416 0.3960582 0.07880502 0.06685012 0.3244326 0.03869736 0.3069496 0.0698359 0.2922374 0.06603318 0.3500782 0.03731381 0.3251263 0.06685012 0.3244326 0.03966003 0.3467006 0.009977996 0.3255245 0.03731381 0.3251263 0.03731381 0.3251263 0.01200306 0.3098855 0.03869736 0.3069496 0.04666697 0.2755437 0.04229497 0.2956389 0.03128796 0.2953563 0.0698359 0.2922374 0.04229497 0.2956389 0.0575335 0.2795316 0.03128796 0.2953563 0.03869736 0.3069496 0.01200306 0.3098855 0.3217112 0.1473581 0.2994029 0.1223102 0.3298625 0.1242613 0.3217112 0.1473581 0.2986159 0.1720081 0.2981553 0.1442934 0.2986159 0.1720081 0.276616 0.1452412 0.2981553 0.1442934 0.2994029 0.1223102 0.276616 0.1452412 0.2728269 0.1260792 0.3960582 0.07880502 0.3863605 0.04876679 0.4085351 0.06012326 0.3871754 0.1024131 0.370882 0.07251662 0.3960582 0.07880502 0.3595613 0.09383141 0.3424777 0.06738406 0.370882 0.07251662 0.370882 0.07251662 0.3590695 0.03723853 0.3863605 0.04876679 0.0209093 0.3676747 0.05467587 0.3927106 0.02969133 0.3916501 0.0209093 0.3676747 0.03966003 0.3467006 0.04592883 0.3703321 0.04592883 0.3703321 0.06603318 0.3500782 0.06938499 0.3710677 0.05467587 0.3927106 0.06938499 0.3710677 0.08193445 0.3929781 0.06603318 0.3500782 0.08477443 0.3698847 0.06938499 0.3710677 0.1108801 0.365018 0.08477443 0.3698847 0.08886718 0.355143 0.06938499 0.3710677 0.0979011 0.3805411 0.08193445 0.3929781 0.5253064 0.1363496 0.5052728 0.1236925 0.5181578 0.1117579 0.4961876 0.1188891 0.5061214 0.1448286 0.490565 0.1482032 0.5181578 0.1117579 0.4961876 0.1188891 0.5096664 0.09572106 0.7225338 0.2974507 0.7423352 0.2651414 0.7460786 0.294122 0.7037585 0.3022252 0.717175 0.2699573 0.7225338 0.2974507 0.717175 0.2699573 0.6965621 0.2445245 0.7146259 0.241715 0.7423352 0.2651414 0.7146259 0.241715 0.7376658 0.2358753 0.4914055 0.1790094 0.514459 0.1996905 0.4949179 0.2126054 0.490565 0.1482032 0.5095457 0.1728493 0.4914055 0.1790094 0.5061214 0.1448286 0.5308686 0.1648561 0.5095457 0.1728493 0.514459 0.1996905 0.5308686 0.1648561 0.5345228 0.1927488 0.7376658 0.2358753 0.7152521 0.2211973 0.7314994 0.2109256 0.7037243 0.2188501 0.7146259 0.241715 0.6965621 0.2445245 0.7183877 0.1952463 0.7152521 0.2211973 0.7037243 0.2188501 0.4949179 0.2126054 0.5200493 0.217027 0.5120967 0.2298108 0.5345228 0.1927488 0.5200493 0.217027 0.514459 0.1996905 0.7934506 0.1897599 0.7774268 0.200484 0.7718812 0.1818884 0.7102504 0.1013468 0.7209261 0.06988322 0.7316452 0.09576094 0.7102504 0.1013468 0.6760221 0.08036398 0.6991738 0.07258057 0.6760221 0.08036398 0.6907848 0.05073404 0.6991738 0.07258057 0.7209261 0.06988322 0.6907848 0.05073404 0.7163118 0.04676795 0.682164 0.1127653 0.6603349 0.09008026 0.6760221 0.08036398 0.638978 0.1094613 0.6603349 0.09008026 0.6571235 0.1111147 0.6760221 0.08036398 0.6448733 0.08451235 0.6585873 0.0596522 0.5812025 0.05374836 0.6184659 0.06261372 0.5804282 0.06944632 0.5806645 0.04066395 0.6175371 0.04974031 0.5812025 0.05374836 0.6175371 0.04974031 0.6531125 0.03158545 0.6556496 0.0444194 0.6184659 0.06261372 0.6556496 0.0444194 0.6585873 0.0596522 0.638978 0.1094613 0.6197353 0.08498597 0.6448733 0.08451235 0.6025009 0.1139562 0.6197353 0.08498597 0.6210486 0.1094555 0.595297 0.09071528 0.6184659 0.06261372 0.6197353 0.08498597 0.6448733 0.08451235 0.6184659 0.06261372 0.6585873 0.0596522 0.6025009 0.1139562 0.6213932 0.1260293 0.607766 0.134352 0.638978 0.1094613 0.6213932 0.1260293 0.6210486 0.1094555 0.607766 0.134352 0.6321413 0.1314845 0.6165845 0.1524064 0.5578417 0.1515098 0.5862061 0.1644247 0.5546165 0.1797202 0.5628986 0.1213688 0.5840045 0.1438814 0.5578417 0.1515098 0.5830866 0.1196056 0.607766 0.134352 0.5840045 0.1438814 0.5862061 0.1644247 0.607766 0.134352 0.6165845 0.1524064 0.5986799 0.1923172 0.5907733 0.1750949 0.6094359 0.1723829 0.5862061 0.1644247 0.5762293 0.185834 0.5546165 0.1797202 0.6094359 0.1723829 0.5862061 0.1644247 0.6165845 0.1524064 0.6513741 0.1764886 0.6241455 0.1731876 0.6349539 0.1601074 0.6094359 0.1723829 0.6257798 0.1893289 0.5986799 0.1923172 0.6165845 0.1524064 0.6241455 0.1731876 0.6094359 0.1723829 0.2453046 0.5645598 0.2159509 0.5394784 0.2376787 0.5342842 0.2453046 0.5645598 0.2298442 0.6000574 0.2230913 0.5725979 0.2298442 0.6000574 0.1950081 0.5790583 0.2230913 0.5725979 0.2159509 0.5394784 0.1950081 0.5790583 0.1854177 0.5461123 0.2326146 0.5061835 0.2076778 0.4847903 0.2326763 0.4800421 0.2326146 0.5061835 0.2159509 0.5394784 0.2112923 0.5084076 0.2159509 0.5394784 0.1873967 0.5142826 0.2112923 0.5084076 0.2076778 0.4847903 0.1873967 0.5142826 0.1747807 0.4903363 0.1854177 0.5461123 0.1704196 0.5216628 0.1873967 0.5142826 0.1563997 0.5133801 0.1634386 0.5391371 0.1458771 0.5362946 0.1873967 0.5142826 0.1563997 0.5133801 0.1747807 0.4903363 0.1950081 0.5790583 0.1566268 0.5651547 0.1854177 0.5461123 0.2016799 0.6058623 0.1641122 0.5874425 0.1950081 0.5790583 0.1641122 0.5874425 0.1409838 0.6174408 0.1359677 0.5949357 0.1566268 0.5651547 0.1359677 0.5949357 0.1231073 0.5716387 0.1458771 0.5362946 0.1519396 0.5533414 0.1366334 0.5543004 0.1566268 0.5651547 0.1634386 0.5391371 0.1854177 0.5461123 0.1366334 0.5543004 0.1566268 0.5651547 0.1231073 0.5716387 0.1409838 0.6174408 0.1185988 0.6008931 0.1359677 0.5949357 0.1038141 0.5908686 0.116068 0.6183061 0.08858251 0.6119198 0.1231073 0.5716387 0.1185988 0.6008931 0.1038141 0.5908686 0.1437881 0.6445844 0.116068 0.6183061 0.1409838 0.6174408 0.1464591 0.6779274 0.113268 0.6462088 0.1437881 0.6445844 0.1101697 0.6784701 0.08564692 0.6434568 0.113268 0.6462088 0.116068 0.6183061 0.08564692 0.6434568 0.08858251 0.6119198 0.1364724 0.7133937 0.1101697 0.6784701 0.1464591 0.6779274 0.1330834 0.7427932 0.1064356 0.7101982 0.1364724 0.7133937 0.1035656 0.7400535 0.076577 0.7066166 0.1064356 0.7101982 0.1064356 0.7101982 0.08081585 0.6753755 0.1101697 0.6784701 0.1307637 0.7692124 0.1035656 0.7400535 0.1330834 0.7427932 0.5427761 0.5684487 0.5176628 0.5433278 0.5381239 0.540719 0.5176628 0.5433278 0.5268816 0.5123715 0.5381239 0.540719 0.102796 0.7672495 0.06816196 0.738677 0.1035656 0.7400535 0.5082086 0.5207556 0.5034821 0.5448331 0.4921631 0.5314969 0.4976716 0.5611349 0.5176628 0.5433278 0.5183951 0.5719206 0.4787065 0.5485351 0.5034821 0.5448331 0.4976716 0.5611349 0.05326563 0.7290723 0.076577 0.7066166 0.06816196 0.738677 0.05326563 0.7290723 0.04707223 0.7003241 0.05961215 0.7034052 0.04707223 0.7003241 0.06202852 0.6729339 0.05961215 0.7034052 0.076577 0.7066166 0.06202852 0.6729339 0.08081585 0.6753755 0.1281616 0.5333272 0.1146264 0.5515908 0.110527 0.531942 0.1366334 0.5543004 0.1281616 0.5333272 0.1458771 0.5362946 0.1146264 0.5515908 0.1366334 0.5543004 0.1231073 0.5716387 0.2056292 0.4590311 0.1750345 0.4740251 0.1752991 0.4611542 0.5557574 0.04188525 0.5812025 0.05374836 0.555841 0.05489611 0.5812025 0.05374836 0.5539724 0.06787788 0.555841 0.05489611 0.1750345 0.4740251 0.2076778 0.4847903 0.1747807 0.4903363 0.6025009 0.1139562 0.5813432 0.09976136 0.595297 0.09071528 0.5628986 0.1213688 0.5813432 0.09976136 0.5830866 0.1196056 0.595297 0.09071528 0.5675239 0.09345638 0.5804282 0.06944632 0.6349539 0.1601074 0.6650416 0.1444473 0.6513741 0.1764886 0.6349539 0.1601074 0.6321413 0.1314845 0.647387 0.1372222 0.647387 0.1372222 0.638978 0.1094613 0.6571235 0.1111147 0.6650416 0.1444473 0.6571235 0.1111147 0.682164 0.1127653 0.7095963 0.1631273 0.6815463 0.1521419 0.7000012 0.1401146 0.6650416 0.1444473 0.6823114 0.1724929 0.6513741 0.1764886 0.7000012 0.1401146 0.6650416 0.1444473 0.682164 0.1127653 0.4205632 0.2787812 0.4456394 0.2855516 0.4304507 0.2935023 0.4607104 0.2846118 0.4441672 0.2724953 0.4688242 0.2649091 0.4489327 0.3032654 0.4456394 0.2855516 0.4607104 0.2846118 0.4704579 0.3302321 0.4923363 0.3383593 0.4784227 0.3481652 0.5106875 0.3150847 0.4923363 0.3383593 0.4900287 0.3221184 0.4784227 0.3481652 0.5067119 0.3394913 0.4942076 0.3622201 0.6556496 0.0444194 0.6907848 0.05073404 0.6585873 0.0596522 0.6556496 0.0444194 0.6832963 0.02590334 0.686386 0.03853762 0.5203152 0.3778058 0.4938825 0.3750627 0.5200038 0.3656829 0.6907848 0.05073404 0.7079702 0.0327413 0.7163118 0.04676795 0.3927479 0.3346698 0.4131144 0.3533973 0.3979942 0.3593935 0.4286775 0.3574694 0.4159866 0.3388011 0.4337994 0.3383363 0.3979942 0.3593935 0.4286775 0.3574694 0.4157949 0.3766152 0.09348869 0.09146761 0.1292416 0.07538211 0.1133737 0.0978769 0.3637907 0.3371695 0.3979942 0.3593935 0.3754156 0.3610256 0.3979942 0.3593935 0.3843364 0.3793019 0.3754156 0.3610256 0.1292416 0.07538211 0.1255276 0.04840707 0.1513807 0.05966973 0.9473374 0.3401607 0.9261341 0.3679939 0.9239401 0.3637836 0.7601867 0.7739598 0.7430987 0.7453172 0.7478361 0.7439404 0.6695145 0.6280774 0.6300726 0.6232245 0.6704365 0.6232333 0.9473374 0.3401607 0.9639059 0.3086163 0.9507724 0.3430058 0.5032275 0.8195328 0.518643 0.7971121 0.5234575 0.8111457 0.5032275 0.7758857 0.518643 0.7971121 0.4996386 0.7965623 0.7563847 0.9335728 0.7451774 0.9447901 0.7430776 0.9283964 0.9116502 0.8944348 0.9279072 0.8725776 0.9293377 0.8864719 0.9116502 0.8506548 0.9279072 0.8725776 0.9116628 0.8716422 0.7563024 0.8405688 0.7450749 0.8290215 0.7614668 0.8270224 0.7601867 0.7739598 0.7827388 0.7985323 0.7562523 0.7768906 0.5943166 0.6405589 0.6300726 0.6232245 0.6308822 0.6280922 0.8096718 0.627946 0.850363 0.6232481 0.8497405 0.6278408 0.5677921 0.664043 0.5493112 0.6958271 0.5637765 0.6611754 0.8881113 0.639449 0.850363 0.6232481 0.8907658 0.6353195 0.5677921 0.664043 0.5918692 0.636274 0.5943166 0.6405589 0.7854142 0.7943874 0.8230471 0.8106741 0.7827388 0.7985323 0.5901218 0.7985733 0.6218789 0.8170747 0.5872479 0.8025844 0.1563997 0.5133801 0.1349149 0.4845181 0.1747807 0.4903363 0.1458771 0.5362946 0.1316329 0.5080342 0.1563997 0.5133801 0.1316329 0.5080342 0.110527 0.531942 0.1065933 0.5072475 0.1349149 0.4845181 0.1065933 0.5072475 0.09597772 0.4806335 0.1022541 0.4521604 0.1366609 0.4711652 0.09997415 0.4647831 0.1752991 0.4611542 0.1366609 0.4711652 0.1379202 0.4585132 0.1750345 0.4740251 0.1349149 0.4845181 0.1366609 0.4711652 0.09997415 0.4647831 0.1349149 0.4845181 0.09597772 0.4806335 0.09368163 0.5305481 0.1065933 0.5072475 0.110527 0.531942 0.07257932 0.5322187 0.09157556 0.5119549 0.09368163 0.5305481 0.1065933 0.5072475 0.0787062 0.5008997 0.09597772 0.4806335 0.2256383 0.1386847 0.2168305 0.1111913 0.2339425 0.1104156 0.2051043 0.09990715 0.2066237 0.1251534 0.1904692 0.1177214 0.2339425 0.1104156 0.2051043 0.09990715 0.2269385 0.08484017 0.2282887 0.1709948 0.1946781 0.1470707 0.2256383 0.1386847 0.2282887 0.1709948 0.2032845 0.1890122 0.1981952 0.1681393 0.1981952 0.1681393 0.1745188 0.1903914 0.1699154 0.1673611 0.1946781 0.1470707 0.1699154 0.1673611 0.1588106 0.1470299 0.1904692 0.1177214 0.1927154 0.1349507 0.1776357 0.1318879 0.1946781 0.1470707 0.2066237 0.1251534 0.2256383 0.1386847 0.1776357 0.1318879 0.1946781 0.1470707 0.1588106 0.1470299 0.08564692 0.6434568 0.05947279 0.6160442 0.08858251 0.6119198 0.08081585 0.6753755 0.06253498 0.6418099 0.08564692 0.6434568 0.06253498 0.6418099 0.04777246 0.6709988 0.04383718 0.6421474 0.05947279 0.6160442 0.04383718 0.6421474 0.03153789 0.6147962 0.04193395 0.5842385 0.05316197 0.6028482 0.03368169 0.5975854 0.05947279 0.6160442 0.0659191 0.5946961 0.08858251 0.6119198 0.03153789 0.6147962 0.05316197 0.6028482 0.05947279 0.6160442 0.2024788 0.2382119 0.1995743 0.2087309 0.2263746 0.2242957 0.1861883 0.2603395 0.1852078 0.227564 0.2024788 0.2382119 0.1852078 0.227564 0.153784 0.247157 0.1632061 0.2173702 0.1995743 0.2087309 0.1632061 0.2173702 0.1745188 0.1903914 0.2305904 0.195393 0.2114065 0.201991 0.2032845 0.1890122 0.2263746 0.2242957 0.2114065 0.201991 0.2321773 0.2099306 0.2032845 0.1890122 0.1995743 0.2087309 0.1745188 0.1903914 0.0309875 0.6675882 0.04383718 0.6421474 0.04777246 0.6709988 0.0118584 0.6592146 0.03111928 0.6464377 0.0309875 0.6675882 0.03153789 0.6147962 0.03111928 0.6464377 0.01787847 0.6341245 0.2255123 0.2738124 0.212544 0.2493417 0.2307018 0.2484457 0.2024788 0.2382119 0.2035114 0.2677242 0.1861883 0.2603395 0.2263746 0.2242957 0.212544 0.2493417 0.2024788 0.2382119 0.04777246 0.6709988 0.0294466 0.6951017 0.0309875 0.6675882 0.04213362 0.7258356 0.0294466 0.6951017 0.04707223 0.7003241 0.02652698 0.7207271 0.008586168 0.6874879 0.0294466 0.6951017 0.0309875 0.6675882 0.008586168 0.6874879 0.0118584 0.6592146 0.1857417 0.321496 0.2167243 0.3020805 0.2067939 0.3299745 0.1687789 0.3162226 0.1934176 0.2942677 0.1857417 0.321496 0.1934176 0.2942677 0.1861883 0.2603395 0.2035114 0.2677242 0.2167243 0.3020805 0.2035114 0.2677242 0.2255123 0.2738124 0.1857417 0.321496 0.1708 0.3418317 0.1687789 0.3162226 0.2067939 0.3299745 0.1824307 0.3412662 0.1857417 0.321496 0.1802659 0.3659387 0.1824307 0.3412662 0.1960416 0.3529862 0.0736317 0.7660325 0.04264426 0.7532091 0.06816196 0.738677 0.5082086 0.5207556 0.5063412 0.4866119 0.5268816 0.5123715 0.4907554 0.4966138 0.4817672 0.4635083 0.5063412 0.4866119 0.5063412 0.4866119 0.4952268 0.4595913 0.5201354 0.4813761 0.04213362 0.7258356 0.04302734 0.7439089 0.03273516 0.7437074 0.548447 0.5040326 0.5305587 0.4805302 0.5493113 0.4886562 0.5220392 0.4709175 0.5201354 0.4813761 0.4952268 0.4595913 0.1802659 0.3659387 0.1492424 0.3624128 0.1578803 0.3466528 0.1737457 0.3800801 0.1358924 0.3787583 0.1492424 0.3624128 0.1492424 0.3624128 0.1108801 0.365018 0.1240534 0.3434886 0.1578803 0.3466528 0.1240534 0.3434886 0.1394861 0.3154399 0.1687789 0.3162226 0.1608899 0.3351463 0.1569669 0.3126557 0.1578803 0.3466528 0.1708 0.3418317 0.1802659 0.3659387 0.1394861 0.3154399 0.1608899 0.3351463 0.1578803 0.3466528 0.4907554 0.4966138 0.4491859 0.4904271 0.468658 0.4729833 0.5082086 0.5207556 0.4728379 0.5117571 0.4907554 0.4966138 0.4921631 0.5314969 0.4570679 0.5321498 0.4728379 0.5117571 0.4728379 0.5117571 0.4291548 0.5164204 0.4491859 0.4904271 0.1358924 0.3787583 0.0979011 0.3805411 0.1108801 0.365018 0.1358924 0.3787583 0.1435778 0.4084867 0.1193493 0.3946793 0.4013845 0.454203 0.3641447 0.4572019 0.3782064 0.4415477 0.1193493 0.3946793 0.08193445 0.3929781 0.0979011 0.3805411 0.3300419 0.4959271 0.3168047 0.5223218 0.3070991 0.5109624 0.3585914 0.4918194 0.3317908 0.5083105 0.3300419 0.4959271 0.333743 0.5351079 0.3317908 0.5083105 0.3490648 0.5138258 0.3775774 0.5672562 0.3395727 0.5760326 0.3551613 0.5505546 0.3491938 0.6169659 0.3395727 0.5760326 0.363081 0.5925136 0.3395727 0.5760326 0.3053594 0.5848177 0.3181436 0.5595564 0.3395727 0.5760326 0.333743 0.5351079 0.3551613 0.5505546 0.3834547 0.645954 0.3813208 0.6731442 0.3634454 0.6655157 0.4000446 0.6512179 0.4019702 0.6833986 0.3813208 0.6731442 0.3813208 0.6731442 0.390209 0.7036772 0.3655822 0.692157 0.3634454 0.6655157 0.3655822 0.692157 0.3361184 0.6766217 0.3330376 0.6527919 0.3509383 0.6625474 0.3302239 0.6627698 0.3634454 0.6655157 0.3572466 0.6542912 0.3834547 0.645954 0.3361184 0.6766217 0.3509383 0.6625474 0.3634454 0.6655157 0.1526067 0.7436395 0.1679034 0.7155118 0.1682605 0.7425459 0.1526067 0.7436395 0.1364724 0.7133937 0.1539512 0.7154914 0.1364724 0.7133937 0.1613813 0.6874759 0.1539512 0.7154914 0.1679034 0.7155118 0.1613813 0.6874759 0.1738476 0.6878214 0.2016799 0.6058623 0.2332476 0.6164551 0.2054394 0.6240044 0.2298442 0.6000574 0.2563008 0.6102977 0.2332476 0.6164551 0.2563008 0.6102977 0.2357901 0.6307314 0.2332476 0.6164551 0.2054394 0.6240044 0.2357901 0.6307314 0.2052357 0.6412792 0.2628853 0.675825 0.2392562 0.7090939 0.2402611 0.6799214 0.258377 0.7313843 0.2392562 0.7090939 0.2623044 0.7040697 0.2392562 0.7090939 0.2108646 0.7398324 0.2135963 0.7127304 0.2392562 0.7090939 0.2153728 0.684273 0.2402611 0.6799214 0.6969082 0.2736741 0.6840935 0.2462249 0.6965621 0.2445245 0.6969082 0.2736741 0.6885311 0.3061538 0.6830604 0.2760187 0.6885311 0.3061538 0.6655916 0.2778342 0.6830604 0.2760187 0.6840935 0.2462249 0.6655916 0.2778342 0.6675154 0.2401316 0.6183496 0.3511845 0.5859697 0.3469761 0.6060202 0.3222249 0.6297137 0.3733085 0.5933349 0.3629596 0.6183496 0.3511845 0.4479385 0.7040444 0.4822111 0.6881214 0.4660604 0.7112033 0.5933349 0.3629596 0.5648232 0.3589308 0.5859697 0.3469761 0.5783765 0.3166458 0.583736 0.3359913 0.5742586 0.3397466 0.6060202 0.3222249 0.583736 0.3359913 0.5894688 0.3161088 0.5742586 0.3397466 0.5859697 0.3469761 0.5648232 0.3589308 0.6738625 0.3393623 0.7089496 0.3529219 0.6807672 0.366066 0.6693167 0.3095901 0.6974197 0.3332721 0.6738625 0.3393623 0.6974197 0.3332721 0.7037585 0.3022252 0.7165092 0.3256745 0.7089496 0.3529219 0.7165092 0.3256745 0.738651 0.3417326 0.7367849 0.3681426 0.7197233 0.3607191 0.7421396 0.3557433 0.7089496 0.3529219 0.708709 0.3710433 0.6807672 0.366066 0.738651 0.3417326 0.7197233 0.3607191 0.7089496 0.3529219 0.6675154 0.2401316 0.6286867 0.2168643 0.6582458 0.2080999 0.6324228 0.2490818 0.6015439 0.2214597 0.6286867 0.2168643 0.6015439 0.2214597 0.6257798 0.1893289 0.6286867 0.2168643 0.6582458 0.2080999 0.6257798 0.1893289 0.6513741 0.1764886 0.4479385 0.7040444 0.4420089 0.6707238 0.4665702 0.6814929 0.4290457 0.72112 0.4253891 0.6943058 0.4479385 0.7040444 0.4253891 0.6943058 0.390209 0.7036772 0.4019702 0.6833986 0.4420089 0.6707238 0.4019702 0.6833986 0.417112 0.6592797 0.5442273 0.3194158 0.563938 0.3363788 0.5516595 0.3432952 0.5742586 0.3397466 0.5628655 0.3172972 0.5783765 0.3166458 0.5648232 0.3589308 0.563938 0.3363788 0.5742586 0.3397466 0.5986799 0.1923172 0.5792123 0.2264797 0.5714338 0.2037991 0.6015439 0.2214597 0.5850193 0.2561902 0.5792123 0.2264797 0.5792123 0.2264797 0.5712336 0.2589001 0.5616989 0.2327319 0.5714338 0.2037991 0.5616989 0.2327319 0.5450825 0.2120027 0.5546165 0.1797202 0.5633731 0.1942155 0.544323 0.1958127 0.5714338 0.2037991 0.5762293 0.185834 0.5986799 0.1923172 0.5450825 0.2120027 0.5633731 0.1942155 0.5714338 0.2037991 0.5183951 0.5719206 0.4865003 0.586515 0.4976716 0.5611349 0.5059458 0.5992208 0.4725743 0.6154693 0.4865003 0.586515 0.4865003 0.586515 0.4441609 0.5959226 0.4644311 0.57116 0.4976716 0.5611349 0.4644311 0.57116 0.4787065 0.5485351 0.5427761 0.5684487 0.5252094 0.6016137 0.5183951 0.5719206 0.1330834 0.7427932 0.1550814 0.7682901 0.1307637 0.7692124 0.1550814 0.7682901 0.1682605 0.7425459 0.1753135 0.7646412 0.5252094 0.6016137 0.5463293 0.6126508 0.5241485 0.6328197 0.4961784 0.6278316 0.51476 0.6114155 0.5096088 0.6345829 0.5252094 0.6016137 0.5059458 0.5992208 0.5183951 0.5719206 0.5241485 0.6328197 0.51476 0.6114155 0.5252094 0.6016137 0.1437881 0.6445844 0.1762225 0.6541945 0.1464591 0.6779274 0.1409838 0.6174408 0.1749907 0.6348184 0.1437881 0.6445844 0.1706207 0.6122958 0.2054394 0.6240044 0.1749907 0.6348184 0.1749907 0.6348184 0.2052357 0.6412792 0.1762225 0.6541945 0.1738476 0.6878214 0.1741864 0.6670771 0.1861972 0.6635541 0.1464591 0.6779274 0.1741864 0.6670771 0.1613813 0.6874759 0.1861972 0.6635541 0.1762225 0.6541945 0.2052357 0.6412792 0.384723 0.7190001 0.3655822 0.692157 0.390209 0.7036772 0.6807672 0.366066 0.6976048 0.3880971 0.672067 0.3855215 0.708709 0.3710433 0.7265555 0.3879581 0.6976048 0.3880971 0.3589806 0.7100748 0.3361184 0.6766217 0.3655822 0.692157 0.7225338 0.2974507 0.7165092 0.3256745 0.7037585 0.3022252 0.7460786 0.294122 0.7285187 0.3164175 0.7225338 0.2974507 0.738651 0.3417326 0.7285187 0.3164175 0.7469918 0.319293 0.6582458 0.2080999 0.6919456 0.2116779 0.6675154 0.2401316 0.6513741 0.1764886 0.687343 0.1935999 0.6582458 0.2080999 0.6823114 0.1724929 0.7154402 0.1792157 0.687343 0.1935999 0.687343 0.1935999 0.7183877 0.1952463 0.6919456 0.2116779 0.6965621 0.2445245 0.6924741 0.2241042 0.7037243 0.2188501 0.6675154 0.2401316 0.6924741 0.2241042 0.6840935 0.2462249 0.7037243 0.2188501 0.6919456 0.2116779 0.7183877 0.1952463 0.3834547 0.645954 0.3568224 0.643396 0.370616 0.6301782 0.3384399 0.6374954 0.3572466 0.6542912 0.3330376 0.6527919 0.3491938 0.6169659 0.3568224 0.643396 0.3384399 0.6374954 0.4256984 0.593851 0.4349921 0.5559857 0.4441609 0.5959226 0.4143639 0.5899178 0.4237627 0.5579564 0.4256984 0.593851 0.4237627 0.5579564 0.4034333 0.5320079 0.4125863 0.5243836 0.4349921 0.5559857 0.4125863 0.5243836 0.4291548 0.5164204 0.4787065 0.5485351 0.4498127 0.5533605 0.4570679 0.5321498 0.4349921 0.5559857 0.4644311 0.57116 0.4441609 0.5959226 0.4570679 0.5321498 0.4349921 0.5559857 0.4291548 0.5164204 0.007350146 0.714774 0.02323198 0.7371979 0.009284257 0.7375157 0.03273516 0.7437074 0.02652698 0.7207271 0.04213362 0.7258356 0.4952268 0.4595913 0.5186935 0.4614211 0.5220392 0.4709175 0.4689121 0.04569631 0.4275745 0.04163533 0.4494795 0.02507281 0.4876422 0.07458704 0.4459118 0.05968135 0.4689121 0.04569631 0.4602444 0.08244663 0.4256774 0.07353687 0.4459118 0.05968135 0.4459118 0.05968135 0.4085351 0.06012326 0.4275745 0.04163533 0.5024523 0.0861575 0.478028 0.1104496 0.4876422 0.07458704 0.5096664 0.09572106 0.4882434 0.1150987 0.5024523 0.0861575 0.4882434 0.1150987 0.490565 0.1482032 0.4795386 0.1491138 0.478028 0.1104496 0.4795386 0.1491138 0.4614186 0.1466377 0.4373444 0.0927453 0.4646465 0.1042703 0.447377 0.1178004 0.478028 0.1104496 0.4602444 0.08244663 0.4876422 0.07458704 0.447377 0.1178004 0.478028 0.1104496 0.4614186 0.1466377 0.5120967 0.2298108 0.4853318 0.2411015 0.4949179 0.2126054 0.531655 0.2342 0.5040196 0.2471082 0.5120967 0.2298108 0.5040196 0.2471082 0.5169647 0.2660613 0.4932365 0.2648158 0.4853318 0.2411015 0.4932365 0.2648158 0.4688242 0.2649091 0.4640518 0.21545 0.4772941 0.2329879 0.464379 0.2423583 0.4949179 0.2126054 0.4772941 0.2329879 0.4799454 0.2112388 0.464379 0.2423583 0.4853318 0.2411015 0.4688242 0.2649091 0.4200749 0.007120966 0.4100365 0.02918791 0.3936824 0.0216751 0.4354627 0.01347219 0.4275745 0.04163533 0.4100365 0.02918791 0.4100365 0.02918791 0.4085351 0.06012326 0.3863605 0.04876679 0.3936824 0.0216751 0.3863605 0.04876679 0.3590695 0.03723853 0.3638831 0.01436257 0.3813778 0.01885205 0.3578637 0.02294546 0.3936824 0.0216751 0.390555 0.01185196 0.4200749 0.007120966 0.3590695 0.03723853 0.3813778 0.01885205 0.3936824 0.0216751 0.3458865 0.1742677 0.3516567 0.1454355 0.364389 0.1715494 0.3228 0.1735261 0.3398326 0.1539588 0.3458865 0.1742677 0.3298625 0.1242613 0.3398326 0.1539588 0.3217112 0.1473581 0.3300419 0.4959271 0.3465623 0.4710324 0.3585914 0.4918194 0.3070991 0.5109624 0.3241737 0.4826359 0.3300419 0.4959271 0.0628767 0.4102682 0.02969133 0.3916501 0.05467587 0.3927106 0.08742094 0.4143365 0.05467587 0.3927106 0.08193445 0.3929781 0.3835606 0.4711685 0.3601363 0.4689685 0.3641447 0.4572019 0.3585914 0.4918194 0.3601363 0.4689685 0.3732115 0.4821814 0.1057792 0.4088454 0.08742094 0.4143365 0.08193445 0.3929781 0.08886718 0.355143 0.1240534 0.3434886 0.1108801 0.365018 0.08886718 0.355143 0.06685012 0.3244326 0.09624451 0.3304871 0.09624451 0.3304871 0.0698359 0.2922374 0.1056133 0.3002439 0.09624451 0.3304871 0.1394861 0.3154399 0.1240534 0.3434886 0.1462663 0.1830455 0.1699154 0.1673611 0.1745188 0.1903914 0.1384254 0.1608128 0.1462663 0.1830455 0.1198829 0.1733443 0.1588106 0.1470299 0.1519157 0.1686137 0.1384254 0.1608128 0.8638536 0.8058903 0.8230471 0.8106741 0.8237746 0.8060031 0.576107 0.02685391 0.5557574 0.04188525 0.5496637 0.02811336 0.2056292 0.4590311 0.1774013 0.4489662 0.2097039 0.4466103 0.5901218 0.7985733 0.5623635 0.774464 0.5666499 0.77202 0.8938572 0.7935623 0.9183839 0.7710224 0.8968096 0.7975031 0.5666499 0.77202 0.549318 0.7362276 0.5541833 0.7354201 0.8938572 0.7935623 0.8652159 0.8106274 0.8638536 0.8058903 0.5541573 0.6967554 0.549318 0.7362276 0.5493112 0.6958271 0.6531125 0.03158545 0.6130564 0.022915 0.6519258 0.01735305 0.5806645 0.04066395 0.6130564 0.022915 0.6160051 0.03687155 0.9256893 0.6898958 0.9304059 0.7307021 0.9258272 0.7299838 0.8786074 0.4463899 0.9037308 0.4695459 0.9000825 0.472316 0.9142559 0.7683455 0.9304059 0.7307021 0.9183839 0.7710224 0.8786074 0.4463899 0.8507146 0.4277969 0.8809775 0.4423315 0.7592696 0.6654908 0.7430043 0.7032201 0.7551207 0.6628294 0.8496418 0.4325951 0.8154937 0.4278129 0.8507146 0.4277969 0.1928768 0.8406062 0.1750357 0.8611837 0.1736104 0.846455 0.1895313 0.8837787 0.1750357 0.8611837 0.1922304 0.8640618 0.8493887 0.9335728 0.8609461 0.94479 0.844468 0.9468753 0.1038141 0.5908686 0.0934574 0.5573768 0.1231073 0.5716387 0.08858251 0.6119198 0.08032232 0.5766101 0.1038141 0.5908686 0.0659191 0.5946961 0.05549252 0.5616357 0.08032232 0.5766101 0.0934574 0.5573768 0.05549252 0.5616357 0.07257932 0.5322187 0.110527 0.531942 0.1007249 0.5470355 0.09368163 0.5305481 0.0934574 0.5573768 0.1146264 0.5515908 0.1231073 0.5716387 0.09368163 0.5305481 0.0934574 0.5573768 0.07257932 0.5322187 0.7478361 0.7439404 0.7430043 0.7032201 0.747688 0.7038601 0.1752991 0.4611542 0.1382489 0.4462767 0.1774013 0.4489662 0.1382489 0.4462767 0.1022541 0.4521604 0.1009578 0.4395539 0.7844036 0.4461104 0.8154937 0.4278129 0.8159973 0.4326322 0.5032275 0.8195328 0.4773681 0.7972152 0.4996386 0.7965623 0.801631 0.1146172 0.8141786 0.1501655 0.7969427 0.1153913 0.7613285 0.4706864 0.7446872 0.5024947 0.7576419 0.4678827 0.4773681 0.7972152 0.5032275 0.7758857 0.4996386 0.7965623 0.5203152 0.3778058 0.4992449 0.4021624 0.4946663 0.3870773 0.6832963 0.02590334 0.6519258 0.01735305 0.6840742 0.01127052 0.843917 0.1713744 0.8141786 0.1501655 0.8174059 0.1474419 0.7613285 0.4706864 0.7820155 0.4420292 0.7844036 0.4461104 0.9624468 0.07308781 0.9501443 0.03742074 0.9663113 0.07271325 0.8106577 0.617169 0.8452928 0.621969 0.8096327 0.621969 0.9201608 0.01633071 0.9501443 0.03742074 0.9466418 0.04027771 0.875896 0.6036537 0.8452928 0.621969 0.8443143 0.6171324 0.375937 0.3108326 0.4168519 0.3175191 0.3927479 0.3346698 0.3634455 0.2922265 0.4045496 0.3029821 0.375937 0.3108326 0.4045496 0.3029821 0.4205632 0.2787812 0.4304507 0.2935023 0.4168519 0.3175191 0.4304507 0.2935023 0.4489327 0.3032654 0.4337994 0.3383363 0.4240495 0.3260113 0.4389243 0.3225094 0.4168519 0.3175191 0.4159866 0.3388011 0.3927479 0.3346698 0.4389243 0.3225094 0.4168519 0.3175191 0.4489327 0.3032654 0.9658583 0.1089808 0.9615899 0.1451878 0.957899 0.1428973 0.4219831 0.4004206 0.4619351 0.4106719 0.4231801 0.4161265 0.4619351 0.4106719 0.4946663 0.3870773 0.4992449 0.4021624 0.7602171 0.5774482 0.7445889 0.5426669 0.7486186 0.5417742 0.4675336 0.9360846 0.4876909 0.9580954 0.4662054 0.9588633 0.9658583 0.1089808 0.9663113 0.07271325 0.9694299 0.1100665 0.7488887 0.5036385 0.7445889 0.5426669 0.7446872 0.5024947 0.4876909 0.9580954 0.4702947 0.9798232 0.4662054 0.9588633 0.2051043 0.09990715 0.1896109 0.06970846 0.2269385 0.08484017 0.1904692 0.1177214 0.1819729 0.08952176 0.2051043 0.09990715 0.1819729 0.08952176 0.1544626 0.1072919 0.157085 0.0841062 0.1896109 0.06970846 0.157085 0.0841062 0.1513807 0.05966973 0.1636086 0.03450822 0.1939563 0.05812621 0.158403 0.04638361 0.2336454 0.05783951 0.1939563 0.05812621 0.1981651 0.04600942 0.2303722 0.07035851 0.1896109 0.06970846 0.1939563 0.05812621 0.158403 0.04638361 0.1896109 0.06970846 0.1513807 0.05966973 0.2336454 0.05783951 0.2024413 0.03171992 0.239591 0.04410707 0.1636086 0.03450822 0.2024413 0.03171992 0.1981651 0.04600942 0.8061788 0.04480773 0.8230221 0.0144152 0.8258118 0.01841086 0.9000825 0.472316 0.9161977 0.507115 0.911693 0.5079904 0.8547883 0.004500091 0.8230221 0.0144152 0.85342 0 0.9114108 0.5461257 0.9161977 0.507115 0.91566 0.5472712 0.8887963 0.8714489 0.9116502 0.8506548 0.9116628 0.8716422 0.8887963 0.8714489 0.9116502 0.8944348 0.888782 0.9027827 0.8027054 0.8592098 0.7817324 0.8386432 0.8025395 0.8425201 0.8027054 0.8592098 0.7747538 0.8871862 0.7753044 0.859426 0.7747538 0.8871862 0.7541612 0.8662388 0.7753044 0.859426 0.7753044 0.859426 0.7563024 0.8405688 0.7817324 0.8386432 0.8493064 0.8405688 0.8304659 0.859426 0.8236346 0.8386432 0.8512547 0.8662388 0.8307066 0.8871862 0.8304659 0.859426 0.8307066 0.8871862 0.8027054 0.8592098 0.8304659 0.859426 0.8236346 0.8386432 0.8027054 0.8592098 0.8025395 0.8425201 0.8512918 0.908141 0.8307066 0.8871862 0.8473965 0.8873374 0.8493887 0.9335728 0.8305148 0.9145874 0.8512918 0.908141 0.8237207 0.9357367 0.802755 0.9151627 0.8305148 0.9145874 0.8307066 0.8871862 0.802755 0.9151627 0.8025069 0.8874098 0.6751707 0.8484978 0.669101 0.8172225 0.6800947 0.8172258 0.9793167 0.730776 0.9678948 0.7588472 0.967862 0.7306527 0.6735202 0.8869852 0.6641736 0.8483681 0.6751707 0.8484978 0.6735202 0.8869852 0.6641736 0.9242582 0.6625072 0.886757 0.6751707 0.9245929 0.669101 0.9527792 0.6641736 0.9242582 0.9300325 0.9123365 0.9435127 0.9447148 0.9321038 0.9451162 0.5826262 0.882688 0.5956198 0.8451589 0.5934609 0.8822582 0.5826262 0.882688 0.5956198 0.9207397 0.5847668 0.9212654 0.5847668 0.9212654 0.6020029 0.9524949 0.5911502 0.953146 0.9300325 0.8371508 0.9435127 0.8107781 0.941443 0.8370761 0.9793167 0.6547603 0.9678948 0.6234319 0.9793474 0.6232244 0.5847668 0.8454805 0.6020029 0.8174907 0.5956198 0.8451589 0.9793068 0.6933069 0.967862 0.6548417 0.9793167 0.6547603 0.9793068 0.6933069 0.967862 0.7306527 0.9678509 0.6932909 0.9293377 0.8736782 0.941443 0.8370761 0.940743 0.8734926 0.9293377 0.8736782 0.941443 0.9120593 0.9300325 0.9123365 0.07531827 0.4191291 0.1009578 0.4395539 0.0741859 0.4299243 0.2728268 0.04314136 0.239591 0.04410707 0.2431355 0.03321421 0.3936233 0.4277969 0.4231801 0.4161265 0.4250366 0.4269663 0.1433231 0 0.1662957 0.01969027 0.1394666 0.01078665 0.5482955 0.01678669 0.576107 0.02685391 0.5496637 0.02811336 0.2103843 0.4357596 0.1774013 0.4489662 0.1782075 0.4381303 0.5746127 0.01554143 0.6130564 0.022915 0.576107 0.02685391 0.6502337 0.006065368 0.6130564 0.022915 0.6114543 0.01162135 0.1782075 0.4381303 0.1382489 0.4462767 0.1391464 0.4354706 0.1019635 0.4287424 0.1382489 0.4462767 0.1009578 0.4395539 0.6822578 0 0.6519258 0.01735305 0.6502337 0.006065368 0.5280203 0.403124 0.4992449 0.4021624 0.5264886 0.3922275 0.4250366 0.4269663 0.4619351 0.4106719 0.4636992 0.4215451 0.5009029 0.4130386 0.4619351 0.4106719 0.4992449 0.4021624 0.1700315 0.008861184 0.2024413 0.03171992 0.1662957 0.01969027 0.2431355 0.03321421 0.2024413 0.03171992 0.2060772 0.02085638 0.6551274 0.8170824 0.6641736 0.8483681 0.6501863 0.8481441 0.9533776 0.7586885 0.967862 0.7306527 0.9678948 0.7588472 0.6501863 0.8481441 0.6625072 0.886757 0.6484985 0.8864815 0.6501863 0.92392 0.6625072 0.886757 0.6641736 0.9242582 0.6551274 0.9523504 0.6641736 0.9242582 0.669101 0.9527792 0.957958 0.9443255 0.941443 0.9120593 0.9558842 0.9117481 0.6093115 0.8446585 0.5934609 0.8822582 0.5956198 0.8451589 0.6093115 0.9201256 0.5934609 0.8822582 0.6071253 0.8816921 0.6157097 0.951799 0.5956198 0.9207397 0.6093115 0.9201256 0.957958 0.8106741 0.941443 0.8370761 0.9435127 0.8107781 0.9533776 0.6235616 0.967862 0.6548417 0.9533436 0.6548883 0.6157097 0.8170824 0.5956198 0.8451589 0.6020029 0.8174907 0.9533436 0.6548883 0.9678509 0.6932909 0.9533323 0.6932874 0.9533436 0.7305852 0.9678509 0.6932909 0.967862 0.7306527 0.9558842 0.8368778 0.940743 0.8734926 0.941443 0.8370761 0.9558842 0.9117481 0.940743 0.8734926 0.9551754 0.8732242 0.2305492 0.7978925 0.2507541 0.769671 0.2442408 0.7973927 0.972482 0.4594175 0.9579969 0.4279268 0.9725139 0.4277969 0.5776122 0.8487785 0.5686526 0.8172872 0.5826261 0.817427 0.972482 0.5342435 0.9579969 0.5624327 0.9579635 0.5341754 0.5759244 0.8866801 0.5636249 0.8485552 0.5776122 0.8487785 0.5759244 0.8866801 0.5636246 0.9233438 0.5619159 0.8864046 0.2283626 0.834492 0.2442407 0.8718764 0.2305492 0.8724914 0.2283626 0.834492 0.2442408 0.7973927 0.242027 0.8339259 0.9724708 0.4973812 0.9579635 0.5341754 0.957952 0.4973777 0.9724708 0.4973812 0.9579635 0.4594649 0.972482 0.4594175 0.7117268 0.8438 0.7282801 0.8172747 0.726168 0.8436023 0.2305492 0.8724914 0.2507541 0.9037685 0.2370473 0.9044645 0.7110177 0.8797156 0.726168 0.8436023 0.7254503 0.8794472 0.7110177 0.8797156 0.726168 0.917497 0.7117268 0.917809 0.7117268 0.917809 0.7282801 0.9503118 0.7138347 0.9507013 0.5776122 0.9236827 0.5686526 0.9519335 0.5636246 0.9233438 0.9825678 0.8432263 0.9696815 0.8107112 0.9826021 0.8106742 0.6180329 0.8460157 0.6371688 0.8170824 0.6301047 0.8454456 0.9825432 0.8798784 0.9696453 0.8432083 0.9825678 0.8432263 0.9825432 0.8798784 0.9696453 0.9154114 0.9696329 0.8799237 0.917779 0.4547337 0.9334843 0.4278897 0.930599 0.454697 0.6180329 0.9179248 0.6371688 0.9503158 0.6249988 0.9508589 0.9161978 0.5260567 0.9305549 0.5600372 0.9177048 0.5600285 0.7056429 0.9217525 0.6985586 0.9508611 0.6931055 0.9215633 0.9162698 0.4892159 0.9290161 0.5260942 0.9161978 0.5260567 0.9162698 0.4892159 0.930599 0.454697 0.9290443 0.4891646 0.7056429 0.8495491 0.6985588 0.8170823 0.7110179 0.817287 0.9825678 0.9153543 0.9696815 0.9443504 0.9696453 0.9154114 0.7038283 0.8861306 0.6931055 0.9215633 0.6912241 0.8859252 0.7038283 0.8861306 0.6931057 0.8492848 0.7056429 0.8495491 0.6157098 0.8812222 0.6301047 0.8454456 0.6276672 0.8806573 0.6157098 0.8812222 0.6301046 0.9174296 0.6180329 0.9179248 0.2629241 0.7692124 0.2442408 0.7973927 0.2507541 0.769671 0.9450762 0.4279636 0.9579635 0.4594649 0.945041 0.4594528 0.5561934 0.8170824 0.5636249 0.8485552 0.5510872 0.8482969 0.9450762 0.5623849 0.9579635 0.5341754 0.9579969 0.5624327 0.5510872 0.8482969 0.5619159 0.8864046 0.5493112 0.8861994 0.5510872 0.9231489 0.5619159 0.8864046 0.5636246 0.9233438 0.2563123 0.8713753 0.242027 0.8339259 0.2539835 0.8333607 0.2563123 0.7968284 0.242027 0.8339259 0.2442408 0.7973927 0.945041 0.5342267 0.957952 0.4973777 0.9579635 0.5341754 0.945041 0.4594528 0.957952 0.4973777 0.9450419 0.4974232 0.741127 0.8170824 0.726168 0.8436023 0.7282801 0.8172747 0.2629241 0.9032256 0.2442407 0.8718764 0.2563123 0.8713753 0.7389841 0.8432871 0.7254503 0.8794472 0.726168 0.8436023 0.7389841 0.9172446 0.7254503 0.8794472 0.7382201 0.8791124 0.741127 0.9500359 0.726168 0.917497 0.7389841 0.9172446 0.5561934 0.9516441 0.5636246 0.9233438 0.5686526 0.9519335 0.9581878 0.8120919 0.9696453 0.8432083 0.9580071 0.8437713 0.6484988 0.8183048 0.6301047 0.8454456 0.6371688 0.8170824 0.9580071 0.8437713 0.9696329 0.8799237 0.957958 0.8798764 0.9580071 0.9146438 0.9696329 0.8799237 0.9696453 0.9154114 0.945041 0.4296833 0.930599 0.454697 0.9334843 0.4278897 0.6484988 0.9485235 0.6301046 0.9174296 0.6414547 0.9164388 0.9421775 0.5588405 0.9290161 0.5260942 0.9407275 0.5256771 0.9421775 0.5588405 0.9333725 0.5858459 0.9305549 0.5600372 0.9407275 0.5256771 0.9290443 0.4891646 0.9407082 0.4892953 0.942281 0.4555957 0.9290443 0.4891646 0.930599 0.454697 0.6878603 0.8182729 0.6931057 0.8492848 0.682179 0.8496488 0.9581881 0.9427071 0.9696453 0.9154114 0.9696815 0.9443504 0.682179 0.9205952 0.6912241 0.8859252 0.6931055 0.9215633 0.682179 0.8496488 0.6912241 0.8859252 0.680095 0.8856673 0.6414548 0.8457815 0.6276672 0.8806573 0.6301047 0.8454456 0.6414547 0.9164388 0.6276672 0.8806573 0.6388326 0.8802586 0.4689649 0.7672435 0.4885215 0.7390487 0.4802995 0.7676506 0.8771439 0.9034261 0.8887403 0.9361824 0.8772545 0.9375761 0.2283625 0.8342317 0.2166967 0.7989035 0.2283625 0.7983376 0.2272174 0.7692124 0.2166967 0.7989035 0.2155077 0.769516 0.2267808 0.8665575 0.2119688 0.8944283 0.2151422 0.8657857 0.2267808 0.8665575 0.216645 0.8340858 0.2283625 0.8342317 0.4879776 0.8915235 0.4885215 0.8625223 0.4991807 0.8900246 0.4689649 0.8297282 0.4885215 0.8625223 0.4771941 0.8643269 0.4988692 0.9256529 0.4922316 0.8933985 0.5028219 0.8915236 0.8771439 0.8407512 0.8887403 0.8123329 0.8887818 0.8415913 0.4662052 0.7976151 0.4802995 0.8286563 0.4689649 0.8297282 0.4662052 0.7976151 0.4802995 0.7676506 0.4773681 0.7972152 0.4988177 0.9576507 0.4879806 0.9267847 0.4988692 0.9256529 0.4988177 0.9576507 0.4918399 0.9879184 0.4876909 0.9580954 0.8771205 0.8714025 0.8887818 0.8415913 0.8887963 0.8714489 0.8771205 0.8714025 0.888782 0.9027827 0.8771439 0.9034261 0.9667407 0.2173221 0.9821684 0.1881045 0.9753169 0.2175442 0.2724674 0.7021111 0.2633026 0.6692834 0.2724135 0.6687071 0.9754031 0.456797 0.9881896 0.4279581 0.9804053 0.458101 0.9817807 0.6523547 0.9935177 0.6232245 0.986504 0.6526741 0.5486454 0.8644722 0.5434626 0.831545 0.5485412 0.830995 1 0.76427 0.9939721 0.7315229 0.9995797 0.72984 0.9367661 0.6510729 0.9533324 0.6254479 0.9415725 0.6556868 0.9966207 0.5633139 0.9894357 0.5322449 0.9952645 0.5274731 0.2662569 0.8384623 0.2716249 0.8100003 0.2724673 0.8406004 0.2633997 0.7769448 0.2716249 0.8100003 0.2646037 0.8113097 0.2630931 0.7381544 0.2692949 0.7722974 0.2633997 0.7769448 0.2630931 0.7381544 0.2724673 0.706982 0.2693664 0.7381676 0.9463647 0.7856898 0.945002 0.758282 0.9533324 0.7875711 0.945002 0.758282 0.9320574 0.7261563 0.937447 0.7214711 0.9894357 0.4567849 0.9966207 0.4298136 0.9952643 0.4613589 0.508513 0.9242088 0.5062852 0.8934226 0.5122602 0.8915235 0.5434626 0.7522152 0.5486454 0.7227287 0.5485412 0.7527393 0.9915367 0.03280013 0.9917717 5.82933e-5 0.9966458 0 0.9893594 0.2208863 0.9889729 0.1883207 0.9944153 0.1881046 0.9939721 0.6527822 1 0.6236038 0.9995797 0.6543298 0.9798735 0.03283917 0.976223 1.19746e-4 0.9849433 0 0.2633026 0.5887042 0.2724674 0.5592909 0.2724135 0.5892855 0.9837387 0.2224532 0.9879186 0.2608104 0.9821687 0.2607532 0.9865935 0.03325295 0.98989 0.0729829 0.9849432 0.0728951 0.98989 0.0729829 0.9865935 0.1115904 0.9849432 0.0728951 0.9879186 0.2608104 0.9837387 0.2980424 0.9821687 0.2607532 0.9804053 0.5333821 0.9725138 0.4952817 0.9776783 0.4949762 0.9865041 0.7306923 0.9793474 0.6911668 0.9840972 0.6909545 0.9793474 0.6911668 0.986504 0.6526741 0.9840972 0.6909545 0.9725138 0.4952817 0.9804053 0.458101 0.9776783 0.4949762 0.5433375 0.7912997 0.5485412 0.830995 0.5434626 0.831545 0.5433375 0.7912997 0.5485412 0.7527393 0.5484302 0.7912901 0.9935179 0.6915355 0.9995797 0.6543298 0.9992757 0.691473 0.9935179 0.6915355 0.9995797 0.72984 0.9939721 0.7315229 0.9834142 0.8384469 0.9947543 0.8108673 0.9924716 0.8388515 0.9821686 0.3304912 0.9667406 0.2976566 0.9753168 0.2967248 0.2641437 0.4466373 0.2724674 0.4194259 0.2696278 0.4479948 0.2639765 0.8682606 0.2713766 0.8406975 0.2690064 0.8686699 0.9935177 0.7645377 0.9817807 0.7314438 0.9865041 0.7306923 0.9881896 0.5681973 0.975403 0.5352987 0.9804053 0.5333821 0.9826021 0.8771793 0.9924716 0.8388515 0.9916635 0.8770129 0.9826021 0.8771793 0.9924716 0.9174059 0.9834142 0.9181461 0.2630931 0.9063474 0.2690064 0.9460713 0.2639765 0.9467243 0.2630931 0.9063474 0.2690064 0.8686699 0.2681414 0.9062318 0.2628853 0.4843663 0.2696278 0.4479948 0.2685256 0.4841337 0.2628853 0.4843663 0.2696278 0.5226806 0.2641437 0.5245183 0.9753168 0.2967248 0.9644148 0.2567735 0.972997 0.2564195 0.9644148 0.2567735 0.9753169 0.2175442 0.972997 0.2564195 0.937447 0.7214711 0.9304058 0.6874882 0.9361104 0.6874842 0.9304058 0.6874882 0.9415725 0.6556868 0.9361104 0.6874842 0.9834142 0.9181461 0.9947543 0.9521281 0.9856543 0.9525555 0.9798737 0.1135024 0.976223 0.1430891 0.9710837 0.1127499 0.9915367 0.1122128 0.9917717 0.1419497 0.9865935 0.1115904 0.2639765 0.9467243 0.2713766 0.9808933 0.266294 0.9811245 0.2641437 0.5245183 0.2724674 0.5585561 0.2667298 0.5589489 0.9893594 0.2997093 0.9889727 0.3291339 0.9837387 0.2980424 0.9710837 0.03324538 0.9782208 0.07363426 0.9694301 0.07346045 0.9782208 0.07363426 0.9710837 0.1127499 0.9694301 0.07346045 0.5028217 0.9291464 0.5094106 0.9625974 0.5029571 0.9628673 0.5094106 0.9625974 0.5061045 0.995248 0.5029571 0.9628673 0.2632297 0.6284281 0.2724135 0.5892855 0.2723439 0.6284313 0.2632297 0.6284281 0.2724135 0.6687071 0.2633026 0.6692834 0.9881895 0.4937887 0.9952645 0.5274731 0.9894357 0.5322449 0.9881895 0.4937887 0.9952643 0.4613589 0.9946082 0.4937031 0.1082266 0.7740446 0.07299268 0.769217 0.1091129 0.7692124 0.8291242 0.3629928 0.8047922 0.3393481 0.8085641 0.3367809 0.004789471 0.8420971 0 0.882057 4.8089e-4 0.8410932 0.8577181 0.3765739 0.8924344 0.3813981 0.8567339 0.3813981 0.01485633 0.9183865 0 0.882057 0.004325628 0.8812601 0.6661966 0.618361 0.7031452 0.6079894 0.6669948 0.6232245 0.9239401 0.3637836 0.8924344 0.3813981 0.8917168 0.3765339 0.136682 0.7875146 0.1091129 0.7692124 0.1391748 0.7835061 0.726276 0.5773612 0.7031452 0.6079894 0.7003613 0.6039171 0.8338491 0.2057216 0.8654311 0.188111 0.8660722 0.1929713 0.136682 0.7875146 0.1604833 0.8114507 0.1567524 0.8139441 0.629383 0.6184052 0.6669948 0.6232245 0.6284494 0.6232245 0.9000712 0.1929313 0.8654311 0.188111 0.9010027 0.1881045 0.1668193 0.8902334 0.171571 0.8502713 0.1710108 0.8912305 0.629383 0.6184052 0.592595 0.6091468 0.5951294 0.6049139 0.3143847 0.7411903 0.2861476 0.7651211 0.3115352 0.7371616 0.1567524 0.8139441 0.171571 0.8502713 0.1672819 0.8510704 0.6987885 0.4461153 0.7293935 0.4692692 0.7253143 0.4720429 0.3143847 0.7411903 0.3463549 0.7225536 0.347267 0.7274032 0.1308882 0.9457796 0.09857833 0.9631114 0.09795439 0.9582446 0.7397351 0.506231 0.7293935 0.4692692 0.744589 0.505422 0.7022033 0.6417331 0.7299519 0.665844 0.7256754 0.6682864 0.4475955 0.7641149 0.4662052 0.7961076 0.4613614 0.7970205 0.06338214 0.9582859 0.09857833 0.9631114 0.06237876 0.9631114 0.6277213 0.4326682 0.590796 0.4430442 0.6269086 0.427802 0.7022033 0.6417331 0.6704365 0.6232333 0.7050602 0.6377248 0.4475955 0.7641149 0.4236911 0.7358626 0.451613 0.7612679 0.5676419 0.473668 0.590796 0.4430442 0.5935567 0.4471121 0.7256754 0.6682864 0.7430042 0.7040792 0.7381421 0.7048862 0.4613614 0.7970205 0.4662052 0.8359562 0.4613436 0.8351196 0.6645359 0.4326242 0.6269086 0.427802 0.6654278 0.427797 0.4486244 0.8710328 0.4662052 0.8359562 0.4528845 0.8735123 0.738168 0.743551 0.7430042 0.7040792 0.7430042 0.7444809 0.6645359 0.4326242 0.7013084 0.4418796 0.6987885 0.4461153 0.2776741 0.8416135 0.272837 0.802679 0.2776919 0.8035145 0.724533 0.7762634 0.7430042 0.7444809 0.7285316 0.7791338 0.5541828 0.5447982 0.5645478 0.5817644 0.5493144 0.5456045 0.290411 0.7676012 0.272837 0.802679 0.2861476 0.7651211 0.724533 0.7762634 0.7004461 0.8040339 0.6980087 0.7997475 0.5951294 0.6049139 0.5645478 0.5817644 0.5686038 0.5789864 0.4212138 0.7401289 0.3861744 0.7225478 0.4236911 0.7358626 0.5541512 0.5079538 0.5634046 0.4711388 0.5676419 0.473668 0.347267 0.7274032 0.3861744 0.7225478 0.3853343 0.7274098 0.8762732 0.1832662 0.909834 0.1881045 0.8753191 0.1881045 0.5541512 0.5079538 0.5493144 0.5456045 0.5493113 0.507038 0.2914398 0.8745191 0.3153409 0.9027709 0.2874075 0.8773636 0.8762732 0.1832662 0.8419659 0.1758223 0.843917 0.1713744 0.7397677 0.5430756 0.7304987 0.5798877 0.726276 0.5773612 0.2914398 0.8745191 0.2728268 0.8425258 0.2776741 0.8416135 0.9092896 0.183205 0.9413008 0.173171 0.909834 0.1881045 0.7397677 0.5430756 0.744589 0.505422 0.7445659 0.5439835 0.3178217 0.8985052 0.3528678 0.9160874 0.3153409 0.9027709 0.957899 0.1428973 0.9413008 0.173171 0.938236 0.1693088 0.7816935 0.6033743 0.7566165 0.58022 0.7602171 0.5774482 0.3917685 0.9112308 0.3528678 0.9160874 0.3537012 0.9112243 0.7983415 0.07866501 0.8016641 0.04291671 0.8061788 0.04480773 0.7816935 0.6033743 0.8096327 0.621969 0.7790586 0.6074231 0.4246507 0.8974437 0.3926771 0.9160798 0.3917685 0.9112308 0.7983415 0.07866501 0.7969427 0.1153913 0.7934506 0.07821917 0.8989724 0.5790777 0.91566 0.5472712 0.9023942 0.5818718 0.4246507 0.8974437 0.4528845 0.8735123 0.4274854 0.9014698 0.8879268 0.00437963 0.85342 0 0.8875616 1.81139e-4 0.8989724 0.5790777 0.8783318 0.6077367 0.875896 0.6036537 0.8879268 0.00437963 0.9212881 0.01228219 0.9201608 0.01633071 0.6297137 0.3733085 0.6521762 0.3684672 0.6553948 0.3824662 0.672067 0.3855215 0.6553948 0.3824662 0.6521762 0.3684672 0.390209 0.7036772 0.4109219 0.7126809 0.4018035 0.7225478 0.6521762 0.3684672 0.6463598 0.3440659 0.6738625 0.3393623 0.6521762 0.3684672 0.6297137 0.3733085 0.6183496 0.3511845 0.6463598 0.3440659 0.6183496 0.3511845 0.6060202 0.3222249 0.6738625 0.3393623 0.6463598 0.3440659 0.6401993 0.314047 0.6693167 0.3095901 0.6401993 0.314047 0.6358653 0.2819412 0.6401993 0.314047 0.6060202 0.3222249 0.6063228 0.2858929 0.6358653 0.2819412 0.6063228 0.2858929 0.6034744 0.2533958 0.6655916 0.2778342 0.6358653 0.2819412 0.6324228 0.2490818 0.6063228 0.2858929 0.5893843 0.2872601 0.5850193 0.2561902 0.6063228 0.2858929 0.6060202 0.3222249 0.5894688 0.3161088 0.5894688 0.3161088 0.5783765 0.3166458 0.5769932 0.288373 0.5850193 0.2561902 0.5893843 0.2872601 0.5769932 0.288373 0.5783765 0.3166458 0.5628655 0.3172972 0.559598 0.2896623 0.5628655 0.3172972 0.5442273 0.3194158 0.5390004 0.2906212 0.5390004 0.2906212 0.5358145 0.2611692 0.5549643 0.261556 0.559598 0.2896623 0.5549643 0.261556 0.5712336 0.2589001 0.5549643 0.261556 0.5507091 0.2411268 0.5616989 0.2327319 0.5358145 0.2611692 0.5362142 0.2348883 0.5507091 0.2411268 0.5450825 0.2120027 0.5616989 0.2327319 0.5507091 0.2411268 0.2611553 0.6500511 0.2386789 0.652507 0.2357901 0.6307314 0.2611553 0.6500511 0.2628853 0.675825 0.2402611 0.6799214 0.2402611 0.6799214 0.2153728 0.684273 0.214666 0.6588719 0.2357901 0.6307314 0.2386789 0.652507 0.214666 0.6588719 0.2153728 0.684273 0.1919289 0.687567 0.1968707 0.6675276 0.1861972 0.6635541 0.1968707 0.6675276 0.1919289 0.687567 0.2052357 0.6412792 0.214666 0.6588719 0.1968707 0.6675276 0.2135963 0.7127304 0.1883128 0.7147014 0.1919289 0.687567 0.2135963 0.7127304 0.2108646 0.7398324 0.1874748 0.7406919 0.1883128 0.7147014 0.1874748 0.7406919 0.1682605 0.7425459 0.1883128 0.7147014 0.1679034 0.7155118 0.1738476 0.6878214 0.1874748 0.7406919 0.1890199 0.7582086 0.1753135 0.7646412 0.2108646 0.7398324 0.2061172 0.7621646 0.1890199 0.7582086 0.5241485 0.6328197 0.5463293 0.6126508 0.5493113 0.6259002 0.2356395 0.7368788 0.2299304 0.7604191 0.2061172 0.7621646 0.2356395 0.7368788 0.258377 0.7313843 0.2528904 0.7534946 0.5105524 0.693028 0.4929609 0.6951367 0.5085572 0.6651683 0.5379785 0.6441486 0.5238636 0.6691485 0.5085572 0.6651683 0.4822111 0.6881214 0.4976342 0.661955 0.5085572 0.6651683 0.4665702 0.6814929 0.483082 0.655758 0.4976342 0.661955 0.483082 0.655758 0.4961784 0.6278316 0.5096088 0.6345829 0.5085572 0.6651683 0.4976342 0.661955 0.5096088 0.6345829 0.4961784 0.6278316 0.483082 0.655758 0.457979 0.6443364 0.483082 0.655758 0.4665702 0.6814929 0.4420089 0.6707238 0.457979 0.6443364 0.4420089 0.6707238 0.417112 0.6592797 0.4725743 0.6154693 0.457979 0.6443364 0.4321864 0.6321612 0.417112 0.6592797 0.4000446 0.6512179 0.4164417 0.6251009 0.4000446 0.6512179 0.3834547 0.645954 0.4039236 0.6185989 0.4039236 0.6185989 0.4143639 0.5899178 0.4256984 0.593851 0.4321864 0.6321612 0.4164417 0.6251009 0.4256984 0.593851 0.4143639 0.5899178 0.4039236 0.6185989 0.3858847 0.6073062 0.4039236 0.6185989 0.3834547 0.645954 0.370616 0.6301782 0.370616 0.6301782 0.3491938 0.6169659 0.363081 0.5925136 0.3980583 0.5819492 0.3858847 0.6073062 0.363081 0.5925136 0.4148128 0.5595747 0.4039955 0.5616554 0.3911706 0.5454583 0.3980583 0.5819492 0.4039955 0.5616554 0.4148128 0.5595747 0.3775774 0.5672562 0.3911706 0.5454583 0.4039955 0.5616554 0.3839635 0.5103039 0.3709519 0.5277183 0.3490648 0.5138258 0.4034333 0.5320079 0.3911706 0.5454583 0.3709519 0.5277183 0.3911706 0.5454583 0.3775774 0.5672562 0.3551613 0.5505546 0.3490648 0.5138258 0.3709519 0.5277183 0.3551613 0.5505546 0.4291548 0.5164204 0.4125863 0.5243836 0.3934383 0.500004 0.4125863 0.5243836 0.4034333 0.5320079 0.3839635 0.5103039 0.3839635 0.5103039 0.3585914 0.4918194 0.3732115 0.4821814 0.405389 0.4888951 0.3934383 0.500004 0.3732115 0.4821814 0.4450489 0.4531291 0.4252208 0.4704815 0.4013845 0.454203 0.468658 0.4729833 0.4491859 0.4904271 0.4252208 0.4704815 0.4491859 0.4904271 0.4291548 0.5164204 0.405389 0.4888951 0.4252208 0.4704815 0.405389 0.4888951 0.3835606 0.4711685 0.4817672 0.4635083 0.4569806 0.4437462 0.4661886 0.4384386 0.468658 0.4729833 0.4450489 0.4531291 0.4569806 0.4437462 0.4569806 0.4437462 0.4450489 0.4531291 0.4205546 0.4377043 0.2059718 0.3804575 0.1979548 0.3916012 0.1737457 0.3800801 0.2291386 0.3382392 0.2168467 0.3626586 0.1960416 0.3529862 0.2291386 0.3382392 0.2497313 0.3443549 0.2381313 0.3670826 0.2381313 0.3670826 0.233389 0.3837302 0.2059718 0.3804575 0.1960416 0.3529862 0.2168467 0.3626586 0.2059718 0.3804575 0.2684498 0.2881928 0.2607423 0.3168227 0.240083 0.3098984 0.2497313 0.3443549 0.2291386 0.3382392 0.240083 0.3098984 0.240083 0.3098984 0.2291386 0.3382392 0.2067939 0.3299745 0.240083 0.3098984 0.2167243 0.3020805 0.2255123 0.2738124 0.01787847 0.6341245 0 0.6230098 0.007691264 0.6020877 0.2728268 0.2625539 0.2684498 0.2881928 0.248328 0.280664 0.248328 0.280664 0.2255123 0.2738124 0.2307018 0.2484457 0.2551996 0.2319662 0.2531486 0.253556 0.2307018 0.2484457 0.2554362 0.2031158 0.2559004 0.2181841 0.2321773 0.2099306 0.02086889 0.5743419 0.04193395 0.5842385 0.03368169 0.5975854 0.03368169 0.5975854 0.03153789 0.6147962 0.007691264 0.6020877 0.2321773 0.2099306 0.2559004 0.2181841 0.2551996 0.2319662 0.05549252 0.5616357 0.03382998 0.5497536 0.048684 0.5190543 0.04193395 0.5842385 0.02086889 0.5743419 0.03382998 0.5497536 0.254576 0.1774543 0.2554362 0.2031158 0.2305904 0.195393 0.2546096 0.1455129 0.254576 0.1774543 0.2282887 0.1709948 0.0787062 0.5008997 0.06072676 0.4898843 0.06973814 0.4678061 0.0787062 0.5008997 0.07257932 0.5322187 0.048684 0.5190543 0.2546096 0.1455129 0.2256383 0.1386847 0.2339425 0.1104156 0.2577866 0.09246623 0.2563688 0.1153148 0.2339425 0.1104156 0.2616539 0.06720125 0.2589268 0.07981216 0.2303722 0.07035851 0.07703942 0.4431981 0.1022541 0.4521604 0.09997415 0.4647831 0.09997415 0.4647831 0.09597772 0.4806335 0.06973814 0.4678061 0.2303722 0.07035851 0.2589268 0.07981216 0.2577866 0.09246623 0.8291242 0.3629928 0.8577181 0.3765739 0.8567339 0.3813981 0.8243445 0.4253342 0.8142594 0.4203268 0.8144853 0.3891331 0.2616539 0.06720125 0.2336454 0.05783951 0.239591 0.04410707 0.04072058 0.7865509 0.0385183 0.7822909 0.07299268 0.769217 0.8104529 0.2293445 0.8068489 0.226491 0.8316025 0.2015087 0.0170952 0.8096696 0.004789471 0.8420971 4.8089e-4 0.8410932 0.8104529 0.2293445 0.7981045 0.2619123 0.7938306 0.2608863 0.0170952 0.8096696 0.01350152 0.8067887 0.0385183 0.7822909 0.4802995 0.7676506 0.4885215 0.7390487 0.5129507 0.7475925 0.7981045 0.2619123 0.7977132 0.3004323 0.7934506 0.3012648 0.1545155 0.922661 0.1579159 0.9255308 0.1329734 0.9500328 0.9116056 0.9283823 0.8887403 0.9361824 0.888782 0.9027827 0.7430776 0.9283964 0.7434765 0.8869903 0.7541983 0.908141 0.5129507 0.7475925 0.5348226 0.75955 0.5234575 0.7851756 0.5433375 0.7332897 0.5348226 0.75955 0.5129507 0.7475925 0.7541612 0.8662388 0.7434765 0.8869903 0.7430042 0.8455013 0.7577618 0.8873374 0.7541983 0.908141 0.7434765 0.8869903 0.802755 0.9151627 0.7753533 0.9145874 0.7747538 0.8871862 0.802755 0.9151627 0.8026189 0.9321547 0.7818184 0.9357367 0.7753533 0.9145874 0.7818184 0.9357367 0.7563847 0.9335728 0.7747538 0.8871862 0.7753533 0.9145874 0.7541983 0.908141 0.192511 0.8044742 0.171571 0.8126532 0.1724131 0.7784697 0.1736104 0.846455 0.171571 0.8126532 0.192511 0.8044742 0.8512918 0.908141 0.8623754 0.8869903 0.8629306 0.9283964 0.8473965 0.8873374 0.8512547 0.8662388 0.8623754 0.8869903 0.8628572 0.8455013 0.8623754 0.8869903 0.8512547 0.8662388 0.8085641 0.3367809 0.8047922 0.3393481 0.7934506 0.3012648 0.1545155 0.922661 0.1668193 0.8902334 0.1710108 0.8912305 0.216645 0.8340858 0.1928768 0.8406062 0.192511 0.8044742 0.2155077 0.769516 0.2166967 0.7989035 0.192511 0.8044742 0.9286661 0.2065125 0.9000712 0.1929313 0.9010027 0.1881045 0.7796708 0.6402721 0.7592696 0.6654908 0.7551207 0.6628294 0.2151422 0.8657857 0.2119688 0.8944283 0.1895313 0.8837787 0.2151422 0.8657857 0.1922304 0.8640618 0.1928768 0.8406062 0.4991807 0.8900246 0.4885215 0.8625223 0.5129507 0.8540483 0.03492867 0.944816 0.06338214 0.9582859 0.06237876 0.9631114 0.9286661 0.2065125 0.9311409 0.2024849 0.9529445 0.2301545 0.5129507 0.8540483 0.4885215 0.8625223 0.4802995 0.8286563 0.8460363 0.8127575 0.8690432 0.8208145 0.8608435 0.8290215 0.8771206 0.8438143 0.8628572 0.8455013 0.8608435 0.8290215 0.8493064 0.8405688 0.8443619 0.8270224 0.8608435 0.8290215 0.844468 0.9468753 0.8029786 0.9464398 0.8237207 0.9357367 0.5129507 0.8540483 0.5348226 0.8430999 0.5433375 0.8757602 0.5234575 0.8111457 0.5348226 0.8430999 0.5129507 0.8540483 0.7818184 0.9357367 0.8029786 0.9464398 0.761573 0.9468753 0.8026189 0.9321547 0.8237207 0.9357367 0.8029786 0.9464398 0.8034266 0.8106741 0.8028733 0.8275409 0.7614668 0.8270224 0.8443619 0.8270224 0.8028733 0.8275409 0.8034266 0.8106741 0.8236346 0.8386432 0.8028733 0.8275409 0.8443619 0.8270224 0.8025395 0.8425201 0.7817324 0.8386432 0.8028733 0.8275409 0.7614668 0.8270224 0.8028733 0.8275409 0.7817324 0.8386432 0.7796708 0.6402721 0.7767402 0.6363151 0.8082886 0.6232244 0.03492867 0.944816 0.03224265 0.9488133 0.0110085 0.920873 0.4879806 0.9267847 0.4675336 0.9360846 0.4729035 0.9021478 0.8887818 0.8415913 0.8887403 0.8123329 0.9116054 0.8216024 0.9492251 0.2327244 0.9529445 0.2301545 0.9644148 0.2682443 0.9133412 0.6598746 0.9172976 0.6569275 0.9304059 0.6885345 0.6980087 0.7997475 0.7004461 0.8040339 0.6622495 0.8170824 0.9596846 0.307593 0.960076 0.269073 0.9644148 0.2682443 0.1383597 0.02612841 0.1394666 0.01078665 0.1662957 0.01969027 0.3923623 0.4012957 0.4219831 0.4004206 0.4231801 0.4161265 0.9133412 0.6598746 0.8881113 0.639449 0.8907658 0.6353195 0.6228107 0.812229 0.6614431 0.8122141 0.6622495 0.8170824 0.4191939 0.3887742 0.3890352 0.3897265 0.3843364 0.3793019 0.4191939 0.3887742 0.4219831 0.4004206 0.3923623 0.4012957 0.1383597 0.02612841 0.1636086 0.03450822 0.158403 0.04638361 0.1255276 0.04840707 0.1327266 0.03777134 0.158403 0.04638361 0.4938825 0.3750627 0.4572116 0.3833956 0.4559098 0.372929 0.4946663 0.3870773 0.4589897 0.3951547 0.4572116 0.3833956 0.4572116 0.3833956 0.4589897 0.3951547 0.4219831 0.4004206 0.4559098 0.372929 0.4572116 0.3833956 0.4191939 0.3887742 0.4337994 0.3383363 0.4518479 0.3361924 0.4539255 0.3554345 0.4704579 0.3302321 0.4784227 0.3481652 0.4539255 0.3554345 0.4784227 0.3481652 0.4942076 0.3622201 0.4559098 0.372929 0.4286775 0.3574694 0.4539255 0.3554345 0.4559098 0.372929 0.4704579 0.3302321 0.4518479 0.3361924 0.4508087 0.3233168 0.4389243 0.3225094 0.4508087 0.3233168 0.4518479 0.3361924 0.4489327 0.3032654 0.4640557 0.3145047 0.4508087 0.3233168 0.5149444 0.2894823 0.4882913 0.3022869 0.4850099 0.2863342 0.5106875 0.3150847 0.4900287 0.3221184 0.4882913 0.3022869 0.4900287 0.3221184 0.4704579 0.3302321 0.4640557 0.3145047 0.4850099 0.2863342 0.4882913 0.3022869 0.4640557 0.3145047 0.4688242 0.2649091 0.4932365 0.2648158 0.4800444 0.2786934 0.4850099 0.2863342 0.4800444 0.2786934 0.4932365 0.2648158 0.7713651 0.4141623 0.7752981 0.3936483 0.7842236 0.3891331 0.735922 0.1552884 0.7240616 0.1309407 0.7453565 0.1232265 0.735922 0.1552884 0.7095963 0.1631273 0.7000012 0.1401146 0.7240616 0.1309407 0.7000012 0.1401146 0.682164 0.1127653 0.7453565 0.1232265 0.7240616 0.1309407 0.7102504 0.1013468 0.7154402 0.1792157 0.7424015 0.1701612 0.7473683 0.1833026 0.7095963 0.1631273 0.735922 0.1552884 0.7424015 0.1701612 0.735922 0.1552884 0.7625951 0.1490262 0.7673864 0.1676928 0.7473683 0.1833026 0.7424015 0.1701612 0.7673864 0.1676928 0.762305 0.2298653 0.7547998 0.2032486 0.7774268 0.200484 0.762305 0.2298653 0.7376658 0.2358753 0.7314994 0.2109256 0.7314994 0.2109256 0.7183877 0.1952463 0.7473683 0.1833026 0.7547998 0.2032486 0.7473683 0.1833026 0.7718812 0.1818884 0.7934506 0.2835485 0.7709295 0.2895777 0.7679032 0.2597333 0.7460786 0.294122 0.7423352 0.2651414 0.7679032 0.2597333 0.7679032 0.2597333 0.7423352 0.2651414 0.7376658 0.2358753 0.7679032 0.2597333 0.762305 0.2298653 0.7850379 0.2253017 0.7469918 0.319293 0.7711066 0.3162503 0.7695171 0.3364695 0.7469918 0.319293 0.7460786 0.294122 0.7709295 0.2895777 0.7709295 0.2895777 0.7934506 0.2835485 0.7930913 0.3085187 0.5358145 0.1006743 0.5181578 0.1117579 0.5096664 0.09572106 0.4876422 0.07458704 0.5091773 0.05525058 0.5200815 0.06849169 0.5091773 0.05525058 0.5260711 0.04504871 0.5358145 0.05773568 0.7421396 0.3557433 0.738651 0.3417326 0.7695171 0.3364695 0.5024523 0.0861575 0.5200815 0.06849169 0.5271924 0.08068305 0.5081213 0.02463221 0.4898819 0.03339231 0.4698499 0.01229614 0.5260711 0.04504871 0.5091773 0.05525058 0.4898819 0.03339231 0.5091773 0.05525058 0.4876422 0.07458704 0.4689121 0.04569631 0.4898819 0.03339231 0.4689121 0.04569631 0.4494795 0.02507281 0.3090693 0.6408219 0.3059918 0.6517538 0.284646 0.6317276 0.3090693 0.6408219 0.3330376 0.6527919 0.3302239 0.6627698 0.3302239 0.6627698 0.3361184 0.6766217 0.3052601 0.6635903 0.4571152 0.00130403 0.4698499 0.01229614 0.4494795 0.02507281 0.3384399 0.6374954 0.3158501 0.6241357 0.3260634 0.6015153 0.3330376 0.6527919 0.3090693 0.6408219 0.3158501 0.6241357 0.3090693 0.6408219 0.2859445 0.6167035 0.2961639 0.6063205 0.3260634 0.6015153 0.3158501 0.6241357 0.2961639 0.6063205 0.2859445 0.6167035 0.2780095 0.5876701 0.2854051 0.5896833 0.2896614 0.5699235 0.2854051 0.5896833 0.2780095 0.5876701 0.3053594 0.5848177 0.2961639 0.6063205 0.2854051 0.5896833 0.2896614 0.5699235 0.3009927 0.5448659 0.3181436 0.5595564 0.2791153 0.5604854 0.2893937 0.5337667 0.3009927 0.5448659 0.3009927 0.5448659 0.2893937 0.5337667 0.3070991 0.5109624 0.3181436 0.5595564 0.3009927 0.5448659 0.3168047 0.5223218 0.2893937 0.5337667 0.2828196 0.5267271 0.3009358 0.5021319 0.2893937 0.5337667 0.2791153 0.5604854 0.2728268 0.5544667 0.3578637 0.02294546 0.3590695 0.03723853 0.3255656 0.03887373 0.3096526 0.02391338 0.3317115 0.02412509 0.3255656 0.03887373 0.3424777 0.06738406 0.3153101 0.0652703 0.3255656 0.03887373 0.3319644 0.09245282 0.3058196 0.09162038 0.3153101 0.0652703 0.3058196 0.09162038 0.2826442 0.0912202 0.2915036 0.06521475 0.3153101 0.0652703 0.2915036 0.06521475 0.3014812 0.03990602 0.2826442 0.0912202 0.3058196 0.09162038 0.3010012 0.1079073 0.3058196 0.09162038 0.3319644 0.09245282 0.3264876 0.1075553 0.3264876 0.1075553 0.3298625 0.1242613 0.2994029 0.1223102 0.2776665 0.1093835 0.3010012 0.1079073 0.2994029 0.1223102 0.393994 0.1329092 0.3705499 0.1387889 0.359156 0.1156748 0.3986373 0.1649547 0.3794656 0.1685575 0.3705499 0.1387889 0.3705499 0.1387889 0.3794656 0.1685575 0.364389 0.1715494 0.359156 0.1156748 0.3705499 0.1387889 0.3516567 0.1454355 0.3319644 0.09245282 0.3595613 0.09383141 0.3485385 0.1055229 0.359156 0.1156748 0.3485385 0.1055229 0.3595613 0.09383141 0.3298625 0.1242613 0.3264876 0.1075553 0.3485385 0.1055229 0.3794656 0.1685575 0.3852242 0.1990384 0.371515 0.2003784 0.3794656 0.1685575 0.3986373 0.1649547 0.4026907 0.1968433 0.4026907 0.1968433 0.4014465 0.2317954 0.3847108 0.2268311 0.371515 0.2003784 0.3852242 0.1990384 0.3847108 0.2268311 0.4116997 0.2584067 0.3833613 0.2702171 0.3777974 0.2556796 0.4205632 0.2787812 0.3926721 0.2863159 0.3833613 0.2702171 0.3926721 0.2863159 0.3634455 0.2922265 0.3557248 0.279454 0.3833613 0.2702171 0.3557248 0.279454 0.3520795 0.2668046 0.3723695 0.2275563 0.3847108 0.2268311 0.3768981 0.2456828 0.4014465 0.2317954 0.3777974 0.2556796 0.3768981 0.2456828 0.3658754 0.2493141 0.3768981 0.2456828 0.3777974 0.2556796 0.4116997 0.2584067 0.4405075 0.2499986 0.4441672 0.2724953 0.4014465 0.2317954 0.4362976 0.2219714 0.4405075 0.2499986 0.4362976 0.2219714 0.4640518 0.21545 0.464379 0.2423583 0.4405075 0.2499986 0.464379 0.2423583 0.4688242 0.2649091 0.3557248 0.279454 0.3296384 0.2822424 0.3239054 0.2713584 0.3634455 0.2922265 0.3366106 0.2936474 0.3296384 0.2822424 0.05545651 0.1366 0.08235639 0.1449112 0.06607103 0.1546937 0.03613191 0.1595315 0.04450821 0.1483466 0.06607103 0.1546937 0.05545651 0.1366 0.0730437 0.11647 0.09643381 0.121973 0.3366106 0.2936474 0.3634455 0.2922265 0.375937 0.3108326 0.375937 0.3108326 0.3927479 0.3346698 0.3637907 0.3371695 0.09643381 0.121973 0.0730437 0.11647 0.09348869 0.09146761 0.09643381 0.121973 0.1249625 0.1257277 0.1192987 0.1443976 0.1133737 0.0978769 0.1338049 0.1042279 0.1249625 0.1257277 0.1338049 0.1042279 0.1544626 0.1072919 0.1517214 0.1271568 0.1192987 0.1443976 0.1249625 0.1257277 0.1517214 0.1271568 0.1198829 0.1733443 0.1010597 0.1586208 0.1192472 0.1553493 0.1192987 0.1443976 0.1192472 0.1553493 0.1010597 0.1586208 0.1384254 0.1608128 0.1192472 0.1553493 0.1192987 0.1443976 0.1544626 0.1072919 0.1338049 0.1042279 0.1402589 0.08621215 0.1133737 0.0978769 0.1292416 0.07538211 0.1402589 0.08621215 0.157085 0.0841062 0.1402589 0.08621215 0.1292416 0.07538211 0.1544626 0.1072919 0.1735488 0.1110813 0.1676501 0.125214 0.1776357 0.1318879 0.1676501 0.125214 0.1735488 0.1110813 0.1588106 0.1470299 0.1517214 0.1271568 0.1676501 0.125214 0.1198829 0.1733443 0.110678 0.1999359 0.08760499 0.1950658 0.110678 0.1999359 0.09897148 0.2288975 0.08062016 0.2235834 0.08760499 0.1950658 0.08062016 0.2235834 0.06629359 0.2203991 0.08937609 0.172185 0.08760499 0.1950658 0.06822818 0.1934893 0.08235639 0.1449112 0.1010597 0.1586208 0.085455 0.1606571 0.08937609 0.172185 0.085455 0.1606571 0.1010597 0.1586208 0.06036692 0.1689939 0.06607103 0.1546937 0.085455 0.1606571 0.08718633 0.2592039 0.07094949 0.2532042 0.08062016 0.2235834 0.08718633 0.2592039 0.0698359 0.2922374 0.0575335 0.2795316 0.0575335 0.2795316 0.04666697 0.2755437 0.05860918 0.2491912 0.08062016 0.2235834 0.07094949 0.2532042 0.05860918 0.2491912 0.1056133 0.3002439 0.1158666 0.2686341 0.1445691 0.2783198 0.1056133 0.3002439 0.0698359 0.2922374 0.08718633 0.2592039 0.1158666 0.2686341 0.08718633 0.2592039 0.09897148 0.2288975 0.1158666 0.2686341 0.1263891 0.2377806 0.153784 0.247157 0.1744881 0.2877939 0.1614395 0.283349 0.1720556 0.2540431 0.1744881 0.2877939 0.1687789 0.3162226 0.1569669 0.3126557 0.1569669 0.3126557 0.1394861 0.3154399 0.1445691 0.2783198 0.1720556 0.2540431 0.1614395 0.283349 0.1445691 0.2783198 0.04666697 0.2755437 0.03127467 0.2700386 0.0410909 0.2435233 0.03127467 0.2700386 0.01166081 0.2649702 0.02015715 0.2365983 0.02015715 0.2365983 0.03037923 0.208808 0.04932165 0.2163591 0.0410909 0.2435233 0.04932165 0.2163591 0.06629359 0.2203991 0.01166081 0.2649702 0.03127467 0.2700386 0.02295672 0.2881409 0.03128796 0.2953563 0.02295672 0.2881409 0.03127467 0.2700386 0.01200306 0.3098855 0.007124185 0.2900524 0.02295672 0.2881409 0.2768876 0.1708171 0.2986159 0.1720081 0.3019899 0.2015805 0.3228 0.1735261 0.326874 0.2023059 0.3019899 0.2015805 0.3019899 0.2015805 0.326874 0.2023059 0.3320165 0.2299254 0 0.2299199 0.01119554 0.2016683 0.03037923 0.208808 0.1263891 0.2377806 0.1369965 0.2080489 0.1632061 0.2173702 0.1263891 0.2377806 0.09897148 0.2288975 0.110678 0.1999359 0.110678 0.1999359 0.1198829 0.1733443 0.1462663 0.1830455 0.1632061 0.2173702 0.1369965 0.2080489 0.1462663 0.1830455 0.04932165 0.2163591 0.05403399 0.1965374 0.06822818 0.1934893 0.03037923 0.208808 0.0421375 0.1856296 0.05403399 0.1965374 0.06036692 0.1689939 0.06822818 0.1934893 0.05403399 0.1965374 0.01119554 0.2016683 0.02424538 0.1774096 0.0421375 0.1856296 0.3080642 0.2298266 0.3320165 0.2299254 0.3386922 0.2523564 0.3386922 0.2523564 0.3520795 0.2668046 0.3239054 0.2713584 0.0421375 0.1856296 0.02424538 0.1774096 0.03613191 0.1595315 0.3320165 0.2299254 0.3545619 0.2282526 0.354406 0.2462355 0.3658754 0.2493141 0.354406 0.2462355 0.3545619 0.2282526 0.3520795 0.2668046 0.3386922 0.2523564 0.354406 0.2462355 0.4026907 0.1968433 0.4324489 0.1911953 0.4362976 0.2219714 0.3986373 0.1649547 0.4276966 0.158962 0.4324489 0.1911953 0.4276966 0.158962 0.4614186 0.1466377 0.4619249 0.1850789 0.4324489 0.1911953 0.4619249 0.1850789 0.4640518 0.21545 0.4614186 0.1466377 0.4795386 0.1491138 0.4788092 0.1818892 0.4795386 0.1491138 0.490565 0.1482032 0.4914055 0.1790094 0.4914055 0.1790094 0.4949179 0.2126054 0.4799454 0.2112388 0.4619249 0.1850789 0.4788092 0.1818892 0.4799454 0.2112388 0.326874 0.2023059 0.3515441 0.2017021 0.3545619 0.2282526 0.326874 0.2023059 0.3228 0.1735261 0.3458865 0.1742677 0.3515441 0.2017021 0.3458865 0.1742677 0.364389 0.1715494 0.3515441 0.2017021 0.371515 0.2003784 0.3723695 0.2275563 0.393994 0.1329092 0.4212325 0.127225 0.4276966 0.158962 0.393994 0.1329092 0.3871754 0.1024131 0.4155844 0.1000208 0.4155844 0.1000208 0.4373444 0.0927453 0.447377 0.1178004 0.4212325 0.127225 0.447377 0.1178004 0.4614186 0.1466377 0.4373444 0.0927453 0.4155844 0.1000208 0.4125728 0.08339416 0.3960582 0.07880502 0.4125728 0.08339416 0.4155844 0.1000208 0.4085351 0.06012326 0.4256774 0.07353687 0.4125728 0.08339416 0.06685012 0.3244326 0.03731381 0.3251263 0.03869736 0.3069496 0.06603318 0.3500782 0.03966003 0.3467006 0.03731381 0.3251263 0.03966003 0.3467006 0.01323789 0.3428984 0.009977996 0.3255245 0.03731381 0.3251263 0.009977996 0.3255245 0.01200306 0.3098855 0.04666697 0.2755437 0.0575335 0.2795316 0.04229497 0.2956389 0.0698359 0.2922374 0.03869736 0.3069496 0.04229497 0.2956389 0.03128796 0.2953563 0.04229497 0.2956389 0.03869736 0.3069496 0.3217112 0.1473581 0.2981553 0.1442934 0.2994029 0.1223102 0.3217112 0.1473581 0.3228 0.1735261 0.2986159 0.1720081 0.2986159 0.1720081 0.2768876 0.1708171 0.276616 0.1452412 0.2994029 0.1223102 0.2981553 0.1442934 0.276616 0.1452412 0.3960582 0.07880502 0.370882 0.07251662 0.3863605 0.04876679 0.3871754 0.1024131 0.3595613 0.09383141 0.370882 0.07251662 0.3595613 0.09383141 0.3319644 0.09245282 0.3424777 0.06738406 0.370882 0.07251662 0.3424777 0.06738406 0.3590695 0.03723853 0.0209093 0.3676747 0.04592883 0.3703321 0.05467587 0.3927106 0.0209093 0.3676747 0.01323789 0.3428984 0.03966003 0.3467006 0.04592883 0.3703321 0.03966003 0.3467006 0.06603318 0.3500782 0.05467587 0.3927106 0.04592883 0.3703321 0.06938499 0.3710677 0.06603318 0.3500782 0.08886718 0.355143 0.08477443 0.3698847 0.1108801 0.365018 0.0979011 0.3805411 0.08477443 0.3698847 0.06938499 0.3710677 0.08477443 0.3698847 0.0979011 0.3805411 0.5253064 0.1363496 0.5061214 0.1448286 0.5052728 0.1236925 0.4961876 0.1188891 0.5052728 0.1236925 0.5061214 0.1448286 0.5181578 0.1117579 0.5052728 0.1236925 0.4961876 0.1188891 0.7225338 0.2974507 0.717175 0.2699573 0.7423352 0.2651414 0.7037585 0.3022252 0.6969082 0.2736741 0.717175 0.2699573 0.717175 0.2699573 0.6969082 0.2736741 0.6965621 0.2445245 0.7423352 0.2651414 0.717175 0.2699573 0.7146259 0.241715 0.4914055 0.1790094 0.5095457 0.1728493 0.514459 0.1996905 0.490565 0.1482032 0.5061214 0.1448286 0.5095457 0.1728493 0.5061214 0.1448286 0.5253064 0.1363496 0.5308686 0.1648561 0.514459 0.1996905 0.5095457 0.1728493 0.5308686 0.1648561 0.7376658 0.2358753 0.7146259 0.241715 0.7152521 0.2211973 0.7037243 0.2188501 0.7152521 0.2211973 0.7146259 0.241715 0.7183877 0.1952463 0.7314994 0.2109256 0.7152521 0.2211973 0.4949179 0.2126054 0.514459 0.1996905 0.5200493 0.217027 0.5345228 0.1927488 0.5351713 0.2163607 0.5200493 0.217027 0.7934506 0.1897599 0.7930949 0.2023456 0.7774268 0.200484 0.7102504 0.1013468 0.6991738 0.07258057 0.7209261 0.06988322 0.7102504 0.1013468 0.682164 0.1127653 0.6760221 0.08036398 0.6760221 0.08036398 0.6585873 0.0596522 0.6907848 0.05073404 0.7209261 0.06988322 0.6991738 0.07258057 0.6907848 0.05073404 0.682164 0.1127653 0.6571235 0.1111147 0.6603349 0.09008026 0.638978 0.1094613 0.6448733 0.08451235 0.6603349 0.09008026 0.6760221 0.08036398 0.6603349 0.09008026 0.6448733 0.08451235 0.5812025 0.05374836 0.6175371 0.04974031 0.6184659 0.06261372 0.5806645 0.04066395 0.6160051 0.03687155 0.6175371 0.04974031 0.6175371 0.04974031 0.6160051 0.03687155 0.6531125 0.03158545 0.6184659 0.06261372 0.6175371 0.04974031 0.6556496 0.0444194 0.638978 0.1094613 0.6210486 0.1094555 0.6197353 0.08498597 0.6025009 0.1139562 0.595297 0.09071528 0.6197353 0.08498597 0.595297 0.09071528 0.5804282 0.06944632 0.6184659 0.06261372 0.6448733 0.08451235 0.6197353 0.08498597 0.6184659 0.06261372 0.6025009 0.1139562 0.6210486 0.1094555 0.6213932 0.1260293 0.638978 0.1094613 0.6321413 0.1314845 0.6213932 0.1260293 0.607766 0.134352 0.6213932 0.1260293 0.6321413 0.1314845 0.5578417 0.1515098 0.5840045 0.1438814 0.5862061 0.1644247 0.5628986 0.1213688 0.5830866 0.1196056 0.5840045 0.1438814 0.5830866 0.1196056 0.6025009 0.1139562 0.607766 0.134352 0.5862061 0.1644247 0.5840045 0.1438814 0.607766 0.134352 0.5986799 0.1923172 0.5762293 0.185834 0.5907733 0.1750949 0.5862061 0.1644247 0.5907733 0.1750949 0.5762293 0.185834 0.6094359 0.1723829 0.5907733 0.1750949 0.5862061 0.1644247 0.6513741 0.1764886 0.6257798 0.1893289 0.6241455 0.1731876 0.6094359 0.1723829 0.6241455 0.1731876 0.6257798 0.1893289 0.6165845 0.1524064 0.6349539 0.1601074 0.6241455 0.1731876 0.2453046 0.5645598 0.2230913 0.5725979 0.2159509 0.5394784 0.2453046 0.5645598 0.2561469 0.5924522 0.2298442 0.6000574 0.2298442 0.6000574 0.2016799 0.6058623 0.1950081 0.5790583 0.2159509 0.5394784 0.2230913 0.5725979 0.1950081 0.5790583 0.2326146 0.5061835 0.2112923 0.5084076 0.2076778 0.4847903 0.2326146 0.5061835 0.2376787 0.5342842 0.2159509 0.5394784 0.2159509 0.5394784 0.1854177 0.5461123 0.1873967 0.5142826 0.2076778 0.4847903 0.2112923 0.5084076 0.1873967 0.5142826 0.1854177 0.5461123 0.1634386 0.5391371 0.1704196 0.5216628 0.1563997 0.5133801 0.1704196 0.5216628 0.1634386 0.5391371 0.1873967 0.5142826 0.1704196 0.5216628 0.1563997 0.5133801 0.1950081 0.5790583 0.1641122 0.5874425 0.1566268 0.5651547 0.2016799 0.6058623 0.1706207 0.6122958 0.1641122 0.5874425 0.1641122 0.5874425 0.1706207 0.6122958 0.1409838 0.6174408 0.1566268 0.5651547 0.1641122 0.5874425 0.1359677 0.5949357 0.1458771 0.5362946 0.1634386 0.5391371 0.1519396 0.5533414 0.1566268 0.5651547 0.1519396 0.5533414 0.1634386 0.5391371 0.1366334 0.5543004 0.1519396 0.5533414 0.1566268 0.5651547 0.1409838 0.6174408 0.116068 0.6183061 0.1185988 0.6008931 0.1038141 0.5908686 0.1185988 0.6008931 0.116068 0.6183061 0.1231073 0.5716387 0.1359677 0.5949357 0.1185988 0.6008931 0.1437881 0.6445844 0.113268 0.6462088 0.116068 0.6183061 0.1464591 0.6779274 0.1101697 0.6784701 0.113268 0.6462088 0.1101697 0.6784701 0.08081585 0.6753755 0.08564692 0.6434568 0.116068 0.6183061 0.113268 0.6462088 0.08564692 0.6434568 0.1364724 0.7133937 0.1064356 0.7101982 0.1101697 0.6784701 0.1330834 0.7427932 0.1035656 0.7400535 0.1064356 0.7101982 0.1035656 0.7400535 0.06816196 0.738677 0.076577 0.7066166 0.1064356 0.7101982 0.076577 0.7066166 0.08081585 0.6753755 0.1307637 0.7692124 0.102796 0.7672495 0.1035656 0.7400535 0.5427761 0.5684487 0.5183951 0.5719206 0.5176628 0.5433278 0.5176628 0.5433278 0.5082086 0.5207556 0.5268816 0.5123715 0.102796 0.7672495 0.0736317 0.7660325 0.06816196 0.738677 0.5082086 0.5207556 0.5176628 0.5433278 0.5034821 0.5448331 0.4976716 0.5611349 0.5034821 0.5448331 0.5176628 0.5433278 0.4787065 0.5485351 0.4921631 0.5314969 0.5034821 0.5448331 0.05326563 0.7290723 0.05961215 0.7034052 0.076577 0.7066166 0.05326563 0.7290723 0.04213362 0.7258356 0.04707223 0.7003241 0.04707223 0.7003241 0.04777246 0.6709988 0.06202852 0.6729339 0.076577 0.7066166 0.05961215 0.7034052 0.06202852 0.6729339 0.1281616 0.5333272 0.1259728 0.5494969 0.1146264 0.5515908 0.1366334 0.5543004 0.1259728 0.5494969 0.1281616 0.5333272 0.1146264 0.5515908 0.1259728 0.5494969 0.1366334 0.5543004 0.2056292 0.4590311 0.2059383 0.4717548 0.1750345 0.4740251 0.5557574 0.04188525 0.5806645 0.04066395 0.5812025 0.05374836 0.5812025 0.05374836 0.5804282 0.06944632 0.5539724 0.06787788 0.1750345 0.4740251 0.2059383 0.4717548 0.2076778 0.4847903 0.6025009 0.1139562 0.5830866 0.1196056 0.5813432 0.09976136 0.5628986 0.1213688 0.5675239 0.09345638 0.5813432 0.09976136 0.595297 0.09071528 0.5813432 0.09976136 0.5675239 0.09345638 0.6349539 0.1601074 0.647387 0.1372222 0.6650416 0.1444473 0.6349539 0.1601074 0.6165845 0.1524064 0.6321413 0.1314845 0.647387 0.1372222 0.6321413 0.1314845 0.638978 0.1094613 0.6650416 0.1444473 0.647387 0.1372222 0.6571235 0.1111147 0.7095963 0.1631273 0.6823114 0.1724929 0.6815463 0.1521419 0.6650416 0.1444473 0.6815463 0.1521419 0.6823114 0.1724929 0.7000012 0.1401146 0.6815463 0.1521419 0.6650416 0.1444473 0.4205632 0.2787812 0.4441672 0.2724953 0.4456394 0.2855516 0.4607104 0.2846118 0.4456394 0.2855516 0.4441672 0.2724953 0.4489327 0.3032654 0.4304507 0.2935023 0.4456394 0.2855516 0.4704579 0.3302321 0.4900287 0.3221184 0.4923363 0.3383593 0.5106875 0.3150847 0.5067119 0.3394913 0.4923363 0.3383593 0.4784227 0.3481652 0.4923363 0.3383593 0.5067119 0.3394913 0.6556496 0.0444194 0.686386 0.03853762 0.6907848 0.05073404 0.6556496 0.0444194 0.6531125 0.03158545 0.6832963 0.02590334 0.5203152 0.3778058 0.4946663 0.3870773 0.4938825 0.3750627 0.6907848 0.05073404 0.686386 0.03853762 0.7079702 0.0327413 0.3927479 0.3346698 0.4159866 0.3388011 0.4131144 0.3533973 0.4286775 0.3574694 0.4131144 0.3533973 0.4159866 0.3388011 0.3979942 0.3593935 0.4131144 0.3533973 0.4286775 0.3574694 0.09348869 0.09146761 0.1118192 0.06709825 0.1292416 0.07538211 0.3637907 0.3371695 0.3927479 0.3346698 0.3979942 0.3593935 0.3979942 0.3593935 0.4157949 0.3766152 0.3843364 0.3793019 0.1292416 0.07538211 0.1118192 0.06709825 0.1255276 0.04840707 0.9473374 0.3401607 0.9507724 0.3430058 0.9261341 0.3679939 0.7601867 0.7739598 0.7562523 0.7768906 0.7430987 0.7453172 0.6695145 0.6280774 0.6308822 0.6280922 0.6300726 0.6232245 0.9473374 0.3401607 0.9596846 0.307593 0.9639059 0.3086163 0.5032275 0.8195328 0.4996386 0.7965623 0.518643 0.7971121 0.5032275 0.7758857 0.5234575 0.7851756 0.518643 0.7971121 0.7563847 0.9335728 0.761573 0.9468753 0.7451774 0.9447901 0.9116502 0.8944348 0.9116628 0.8716422 0.9279072 0.8725776 0.9116502 0.8506548 0.9293375 0.8604226 0.9279072 0.8725776 0.7563024 0.8405688 0.7430042 0.8455013 0.7450749 0.8290215 0.7601867 0.7739598 0.7854142 0.7943874 0.7827388 0.7985323 0.5943166 0.6405589 0.5918692 0.636274 0.6300726 0.6232245 0.8096718 0.627946 0.8082886 0.6232244 0.850363 0.6232481 0.5677921 0.664043 0.5541573 0.6967554 0.5493112 0.6958271 0.8881113 0.639449 0.8497405 0.6278408 0.850363 0.6232481 0.5677921 0.664043 0.5637765 0.6611754 0.5918692 0.636274 0.7854142 0.7943874 0.8237746 0.8060031 0.8230471 0.8106741 0.5901218 0.7985733 0.6228107 0.812229 0.6218789 0.8170747 0.1563997 0.5133801 0.1316329 0.5080342 0.1349149 0.4845181 0.1458771 0.5362946 0.1281616 0.5333272 0.1316329 0.5080342 0.1316329 0.5080342 0.1281616 0.5333272 0.110527 0.531942 0.1349149 0.4845181 0.1316329 0.5080342 0.1065933 0.5072475 0.1022541 0.4521604 0.1379202 0.4585132 0.1366609 0.4711652 0.1752991 0.4611542 0.1750345 0.4740251 0.1366609 0.4711652 0.1750345 0.4740251 0.1747807 0.4903363 0.1349149 0.4845181 0.09997415 0.4647831 0.1366609 0.4711652 0.1349149 0.4845181 0.09368163 0.5305481 0.09157556 0.5119549 0.1065933 0.5072475 0.07257932 0.5322187 0.0787062 0.5008997 0.09157556 0.5119549 0.1065933 0.5072475 0.09157556 0.5119549 0.0787062 0.5008997 0.2256383 0.1386847 0.2066237 0.1251534 0.2168305 0.1111913 0.2051043 0.09990715 0.2168305 0.1111913 0.2066237 0.1251534 0.2339425 0.1104156 0.2168305 0.1111913 0.2051043 0.09990715 0.2282887 0.1709948 0.1981952 0.1681393 0.1946781 0.1470707 0.2282887 0.1709948 0.2305904 0.195393 0.2032845 0.1890122 0.1981952 0.1681393 0.2032845 0.1890122 0.1745188 0.1903914 0.1946781 0.1470707 0.1981952 0.1681393 0.1699154 0.1673611 0.1904692 0.1177214 0.2066237 0.1251534 0.1927154 0.1349507 0.1946781 0.1470707 0.1927154 0.1349507 0.2066237 0.1251534 0.1776357 0.1318879 0.1927154 0.1349507 0.1946781 0.1470707 0.08564692 0.6434568 0.06253498 0.6418099 0.05947279 0.6160442 0.08081585 0.6753755 0.06202852 0.6729339 0.06253498 0.6418099 0.06253498 0.6418099 0.06202852 0.6729339 0.04777246 0.6709988 0.05947279 0.6160442 0.06253498 0.6418099 0.04383718 0.6421474 0.04193395 0.5842385 0.0659191 0.5946961 0.05316197 0.6028482 0.05947279 0.6160442 0.05316197 0.6028482 0.0659191 0.5946961 0.03153789 0.6147962 0.03368169 0.5975854 0.05316197 0.6028482 0.2024788 0.2382119 0.1852078 0.227564 0.1995743 0.2087309 0.1861883 0.2603395 0.1720556 0.2540431 0.1852078 0.227564 0.1852078 0.227564 0.1720556 0.2540431 0.153784 0.247157 0.1995743 0.2087309 0.1852078 0.227564 0.1632061 0.2173702 0.2305904 0.195393 0.2321773 0.2099306 0.2114065 0.201991 0.2263746 0.2242957 0.1995743 0.2087309 0.2114065 0.201991 0.2032845 0.1890122 0.2114065 0.201991 0.1995743 0.2087309 0.0309875 0.6675882 0.03111928 0.6464377 0.04383718 0.6421474 0.0118584 0.6592146 0.01787847 0.6341245 0.03111928 0.6464377 0.03153789 0.6147962 0.04383718 0.6421474 0.03111928 0.6464377 0.2255123 0.2738124 0.2035114 0.2677242 0.212544 0.2493417 0.2024788 0.2382119 0.212544 0.2493417 0.2035114 0.2677242 0.2263746 0.2242957 0.2307018 0.2484457 0.212544 0.2493417 0.04777246 0.6709988 0.04707223 0.7003241 0.0294466 0.6951017 0.04213362 0.7258356 0.02652698 0.7207271 0.0294466 0.6951017 0.02652698 0.7207271 0.007350146 0.714774 0.008586168 0.6874879 0.0309875 0.6675882 0.0294466 0.6951017 0.008586168 0.6874879 0.1857417 0.321496 0.1934176 0.2942677 0.2167243 0.3020805 0.1687789 0.3162226 0.1744881 0.2877939 0.1934176 0.2942677 0.1934176 0.2942677 0.1744881 0.2877939 0.1861883 0.2603395 0.2167243 0.3020805 0.1934176 0.2942677 0.2035114 0.2677242 0.1857417 0.321496 0.1824307 0.3412662 0.1708 0.3418317 0.2067939 0.3299745 0.1960416 0.3529862 0.1824307 0.3412662 0.1802659 0.3659387 0.1708 0.3418317 0.1824307 0.3412662 0.0736317 0.7660325 0.04615008 0.7679429 0.04264426 0.7532091 0.5082086 0.5207556 0.4907554 0.4966138 0.5063412 0.4866119 0.4907554 0.4966138 0.468658 0.4729833 0.4817672 0.4635083 0.5063412 0.4866119 0.4817672 0.4635083 0.4952268 0.4595913 0.04213362 0.7258356 0.05326563 0.7290723 0.04302734 0.7439089 0.548447 0.5040326 0.5201354 0.4813761 0.5305587 0.4805302 0.5220392 0.4709175 0.5305587 0.4805302 0.5201354 0.4813761 0.1802659 0.3659387 0.1737457 0.3800801 0.1492424 0.3624128 0.1737457 0.3800801 0.1620833 0.392483 0.1358924 0.3787583 0.1492424 0.3624128 0.1358924 0.3787583 0.1108801 0.365018 0.1578803 0.3466528 0.1492424 0.3624128 0.1240534 0.3434886 0.1687789 0.3162226 0.1708 0.3418317 0.1608899 0.3351463 0.1578803 0.3466528 0.1608899 0.3351463 0.1708 0.3418317 0.1394861 0.3154399 0.1569669 0.3126557 0.1608899 0.3351463 0.4907554 0.4966138 0.4728379 0.5117571 0.4491859 0.4904271 0.5082086 0.5207556 0.4921631 0.5314969 0.4728379 0.5117571 0.4921631 0.5314969 0.4787065 0.5485351 0.4570679 0.5321498 0.4728379 0.5117571 0.4570679 0.5321498 0.4291548 0.5164204 0.1358924 0.3787583 0.1193493 0.3946793 0.0979011 0.3805411 0.1358924 0.3787583 0.1620833 0.392483 0.1435778 0.4084867 0.4013845 0.454203 0.3835606 0.4711685 0.3641447 0.4572019 0.1193493 0.3946793 0.1057792 0.4088454 0.08193445 0.3929781 0.3300419 0.4959271 0.3317908 0.5083105 0.3168047 0.5223218 0.3585914 0.4918194 0.3490648 0.5138258 0.3317908 0.5083105 0.333743 0.5351079 0.3168047 0.5223218 0.3317908 0.5083105 0.3775774 0.5672562 0.363081 0.5925136 0.3395727 0.5760326 0.3491938 0.6169659 0.3260634 0.6015153 0.3395727 0.5760326 0.3395727 0.5760326 0.3260634 0.6015153 0.3053594 0.5848177 0.3395727 0.5760326 0.3181436 0.5595564 0.333743 0.5351079 0.3834547 0.645954 0.4000446 0.6512179 0.3813208 0.6731442 0.4000446 0.6512179 0.417112 0.6592797 0.4019702 0.6833986 0.3813208 0.6731442 0.4019702 0.6833986 0.390209 0.7036772 0.3634454 0.6655157 0.3813208 0.6731442 0.3655822 0.692157 0.3330376 0.6527919 0.3572466 0.6542912 0.3509383 0.6625474 0.3634454 0.6655157 0.3509383 0.6625474 0.3572466 0.6542912 0.3361184 0.6766217 0.3302239 0.6627698 0.3509383 0.6625474 0.1526067 0.7436395 0.1539512 0.7154914 0.1679034 0.7155118 0.1526067 0.7436395 0.1330834 0.7427932 0.1364724 0.7133937 0.1364724 0.7133937 0.1464591 0.6779274 0.1613813 0.6874759 0.1679034 0.7155118 0.1539512 0.7154914 0.1613813 0.6874759 0.2016799 0.6058623 0.2298442 0.6000574 0.2332476 0.6164551 0.2298442 0.6000574 0.2561469 0.5924522 0.2563008 0.6102977 0.2563008 0.6102977 0.2628853 0.6257643 0.2357901 0.6307314 0.2054394 0.6240044 0.2332476 0.6164551 0.2357901 0.6307314 0.2628853 0.675825 0.2623044 0.7040697 0.2392562 0.7090939 0.258377 0.7313843 0.2356395 0.7368788 0.2392562 0.7090939 0.2392562 0.7090939 0.2356395 0.7368788 0.2108646 0.7398324 0.2392562 0.7090939 0.2135963 0.7127304 0.2153728 0.684273 0.6969082 0.2736741 0.6830604 0.2760187 0.6840935 0.2462249 0.6969082 0.2736741 0.7037585 0.3022252 0.6885311 0.3061538 0.6885311 0.3061538 0.6693167 0.3095901 0.6655916 0.2778342 0.6840935 0.2462249 0.6830604 0.2760187 0.6655916 0.2778342 0.6183496 0.3511845 0.5933349 0.3629596 0.5859697 0.3469761 0.6297137 0.3733085 0.6056516 0.380155 0.5933349 0.3629596 0.4479385 0.7040444 0.4665702 0.6814929 0.4822111 0.6881214 0.5933349 0.3629596 0.5705254 0.3728572 0.5648232 0.3589308 0.5783765 0.3166458 0.5894688 0.3161088 0.583736 0.3359913 0.6060202 0.3222249 0.5859697 0.3469761 0.583736 0.3359913 0.5742586 0.3397466 0.583736 0.3359913 0.5859697 0.3469761 0.6738625 0.3393623 0.6974197 0.3332721 0.7089496 0.3529219 0.6693167 0.3095901 0.6885311 0.3061538 0.6974197 0.3332721 0.6974197 0.3332721 0.6885311 0.3061538 0.7037585 0.3022252 0.7089496 0.3529219 0.6974197 0.3332721 0.7165092 0.3256745 0.7367849 0.3681426 0.708709 0.3710433 0.7197233 0.3607191 0.7089496 0.3529219 0.7197233 0.3607191 0.708709 0.3710433 0.738651 0.3417326 0.7421396 0.3557433 0.7197233 0.3607191 0.6675154 0.2401316 0.6324228 0.2490818 0.6286867 0.2168643 0.6324228 0.2490818 0.6034744 0.2533958 0.6015439 0.2214597 0.6015439 0.2214597 0.5986799 0.1923172 0.6257798 0.1893289 0.6582458 0.2080999 0.6286867 0.2168643 0.6257798 0.1893289 0.4479385 0.7040444 0.4253891 0.6943058 0.4420089 0.6707238 0.4290457 0.72112 0.4109219 0.7126809 0.4253891 0.6943058 0.4253891 0.6943058 0.4109219 0.7126809 0.390209 0.7036772 0.4420089 0.6707238 0.4253891 0.6943058 0.4019702 0.6833986 0.5442273 0.3194158 0.5628655 0.3172972 0.563938 0.3363788 0.5742586 0.3397466 0.563938 0.3363788 0.5628655 0.3172972 0.5648232 0.3589308 0.5516595 0.3432952 0.563938 0.3363788 0.5986799 0.1923172 0.6015439 0.2214597 0.5792123 0.2264797 0.6015439 0.2214597 0.6034744 0.2533958 0.5850193 0.2561902 0.5792123 0.2264797 0.5850193 0.2561902 0.5712336 0.2589001 0.5714338 0.2037991 0.5792123 0.2264797 0.5616989 0.2327319 0.5546165 0.1797202 0.5762293 0.185834 0.5633731 0.1942155 0.5714338 0.2037991 0.5633731 0.1942155 0.5762293 0.185834 0.5450825 0.2120027 0.544323 0.1958127 0.5633731 0.1942155 0.5183951 0.5719206 0.5059458 0.5992208 0.4865003 0.586515 0.5059458 0.5992208 0.4961784 0.6278316 0.4725743 0.6154693 0.4865003 0.586515 0.4725743 0.6154693 0.4441609 0.5959226 0.4976716 0.5611349 0.4865003 0.586515 0.4644311 0.57116 0.5427761 0.5684487 0.5449951 0.592613 0.5252094 0.6016137 0.1330834 0.7427932 0.1526067 0.7436395 0.1550814 0.7682901 0.1550814 0.7682901 0.1526067 0.7436395 0.1682605 0.7425459 0.5252094 0.6016137 0.5449951 0.592613 0.5463293 0.6126508 0.4961784 0.6278316 0.5059458 0.5992208 0.51476 0.6114155 0.5252094 0.6016137 0.51476 0.6114155 0.5059458 0.5992208 0.5241485 0.6328197 0.5096088 0.6345829 0.51476 0.6114155 0.1437881 0.6445844 0.1749907 0.6348184 0.1762225 0.6541945 0.1409838 0.6174408 0.1706207 0.6122958 0.1749907 0.6348184 0.1706207 0.6122958 0.2016799 0.6058623 0.2054394 0.6240044 0.1749907 0.6348184 0.2054394 0.6240044 0.2052357 0.6412792 0.1738476 0.6878214 0.1613813 0.6874759 0.1741864 0.6670771 0.1464591 0.6779274 0.1762225 0.6541945 0.1741864 0.6670771 0.1861972 0.6635541 0.1741864 0.6670771 0.1762225 0.6541945 0.384723 0.7190001 0.3589806 0.7100748 0.3655822 0.692157 0.6807672 0.366066 0.708709 0.3710433 0.6976048 0.3880971 0.708709 0.3710433 0.7367849 0.3681426 0.7265555 0.3879581 0.3589806 0.7100748 0.3306269 0.697413 0.3361184 0.6766217 0.7225338 0.2974507 0.7285187 0.3164175 0.7165092 0.3256745 0.7460786 0.294122 0.7469918 0.319293 0.7285187 0.3164175 0.738651 0.3417326 0.7165092 0.3256745 0.7285187 0.3164175 0.6582458 0.2080999 0.687343 0.1935999 0.6919456 0.2116779 0.6513741 0.1764886 0.6823114 0.1724929 0.687343 0.1935999 0.6823114 0.1724929 0.7095963 0.1631273 0.7154402 0.1792157 0.687343 0.1935999 0.7154402 0.1792157 0.7183877 0.1952463 0.6965621 0.2445245 0.6840935 0.2462249 0.6924741 0.2241042 0.6675154 0.2401316 0.6919456 0.2116779 0.6924741 0.2241042 0.7037243 0.2188501 0.6924741 0.2241042 0.6919456 0.2116779 0.3834547 0.645954 0.3572466 0.6542912 0.3568224 0.643396 0.3384399 0.6374954 0.3568224 0.643396 0.3572466 0.6542912 0.3491938 0.6169659 0.370616 0.6301782 0.3568224 0.643396 0.4256984 0.593851 0.4237627 0.5579564 0.4349921 0.5559857 0.4143639 0.5899178 0.4148128 0.5595747 0.4237627 0.5579564 0.4237627 0.5579564 0.4148128 0.5595747 0.4034333 0.5320079 0.4349921 0.5559857 0.4237627 0.5579564 0.4125863 0.5243836 0.4787065 0.5485351 0.4644311 0.57116 0.4498127 0.5533605 0.4349921 0.5559857 0.4498127 0.5533605 0.4644311 0.57116 0.4570679 0.5321498 0.4498127 0.5533605 0.4349921 0.5559857 0.007350146 0.714774 0.02652698 0.7207271 0.02323198 0.7371979 0.03273516 0.7437074 0.02323198 0.7371979 0.02652698 0.7207271 0.4952268 0.4595913 0.5014922 0.4488922 0.5186935 0.4614211 0.4689121 0.04569631 0.4459118 0.05968135 0.4275745 0.04163533 0.4876422 0.07458704 0.4602444 0.08244663 0.4459118 0.05968135 0.4602444 0.08244663 0.4373444 0.0927453 0.4256774 0.07353687 0.4459118 0.05968135 0.4256774 0.07353687 0.4085351 0.06012326 0.5024523 0.0861575 0.4882434 0.1150987 0.478028 0.1104496 0.5096664 0.09572106 0.4961876 0.1188891 0.4882434 0.1150987 0.4882434 0.1150987 0.4961876 0.1188891 0.490565 0.1482032 0.478028 0.1104496 0.4882434 0.1150987 0.4795386 0.1491138 0.4373444 0.0927453 0.4602444 0.08244663 0.4646465 0.1042703 0.478028 0.1104496 0.4646465 0.1042703 0.4602444 0.08244663 0.447377 0.1178004 0.4646465 0.1042703 0.478028 0.1104496 0.5120967 0.2298108 0.5040196 0.2471082 0.4853318 0.2411015 0.531655 0.2342 0.5270915 0.2478439 0.5040196 0.2471082 0.5040196 0.2471082 0.5270915 0.2478439 0.5169647 0.2660613 0.4853318 0.2411015 0.5040196 0.2471082 0.4932365 0.2648158 0.4640518 0.21545 0.4799454 0.2112388 0.4772941 0.2329879 0.4949179 0.2126054 0.4853318 0.2411015 0.4772941 0.2329879 0.464379 0.2423583 0.4772941 0.2329879 0.4853318 0.2411015 0.4200749 0.007120966 0.4354627 0.01347219 0.4100365 0.02918791 0.4354627 0.01347219 0.4494795 0.02507281 0.4275745 0.04163533 0.4100365 0.02918791 0.4275745 0.04163533 0.4085351 0.06012326 0.3936824 0.0216751 0.4100365 0.02918791 0.3863605 0.04876679 0.3638831 0.01436257 0.390555 0.01185196 0.3813778 0.01885205 0.3936824 0.0216751 0.3813778 0.01885205 0.390555 0.01185196 0.3590695 0.03723853 0.3578637 0.02294546 0.3813778 0.01885205 0.3458865 0.1742677 0.3398326 0.1539588 0.3516567 0.1454355 0.3228 0.1735261 0.3217112 0.1473581 0.3398326 0.1539588 0.3298625 0.1242613 0.3516567 0.1454355 0.3398326 0.1539588 0.3300419 0.4959271 0.3241737 0.4826359 0.3465623 0.4710324 0.3070991 0.5109624 0.3009358 0.5021319 0.3241737 0.4826359 0.0628767 0.4102682 0.03665149 0.4065882 0.02969133 0.3916501 0.08742094 0.4143365 0.0628767 0.4102682 0.05467587 0.3927106 0.3835606 0.4711685 0.3732115 0.4821814 0.3601363 0.4689685 0.3585914 0.4918194 0.3465623 0.4710324 0.3601363 0.4689685 0.1057792 0.4088454 0.1021291 0.4191291 0.08742094 0.4143365 0.08886718 0.355143 0.09624451 0.3304871 0.1240534 0.3434886 0.08886718 0.355143 0.06603318 0.3500782 0.06685012 0.3244326 0.09624451 0.3304871 0.06685012 0.3244326 0.0698359 0.2922374 0.09624451 0.3304871 0.1056133 0.3002439 0.1394861 0.3154399 0.1462663 0.1830455 0.1519157 0.1686137 0.1699154 0.1673611 0.1384254 0.1608128 0.1519157 0.1686137 0.1462663 0.1830455 0.1588106 0.1470299 0.1699154 0.1673611 0.1519157 0.1686137 0.8638536 0.8058903 0.8652159 0.8106274 0.8230471 0.8106741 0.576107 0.02685391 0.5806645 0.04066395 0.5557574 0.04188525 0.2056292 0.4590311 0.1752991 0.4611542 0.1774013 0.4489662 0.5901218 0.7985733 0.5872479 0.8025844 0.5623635 0.774464 0.8938572 0.7935623 0.9142559 0.7683455 0.9183839 0.7710224 0.5666499 0.77202 0.5623635 0.774464 0.549318 0.7362276 0.8938572 0.7935623 0.8968096 0.7975031 0.8652159 0.8106274 0.5541573 0.6967554 0.5541833 0.7354201 0.549318 0.7362276 0.6531125 0.03158545 0.6160051 0.03687155 0.6130564 0.022915 0.5806645 0.04066395 0.576107 0.02685391 0.6130564 0.022915 0.9256893 0.6898958 0.9304059 0.6885345 0.9304059 0.7307021 0.8786074 0.4463899 0.8809775 0.4423315 0.9037308 0.4695459 0.9142559 0.7683455 0.9258272 0.7299838 0.9304059 0.7307021 0.8786074 0.4463899 0.8496418 0.4325951 0.8507146 0.4277969 0.7592696 0.6654908 0.747688 0.7038601 0.7430043 0.7032201 0.8496418 0.4325951 0.8159973 0.4326322 0.8154937 0.4278129 0.1928768 0.8406062 0.1922304 0.8640618 0.1750357 0.8611837 0.1895313 0.8837787 0.1716198 0.8721429 0.1750357 0.8611837 0.8493887 0.9335728 0.8629306 0.9283964 0.8609461 0.94479 0.1038141 0.5908686 0.08032232 0.5766101 0.0934574 0.5573768 0.08858251 0.6119198 0.0659191 0.5946961 0.08032232 0.5766101 0.0659191 0.5946961 0.04193395 0.5842385 0.05549252 0.5616357 0.0934574 0.5573768 0.08032232 0.5766101 0.05549252 0.5616357 0.110527 0.531942 0.1146264 0.5515908 0.1007249 0.5470355 0.0934574 0.5573768 0.1007249 0.5470355 0.1146264 0.5515908 0.09368163 0.5305481 0.1007249 0.5470355 0.0934574 0.5573768 0.7478361 0.7439404 0.7430987 0.7453172 0.7430043 0.7032201 0.1752991 0.4611542 0.1379202 0.4585132 0.1382489 0.4462767 0.1382489 0.4462767 0.1379202 0.4585132 0.1022541 0.4521604 0.7844036 0.4461104 0.7820155 0.4420292 0.8154937 0.4278129 0.5032275 0.8195328 0.4802995 0.8286563 0.4773681 0.7972152 0.801631 0.1146172 0.8174059 0.1474419 0.8141786 0.1501655 0.7613285 0.4706864 0.7488887 0.5036385 0.7446872 0.5024947 0.4773681 0.7972152 0.4802995 0.7676506 0.5032275 0.7758857 0.5203152 0.3778058 0.5264886 0.3922275 0.4992449 0.4021624 0.6832963 0.02590334 0.6531125 0.03158545 0.6519258 0.01735305 0.843917 0.1713744 0.8419659 0.1758223 0.8141786 0.1501655 0.7613285 0.4706864 0.7576419 0.4678827 0.7820155 0.4420292 0.9624468 0.07308781 0.9466418 0.04027771 0.9501443 0.03742074 0.8106577 0.617169 0.8443143 0.6171324 0.8452928 0.621969 0.9201608 0.01633071 0.9212881 0.01228219 0.9501443 0.03742074 0.875896 0.6036537 0.8783318 0.6077367 0.8452928 0.621969 0.375937 0.3108326 0.4045496 0.3029821 0.4168519 0.3175191 0.3634455 0.2922265 0.3926721 0.2863159 0.4045496 0.3029821 0.4045496 0.3029821 0.3926721 0.2863159 0.4205632 0.2787812 0.4168519 0.3175191 0.4045496 0.3029821 0.4304507 0.2935023 0.4337994 0.3383363 0.4159866 0.3388011 0.4240495 0.3260113 0.4168519 0.3175191 0.4240495 0.3260113 0.4159866 0.3388011 0.4389243 0.3225094 0.4240495 0.3260113 0.4168519 0.3175191 0.9658583 0.1089808 0.9694299 0.1100665 0.9615899 0.1451878 0.4219831 0.4004206 0.4589897 0.3951547 0.4619351 0.4106719 0.4619351 0.4106719 0.4589897 0.3951547 0.4946663 0.3870773 0.7602171 0.5774482 0.7566165 0.58022 0.7445889 0.5426669 0.4675336 0.9360846 0.4879806 0.9267847 0.4876909 0.9580954 0.9658583 0.1089808 0.9624468 0.07308781 0.9663113 0.07271325 0.7488887 0.5036385 0.7486186 0.5417742 0.7445889 0.5426669 0.4876909 0.9580954 0.4918399 0.9879184 0.4702947 0.9798232 0.2051043 0.09990715 0.1819729 0.08952176 0.1896109 0.06970846 0.1904692 0.1177214 0.1735488 0.1110813 0.1819729 0.08952176 0.1819729 0.08952176 0.1735488 0.1110813 0.1544626 0.1072919 0.1896109 0.06970846 0.1819729 0.08952176 0.157085 0.0841062 0.1636086 0.03450822 0.1981651 0.04600942 0.1939563 0.05812621 0.2336454 0.05783951 0.2303722 0.07035851 0.1939563 0.05812621 0.2303722 0.07035851 0.2269385 0.08484017 0.1896109 0.06970846 0.158403 0.04638361 0.1939563 0.05812621 0.1896109 0.06970846 0.2336454 0.05783951 0.1981651 0.04600942 0.2024413 0.03171992 0.1636086 0.03450822 0.1662957 0.01969027 0.2024413 0.03171992 0.8061788 0.04480773 0.8016641 0.04291671 0.8230221 0.0144152 0.9000825 0.472316 0.9037308 0.4695459 0.9161977 0.507115 0.8547883 0.004500091 0.8258118 0.01841086 0.8230221 0.0144152 0.9114108 0.5461257 0.911693 0.5079904 0.9161977 0.507115 0.8887963 0.8714489 0.8887818 0.8415913 0.9116502 0.8506548 0.8887963 0.8714489 0.9116628 0.8716422 0.9116502 0.8944348 0.8027054 0.8592098 0.7753044 0.859426 0.7817324 0.8386432 0.8027054 0.8592098 0.8025069 0.8874098 0.7747538 0.8871862 0.7747538 0.8871862 0.7577618 0.8873374 0.7541612 0.8662388 0.7753044 0.859426 0.7541612 0.8662388 0.7563024 0.8405688 0.8493064 0.8405688 0.8512547 0.8662388 0.8304659 0.859426 0.8512547 0.8662388 0.8473965 0.8873374 0.8307066 0.8871862 0.8307066 0.8871862 0.8025069 0.8874098 0.8027054 0.8592098 0.8236346 0.8386432 0.8304659 0.859426 0.8027054 0.8592098 0.8512918 0.908141 0.8305148 0.9145874 0.8307066 0.8871862 0.8493887 0.9335728 0.8237207 0.9357367 0.8305148 0.9145874 0.8237207 0.9357367 0.8026189 0.9321547 0.802755 0.9151627 0.8307066 0.8871862 0.8305148 0.9145874 0.802755 0.9151627 0.6751707 0.8484978 0.6641736 0.8483681 0.669101 0.8172225 0.9793167 0.730776 0.9793474 0.7590973 0.9678948 0.7588472 0.6735202 0.8869852 0.6625072 0.886757 0.6641736 0.8483681 0.6735202 0.8869852 0.6751707 0.9245929 0.6641736 0.9242582 0.6751707 0.9245929 0.6800948 0.9532406 0.669101 0.9527792 0.9300325 0.9123365 0.941443 0.9120593 0.9435127 0.9447148 0.5826262 0.882688 0.5847668 0.8454805 0.5956198 0.8451589 0.5826262 0.882688 0.5934609 0.8822582 0.5956198 0.9207397 0.5847668 0.9212654 0.5956198 0.9207397 0.6020029 0.9524949 0.9300325 0.8371508 0.9321038 0.8107268 0.9435127 0.8107781 0.9793167 0.6547603 0.967862 0.6548417 0.9678948 0.6234319 0.5847668 0.8454805 0.5911502 0.8176856 0.6020029 0.8174907 0.9793068 0.6933069 0.9678509 0.6932909 0.967862 0.6548417 0.9793068 0.6933069 0.9793167 0.730776 0.967862 0.7306527 0.9293377 0.8736782 0.9300325 0.8371508 0.941443 0.8370761 0.9293377 0.8736782 0.940743 0.8734926 0.941443 0.9120593 0.07531827 0.4191291 0.1019635 0.4287424 0.1009578 0.4395539 0.2728268 0.04314136 0.2694036 0.05407238 0.239591 0.04410707 0.3936233 0.4277969 0.3916419 0.416983 0.4231801 0.4161265 0.1433231 0 0.1700315 0.008861184 0.1662957 0.01969027 0.5482955 0.01678669 0.5746127 0.01554143 0.576107 0.02685391 0.2103843 0.4357596 0.2097039 0.4466103 0.1774013 0.4489662 0.5746127 0.01554143 0.6114543 0.01162135 0.6130564 0.022915 0.6502337 0.006065368 0.6519258 0.01735305 0.6130564 0.022915 0.1782075 0.4381303 0.1774013 0.4489662 0.1382489 0.4462767 0.1019635 0.4287424 0.1391464 0.4354706 0.1382489 0.4462767 0.6822578 0 0.6840742 0.01127052 0.6519258 0.01735305 0.5280203 0.403124 0.5009029 0.4130386 0.4992449 0.4021624 0.4250366 0.4269663 0.4231801 0.4161265 0.4619351 0.4106719 0.5009029 0.4130386 0.4636992 0.4215451 0.4619351 0.4106719 0.1700315 0.008861184 0.2060772 0.02085638 0.2024413 0.03171992 0.2431355 0.03321421 0.239591 0.04410707 0.2024413 0.03171992 0.6551274 0.8170824 0.669101 0.8172225 0.6641736 0.8483681 0.9533776 0.7586885 0.9533436 0.7305852 0.967862 0.7306527 0.6501863 0.8481441 0.6641736 0.8483681 0.6625072 0.886757 0.6501863 0.92392 0.6484985 0.8864815 0.6625072 0.886757 0.6551274 0.9523504 0.6501863 0.92392 0.6641736 0.9242582 0.957958 0.9443255 0.9435127 0.9447148 0.941443 0.9120593 0.6093115 0.8446585 0.6071253 0.8816921 0.5934609 0.8822582 0.6093115 0.9201256 0.5956198 0.9207397 0.5934609 0.8822582 0.6157097 0.951799 0.6020029 0.9524949 0.5956198 0.9207397 0.957958 0.8106741 0.9558842 0.8368778 0.941443 0.8370761 0.9533776 0.6235616 0.9678948 0.6234319 0.967862 0.6548417 0.6157097 0.8170824 0.6093115 0.8446585 0.5956198 0.8451589 0.9533436 0.6548883 0.967862 0.6548417 0.9678509 0.6932909 0.9533436 0.7305852 0.9533323 0.6932874 0.9678509 0.6932909 0.9558842 0.8368778 0.9551754 0.8732242 0.940743 0.8734926 0.9558842 0.9117481 0.941443 0.9120593 0.940743 0.8734926 0.2305492 0.7978925 0.2370471 0.770079 0.2507541 0.769671 0.972482 0.4594175 0.9579635 0.4594649 0.9579969 0.4279268 0.5776122 0.8487785 0.5636249 0.8485552 0.5686526 0.8172872 0.972482 0.5342435 0.9725139 0.5625917 0.9579969 0.5624327 0.5759244 0.8866801 0.5619159 0.8864046 0.5636249 0.8485552 0.5759244 0.8866801 0.5776122 0.9236827 0.5636246 0.9233438 0.2283626 0.834492 0.242027 0.8339259 0.2442407 0.8718764 0.2283626 0.834492 0.2305492 0.7978925 0.2442408 0.7973927 0.9724708 0.4973812 0.972482 0.5342435 0.9579635 0.5341754 0.9724708 0.4973812 0.957952 0.4973777 0.9579635 0.4594649 0.7117268 0.8438 0.7138347 0.8173784 0.7282801 0.8172747 0.2305492 0.8724914 0.2442407 0.8718764 0.2507541 0.9037685 0.7110177 0.8797156 0.7117268 0.8438 0.726168 0.8436023 0.7110177 0.8797156 0.7254503 0.8794472 0.726168 0.917497 0.7117268 0.917809 0.726168 0.917497 0.7282801 0.9503118 0.5776122 0.9236827 0.5826261 0.9523626 0.5686526 0.9519335 0.9825678 0.8432263 0.9696453 0.8432083 0.9696815 0.8107112 0.6180329 0.8460157 0.6249988 0.8175407 0.6371688 0.8170824 0.9825432 0.8798784 0.9696329 0.8799237 0.9696453 0.8432083 0.9825432 0.8798784 0.9825678 0.9153543 0.9696453 0.9154114 0.917779 0.4547337 0.9206362 0.4277969 0.9334843 0.4278897 0.6180329 0.9179248 0.6301046 0.9174296 0.6371688 0.9503158 0.9161978 0.5260567 0.9290161 0.5260942 0.9305549 0.5600372 0.7056429 0.9217525 0.7110179 0.9511508 0.6985586 0.9508611 0.9162698 0.4892159 0.9290443 0.4891646 0.9290161 0.5260942 0.9162698 0.4892159 0.917779 0.4547337 0.930599 0.454697 0.7056429 0.8495491 0.6931057 0.8492848 0.6985588 0.8170823 0.9825678 0.9153543 0.9826021 0.9443984 0.9696815 0.9443504 0.7038283 0.8861306 0.7056429 0.9217525 0.6931055 0.9215633 0.7038283 0.8861306 0.6912241 0.8859252 0.6931057 0.8492848 0.6157098 0.8812222 0.6180329 0.8460157 0.6301047 0.8454456 0.6157098 0.8812222 0.6276672 0.8806573 0.6301046 0.9174296 0.2629241 0.7692124 0.2563123 0.7968284 0.2442408 0.7973927 0.9450762 0.4279636 0.9579969 0.4279268 0.9579635 0.4594649 0.5561934 0.8170824 0.5686526 0.8172872 0.5636249 0.8485552 0.9450762 0.5623849 0.945041 0.5342267 0.9579635 0.5341754 0.5510872 0.8482969 0.5636249 0.8485552 0.5619159 0.8864046 0.5510872 0.9231489 0.5493112 0.8861994 0.5619159 0.8864046 0.2563123 0.8713753 0.2442407 0.8718764 0.242027 0.8339259 0.2563123 0.7968284 0.2539835 0.8333607 0.242027 0.8339259 0.945041 0.5342267 0.9450419 0.4974232 0.957952 0.4973777 0.945041 0.4594528 0.9579635 0.4594649 0.957952 0.4973777 0.741127 0.8170824 0.7389841 0.8432871 0.726168 0.8436023 0.2629241 0.9032256 0.2507541 0.9037685 0.2442407 0.8718764 0.7389841 0.8432871 0.7382201 0.8791124 0.7254503 0.8794472 0.7389841 0.9172446 0.726168 0.917497 0.7254503 0.8794472 0.741127 0.9500359 0.7282801 0.9503118 0.726168 0.917497 0.5561934 0.9516441 0.5510872 0.9231489 0.5636246 0.9233438 0.9581878 0.8120919 0.9696815 0.8107112 0.9696453 0.8432083 0.6484988 0.8183048 0.6414548 0.8457815 0.6301047 0.8454456 0.9580071 0.8437713 0.9696453 0.8432083 0.9696329 0.8799237 0.9580071 0.9146438 0.957958 0.8798764 0.9696329 0.8799237 0.945041 0.4296833 0.942281 0.4555957 0.930599 0.454697 0.6484988 0.9485235 0.6371688 0.9503158 0.6301046 0.9174296 0.9421775 0.5588405 0.9305549 0.5600372 0.9290161 0.5260942 0.9421775 0.5588405 0.945041 0.5848393 0.9333725 0.5858459 0.9407275 0.5256771 0.9290161 0.5260942 0.9290443 0.4891646 0.942281 0.4555957 0.9407082 0.4892953 0.9290443 0.4891646 0.6878603 0.8182729 0.6985588 0.8170823 0.6931057 0.8492848 0.9581881 0.9427071 0.9580071 0.9146438 0.9696453 0.9154114 0.682179 0.9205952 0.680095 0.8856673 0.6912241 0.8859252 0.682179 0.8496488 0.6931057 0.8492848 0.6912241 0.8859252 0.6414548 0.8457815 0.6388326 0.8802586 0.6276672 0.8806573 0.6414547 0.9164388 0.6301046 0.9174296 0.6276672 0.8806573 0.4689649 0.7672435 0.4771941 0.7378101 0.4885215 0.7390487 0.8771439 0.9034261 0.888782 0.9027827 0.8887403 0.9361824 0.2283625 0.8342317 0.216645 0.8340858 0.2166967 0.7989035 0.2272174 0.7692124 0.2283625 0.7983376 0.2166967 0.7989035 0.2267808 0.8665575 0.2235732 0.896037 0.2119688 0.8944283 0.2267808 0.8665575 0.2151422 0.8657857 0.216645 0.8340858 0.4879776 0.8915235 0.4771941 0.8643269 0.4885215 0.8625223 0.4689649 0.8297282 0.4802995 0.8286563 0.4885215 0.8625223 0.4988692 0.9256529 0.4879806 0.9267847 0.4922316 0.8933985 0.8771439 0.8407512 0.8772545 0.8106741 0.8887403 0.8123329 0.4662052 0.7976151 0.4773681 0.7972152 0.4802995 0.8286563 0.4662052 0.7976151 0.4689649 0.7672435 0.4802995 0.7676506 0.4988177 0.9576507 0.4876909 0.9580954 0.4879806 0.9267847 0.4988177 0.9576507 0.5028219 0.9882686 0.4918399 0.9879184 0.8771205 0.8714025 0.8771439 0.8407512 0.8887818 0.8415913 0.8771205 0.8714025 0.8887963 0.8714489 0.888782 0.9027827 0.9667407 0.2173221 0.9734813 0.1881142 0.9821684 0.1881045 0.2724674 0.7021111 0.2633474 0.7023966 0.2633026 0.6692834 0.9754031 0.456797 0.9826766 0.4277969 0.9881896 0.4279581 0.9817807 0.6523547 0.9886677 0.6232401 0.9935177 0.6232245 0.5486454 0.8644722 0.5435505 0.8646233 0.5434626 0.831545 1 0.76427 0.9942668 0.7645878 0.9939721 0.7315229 0.9367661 0.6510729 0.9464422 0.6232245 0.9533324 0.6254479 0.9966207 0.5633139 0.9898379 0.5650104 0.9894357 0.5322449 0.2662569 0.8384623 0.2646037 0.8113097 0.2716249 0.8100003 0.2633997 0.7769448 0.2692949 0.7722974 0.2716249 0.8100003 0.2630931 0.7381544 0.2693664 0.7381676 0.2692949 0.7722974 0.2630931 0.7381544 0.2670204 0.7023965 0.2724673 0.706982 0.9463647 0.7856898 0.9378802 0.7597532 0.945002 0.758282 0.945002 0.758282 0.9378802 0.7597532 0.9320574 0.7261563 0.9894357 0.4567849 0.9898379 0.4277969 0.9966207 0.4298136 0.508513 0.9242088 0.5028217 0.9291464 0.5062852 0.8934226 0.5434626 0.7522152 0.5435505 0.7225478 0.5486454 0.7227287 0.9915367 0.03280013 0.9865935 0.03325295 0.9917717 5.82933e-5 0.9893594 0.2208863 0.9837387 0.2224532 0.9889729 0.1883207 0.9939721 0.6527822 0.9942668 0.6232246 1 0.6236038 0.9798735 0.03283917 0.9710837 0.03324538 0.976223 1.19746e-4 0.2633026 0.5887042 0.2633474 0.5589489 0.2724674 0.5592909 0.9837387 0.2224532 0.9893594 0.2208863 0.9879186 0.2608104 0.9865935 0.03325295 0.9915367 0.03280013 0.98989 0.0729829 0.98989 0.0729829 0.9915367 0.1122128 0.9865935 0.1115904 0.9879186 0.2608104 0.9893594 0.2997093 0.9837387 0.2980424 0.9804053 0.5333821 0.975403 0.5352987 0.9725138 0.4952817 0.9865041 0.7306923 0.9817807 0.7314438 0.9793474 0.6911668 0.9793474 0.6911668 0.9817807 0.6523547 0.986504 0.6526741 0.9725138 0.4952817 0.9754031 0.456797 0.9804053 0.458101 0.5433375 0.7912997 0.5484302 0.7912901 0.5485412 0.830995 0.5433375 0.7912997 0.5434626 0.7522152 0.5485412 0.7527393 0.9935179 0.6915355 0.9939721 0.6527822 0.9995797 0.6543298 0.9935179 0.6915355 0.9992757 0.691473 0.9995797 0.72984 0.9834142 0.8384469 0.9856543 0.8106741 0.9947543 0.8108673 0.9821686 0.3304912 0.9734812 0.3311265 0.9667406 0.2976566 0.2641437 0.4466373 0.2667297 0.4191291 0.2724674 0.4194259 0.2639765 0.8682606 0.266294 0.8406003 0.2713766 0.8406975 0.9935177 0.7645377 0.9886677 0.7648844 0.9817807 0.7314438 0.9881896 0.5681973 0.9826765 0.568731 0.975403 0.5352987 0.9826021 0.8771793 0.9834142 0.8384469 0.9924716 0.8388515 0.9826021 0.8771793 0.9916635 0.8770129 0.9924716 0.9174059 0.2630931 0.9063474 0.2681414 0.9062318 0.2690064 0.9460713 0.2630931 0.9063474 0.2639765 0.8682606 0.2690064 0.8686699 0.2628853 0.4843663 0.2641437 0.4466373 0.2696278 0.4479948 0.2628853 0.4843663 0.2685256 0.4841337 0.2696278 0.5226806 0.9753168 0.2967248 0.9667406 0.2976566 0.9644148 0.2567735 0.9644148 0.2567735 0.9667407 0.2173221 0.9753169 0.2175442 0.937447 0.7214711 0.9320574 0.7261563 0.9304058 0.6874882 0.9304058 0.6874882 0.9367661 0.6510729 0.9415725 0.6556868 0.9834142 0.9181461 0.9924716 0.9174059 0.9947543 0.9521281 0.9798737 0.1135024 0.9849433 0.1435974 0.976223 0.1430891 0.9915367 0.1122128 0.9966458 0.1422239 0.9917717 0.1419497 0.2639765 0.9467243 0.2690064 0.9460713 0.2713766 0.9808933 0.2641437 0.5245183 0.2696278 0.5226806 0.2724674 0.5585561 0.9893594 0.2997093 0.9944153 0.3296155 0.9889727 0.3291339 0.9710837 0.03324538 0.9798735 0.03283917 0.9782208 0.07363426 0.9782208 0.07363426 0.9798737 0.1135024 0.9710837 0.1127499 0.5028217 0.9291464 0.508513 0.9242088 0.5094106 0.9625974 0.5094106 0.9625974 0.5122602 0.9996547 0.5061045 0.995248 0.2632297 0.6284281 0.2633026 0.5887042 0.2724135 0.5892855 0.2632297 0.6284281 0.2723439 0.6284313 0.2724135 0.6687071 0.9881895 0.4937887 0.9946082 0.4937031 0.9952645 0.5274731 0.9881895 0.4937887 0.9894357 0.4567849 0.9952643 0.4613589 0.1082266 0.7740446 0.07365334 0.7740858 0.07299268 0.769217 0.8291242 0.3629928 0.8264804 0.367012 0.8047922 0.3393481 0.004789471 0.8420971 0.004325628 0.8812601 0 0.882057 0.8577181 0.3765739 0.8917168 0.3765339 0.8924344 0.3813981 0.01485633 0.9183865 0.0110085 0.920873 0 0.882057 0.6661966 0.618361 0.7003613 0.6039171 0.7031452 0.6079894 0.9239401 0.3637836 0.9261341 0.3679939 0.8924344 0.3813981 0.136682 0.7875146 0.1082266 0.7740446 0.1091129 0.7692124 0.726276 0.5773612 0.7304987 0.5798877 0.7031452 0.6079894 0.8338491 0.2057216 0.8316025 0.2015087 0.8654311 0.188111 0.136682 0.7875146 0.1391748 0.7835061 0.1604833 0.8114507 0.629383 0.6184052 0.6661966 0.618361 0.6669948 0.6232245 0.9000712 0.1929313 0.8660722 0.1929713 0.8654311 0.188111 0.1668193 0.8902334 0.1672819 0.8510704 0.171571 0.8502713 0.629383 0.6184052 0.6284494 0.6232245 0.592595 0.6091468 0.3143847 0.7411903 0.290411 0.7676012 0.2861476 0.7651211 0.1567524 0.8139441 0.1604833 0.8114507 0.171571 0.8502713 0.6987885 0.4461153 0.7013084 0.4418796 0.7293935 0.4692692 0.3143847 0.7411903 0.3115352 0.7371616 0.3463549 0.7225536 0.1308882 0.9457796 0.1329734 0.9500328 0.09857833 0.9631114 0.7397351 0.506231 0.7253143 0.4720429 0.7293935 0.4692692 0.7022033 0.6417331 0.7050602 0.6377248 0.7299519 0.665844 0.4475955 0.7641149 0.451613 0.7612679 0.4662052 0.7961076 0.06338214 0.9582859 0.09795439 0.9582446 0.09857833 0.9631114 0.6277213 0.4326682 0.5935567 0.4471121 0.590796 0.4430442 0.7022033 0.6417331 0.6695145 0.6280774 0.6704365 0.6232333 0.4475955 0.7641149 0.4212138 0.7401289 0.4236911 0.7358626 0.5676419 0.473668 0.5634046 0.4711388 0.590796 0.4430442 0.7256754 0.6682864 0.7299519 0.665844 0.7430042 0.7040792 0.4613614 0.7970205 0.4662052 0.7961076 0.4662052 0.8359562 0.6645359 0.4326242 0.6277213 0.4326682 0.6269086 0.427802 0.4486244 0.8710328 0.4613436 0.8351196 0.4662052 0.8359562 0.738168 0.743551 0.7381421 0.7048862 0.7430042 0.7040792 0.6645359 0.4326242 0.6654278 0.427797 0.7013084 0.4418796 0.2776741 0.8416135 0.2728268 0.8425258 0.272837 0.802679 0.724533 0.7762634 0.738168 0.743551 0.7430042 0.7444809 0.5541828 0.5447982 0.5686038 0.5789864 0.5645478 0.5817644 0.290411 0.7676012 0.2776919 0.8035145 0.272837 0.802679 0.724533 0.7762634 0.7285316 0.7791338 0.7004461 0.8040339 0.5951294 0.6049139 0.592595 0.6091468 0.5645478 0.5817644 0.4212138 0.7401289 0.3853343 0.7274098 0.3861744 0.7225478 0.5541512 0.5079538 0.5493113 0.507038 0.5634046 0.4711388 0.347267 0.7274032 0.3463549 0.7225536 0.3861744 0.7225478 0.8762732 0.1832662 0.9092896 0.183205 0.909834 0.1881045 0.5541512 0.5079538 0.5541828 0.5447982 0.5493144 0.5456045 0.2914398 0.8745191 0.3178217 0.8985052 0.3153409 0.9027709 0.8762732 0.1832662 0.8753191 0.1881045 0.8419659 0.1758223 0.7397677 0.5430756 0.7445659 0.5439835 0.7304987 0.5798877 0.2914398 0.8745191 0.2874075 0.8773636 0.2728268 0.8425258 0.9092896 0.183205 0.938236 0.1693088 0.9413008 0.173171 0.7397677 0.5430756 0.7397351 0.506231 0.744589 0.505422 0.3178217 0.8985052 0.3537012 0.9112243 0.3528678 0.9160874 0.957899 0.1428973 0.9615899 0.1451878 0.9413008 0.173171 0.7816935 0.6033743 0.7790586 0.6074231 0.7566165 0.58022 0.3917685 0.9112308 0.3926771 0.9160798 0.3528678 0.9160874 0.7983415 0.07866501 0.7934506 0.07821917 0.8016641 0.04291671 0.7816935 0.6033743 0.8106577 0.617169 0.8096327 0.621969 0.4246507 0.8974437 0.4274854 0.9014698 0.3926771 0.9160798 0.7983415 0.07866501 0.801631 0.1146172 0.7969427 0.1153913 0.8989724 0.5790777 0.9114108 0.5461257 0.91566 0.5472712 0.4246507 0.8974437 0.4486244 0.8710328 0.4528845 0.8735123 0.8879268 0.00437963 0.8547883 0.004500091 0.85342 0 0.8989724 0.5790777 0.9023942 0.5818718 0.8783318 0.6077367 0.8879268 0.00437963 0.8875616 1.81139e-4 0.9212881 0.01228219</float_array>
          <technique_common>
            <accessor source="#Mesh-mesh-map-0-array" count="6432" stride="2">
              <param name="S" type="float"/>
              <param name="T" type="float"/>
            </accessor>
          </technique_common>
        </source>
        <vertices id="Mesh-mesh-vertices">
          <input semantic="POSITION" source="#Mesh-mesh-positions"/>
        </vertices>
        <triangles material="Material_001-material" count="1344">
          <input semantic="VERTEX" source="#Mesh-mesh-vertices" offset="0"/>
          <input semantic="NORMAL" source="#Mesh-mesh-normals" offset="1"/>
          <input semantic="TEXCOORD" source="#Mesh-mesh-map-0" offset="2" set="0"/>
          <p>2 0 0 597 1 1 190 2 2 189 3 3 296 4 4 1 5 5 0 6 6 597 1 7 189 3 8 296 4 9 297 7 10 1 5 11 296 4 12 392 8 13 598 9 14 598 9 15 4 10 16 499 11 17 297 7 18 499 11 19 3 12 20 3 12 21 599 13 22 500 14 23 499 11 24 191 15 25 599 13 26 599 13 27 6 16 28 299 17 29 500 14 30 299 17 31 5 18 32 191 15 33 393 19 34 6 16 35 191 15 36 192 20 37 600 21 38 192 20 39 501 22 40 600 21 41 393 19 42 501 22 43 7 23 44 8 24 45 601 25 46 501 22 47 193 26 48 300 27 49 601 25 50 300 27 51 502 28 52 601 25 53 601 25 54 7 23 55 501 22 56 502 28 57 504 29 58 7 23 59 9 30 60 602 31 61 502 28 62 11 32 63 602 31 64 301 33 65 301 33 66 505 34 67 11 32 68 301 33 69 302 35 70 603 36 71 302 35 72 194 37 73 603 36 74 505 34 75 194 37 76 12 38 77 13 39 78 604 40 79 194 37 80 195 41 81 303 42 82 14 43 83 12 38 84 604 40 85 195 41 86 304 44 87 303 42 88 13 39 89 304 44 90 506 45 91 605 46 92 605 46 93 15 47 94 394 48 95 605 46 96 14 43 97 303 42 98 506 45 99 507 49 100 15 47 101 16 50 102 606 51 103 506 45 104 17 52 105 606 51 106 197 53 107 395 54 108 197 53 109 16 50 110 395 54 111 396 55 112 607 56 113 396 55 114 305 57 115 607 56 116 197 53 117 305 57 118 17 52 119 397 58 120 305 57 121 18 59 122 20 60 123 608 61 124 397 58 125 508 62 126 306 63 127 608 61 128 305 57 129 306 63 130 17 52 131 19 64 132 609 65 133 509 66 134 508 62 135 199 67 136 609 65 137 609 65 138 22 68 139 307 69 140 509 66 141 307 69 142 21 70 143 22 68 144 610 71 145 307 69 146 398 72 147 510 73 148 610 71 149 510 73 150 308 74 151 610 71 152 307 69 153 308 74 154 21 70 155 23 75 156 611 76 157 511 77 158 510 73 159 201 78 160 611 76 161 201 78 162 310 79 163 611 76 164 511 77 165 310 79 166 25 80 167 512 81 168 311 82 169 27 83 170 511 77 171 512 81 172 23 75 173 25 80 174 612 84 175 511 77 176 513 85 177 202 86 178 29 87 179 27 83 180 613 88 181 513 85 182 311 82 183 312 89 184 613 88 185 202 86 186 312 89 187 28 90 188 31 91 189 614 92 190 399 93 191 514 94 192 513 85 193 614 92 194 513 85 195 313 95 196 614 92 197 399 93 198 313 95 199 30 96 200 203 97 201 400 98 202 33 99 203 32 100 204 615 101 205 203 97 206 515 102 207 399 93 208 615 101 209 615 101 210 30 96 211 400 98 212 204 103 213 401 104 214 35 105 215 32 100 216 616 106 217 204 103 218 616 106 219 33 99 220 315 107 221 401 104 222 315 107 223 34 108 224 205 109 225 402 110 226 37 111 227 205 109 228 516 112 229 617 113 230 516 112 231 401 104 232 617 113 233 402 110 234 401 104 235 34 108 236 39 114 237 618 115 238 403 116 239 36 117 240 618 115 241 207 118 242 618 115 243 37 111 244 316 119 245 618 115 246 38 120 247 403 116 248 517 121 249 208 122 250 41 123 251 517 121 252 403 116 253 619 124 254 403 116 255 404 125 256 619 124 257 208 122 258 404 125 259 40 126 260 405 127 261 209 128 262 43 129 263 405 127 264 317 130 265 620 131 266 317 130 267 208 122 268 620 131 269 209 128 270 208 122 271 40 126 272 406 132 273 211 133 274 45 134 275 42 135 276 621 136 277 406 132 278 621 136 279 43 129 280 518 137 281 211 133 282 518 137 283 44 138 284 318 139 285 408 140 286 47 141 287 318 139 288 211 133 289 622 142 290 211 133 291 212 143 292 622 142 293 408 140 294 212 143 295 46 144 296 213 145 297 409 146 298 49 147 299 213 145 300 519 148 301 623 149 302 519 148 303 408 140 304 623 149 305 409 146 306 408 140 307 46 144 308 428 269 498 229 270 499 77 271 500 428 269 501 426 260 502 639 272 503 426 260 504 527 273 505 639 272 506 229 270 507 527 273 508 76 274 509 430 275 510 329 276 511 79 277 512 78 278 513 640 279 514 430 275 515 640 279 516 74 280 517 428 269 518 329 276 519 428 269 520 77 271 521 81 281 522 641 282 523 330 283 524 80 284 525 641 282 526 230 285 527 528 286 528 329 276 529 641 282 530 330 283 531 329 276 532 77 271 533 80 284 534 642 287 535 231 288 536 331 289 537 230 285 538 81 281 539 82 290 540 642 287 541 331 289 542 530 291 543 431 292 544 84 293 545 83 294 546 643 295 547 530 291 548 232 296 549 231 288 550 643 295 551 431 292 552 231 288 553 82 290 554 85 297 555 644 298 556 432 299 557 431 292 558 233 300 559 84 293 560 432 299 561 431 292 562 82 290 563 234 301 564 530 291 565 84 293 566 234 301 567 433 302 568 645 303 569 645 303 570 86 304 571 531 305 572 530 291 573 531 305 574 83 294 575 532 306 576 236 307 577 89 308 578 87 309 579 646 310 580 532 306 581 234 301 582 235 311 583 646 310 584 236 307 585 235 311 586 88 312 587 434 313 588 237 314 589 91 315 590 434 313 591 334 316 592 647 317 593 334 316 594 236 307 595 647 317 596 647 317 597 88 312 598 237 314 599 93 318 600 648 319 601 533 320 602 92 321 603 648 319 604 238 322 605 648 319 606 90 323 607 434 313 608 648 319 609 91 315 610 533 320 611 239 324 612 436 325 613 95 326 614 239 324 615 238 322 616 649 327 617 238 322 618 335 328 619 649 327 620 649 327 621 94 329 622 436 325 623 97 330 624 650 331 625 437 332 626 240 333 627 534 334 628 650 331 629 534 334 630 436 325 631 650 331 632 437 332 633 436 325 634 94 329 635 241 335 636 438 336 637 99 337 638 96 338 639 651 339 640 241 335 641 240 333 642 338 340 643 651 339 644 651 339 645 98 341 646 438 336 647 243 342 648 440 343 649 101 344 650 243 342 651 535 345 652 652 346 653 535 345 654 438 336 655 652 346 656 652 346 657 98 341 658 440 343 659 439 347 660 441 348 661 26 349 662 100 350 663 653 351 664 439 347 665 243 342 666 339 352 667 653 351 668 441 348 669 339 352 670 102 353 671 101 344 672 654 354 673 339 352 674 442 355 675 340 356 676 103 357 677 102 353 678 654 354 679 442 355 680 442 355 681 244 358 682 102 353 683 103 357 684 655 359 685 442 355 686 655 359 687 104 360 688 245 361 689 244 358 690 245 361 691 28 90 692 536 362 693 246 363 694 104 360 695 536 362 696 537 364 697 656 365 698 537 364 699 342 366 700 656 365 701 246 363 702 342 366 703 105 367 704 443 368 705 342 366 706 106 369 707 108 370 708 657 371 709 443 368 710 538 372 711 343 373 712 657 371 713 657 371 714 105 367 715 342 366 716 107 374 717 658 375 718 539 376 719 538 372 720 247 377 721 658 375 722 247 377 723 344 378 724 658 375 725 539 376 726 344 378 727 109 379 728 250 380 729 446 381 730 113 382 731 112 383 732 659 384 733 250 380 734 659 384 735 111 385 736 445 386 737 446 381 738 445 386 739 110 387 740 108 370 741 660 388 742 247 377 743 446 381 744 368 389 745 113 382 746 110 387 747 660 388 748 446 381 749 540 390 750 541 391 751 111 385 752 540 390 753 251 392 754 661 393 755 251 392 756 447 394 757 661 393 758 541 391 759 447 394 760 114 395 761 543 396 762 542 397 763 115 398 764 118 399 765 662 400 766 543 396 767 345 401 768 252 402 769 662 400 770 662 400 771 116 403 772 542 397 773 114 395 774 663 404 775 448 405 776 115 398 777 663 404 778 447 394 779 448 405 780 542 397 781 116 403 782 543 396 783 391 406 784 118 399 785 115 398 786 664 407 787 543 396 788 544 408 789 346 409 790 664 407 791 664 407 792 85 297 793 391 406 794 252 402 795 254 410 796 116 403 797 117 411 798 665 412 799 252 402 800 347 413 801 255 414 802 665 412 803 254 410 804 255 414 805 120 415 806 347 413 807 348 416 808 121 417 809 347 413 810 349 418 811 666 419 812 349 418 813 452 420 814 666 419 815 348 416 816 452 420 817 122 421 818 348 416 819 350 422 820 121 417 821 122 421 822 667 423 823 348 416 824 453 424 825 258 425 826 667 423 827 350 422 828 258 425 829 124 426 830 126 427 831 668 428 832 259 429 833 350 422 834 351 430 835 121 417 836 259 429 837 350 422 838 124 426 839 125 431 840 669 432 841 292 433 842 122 421 843 669 432 844 453 424 845 292 433 846 256 434 847 76 274 848 125 431 849 670 435 850 258 425 851 260 436 852 352 437 853 127 438 854 124 426 855 670 435 856 260 436 857 126 427 858 671 439 859 414 440 860 456 441 861 262 442 862 671 439 863 671 439 864 128 443 865 261 444 866 414 440 867 261 444 868 120 415 869 121 417 870 672 445 871 255 414 872 414 440 873 351 430 874 126 427 875 120 415 876 672 445 877 414 440 878 354 446 879 262 442 880 129 447 881 354 446 882 457 448 883 673 449 884 457 448 885 263 450 886 673 449 887 262 442 888 263 450 889 128 443 890 546 451 891 264 452 892 133 453 893 546 451 894 354 446 895 674 454 896 674 454 897 129 447 898 355 455 899 674 454 900 132 456 901 264 452 902 460 457 903 265 458 904 135 459 905 460 457 906 356 460 907 675 461 908 356 460 909 264 452 910 675 461 911 265 458 912 264 452 913 132 456 914 130 462 915 676 463 916 263 450 917 461 464 918 267 465 919 676 463 920 267 465 921 266 466 922 676 463 923 676 463 924 128 443 925 263 450 926 137 467 927 677 468 928 357 469 929 353 470 930 461 464 931 130 462 932 109 379 933 677 468 934 353 470 935 137 467 936 678 471 937 267 465 938 139 472 939 678 471 940 358 473 941 678 471 942 138 474 943 268 475 944 678 471 945 136 476 946 267 465 947 355 455 948 269 477 949 132 456 950 355 455 951 456 441 952 679 478 953 456 441 954 464 479 955 679 478 956 269 477 957 464 479 958 140 480 959 266 466 960 261 444 961 128 443 962 136 476 963 680 481 964 266 466 965 120 415 966 680 481 967 444 482 968 268 475 969 444 482 970 136 476 971 268 475 972 582 483 973 681 484 974 582 483 975 254 410 976 681 484 977 444 482 978 254 410 979 120 415 980 138 474 981 682 485 982 582 483 983 448 405 984 462 486 985 114 395 986 116 403 987 682 485 988 448 405 989 251 392 990 544 408 991 115 398 992 112 383 993 683 487 994 251 392 995 270 488 996 550 489 997 683 487 998 683 487 999 119 490 1000 544 408 1001 141 491 1002 684 492 1003 550 489 1004 361 493 1005 465 494 1006 684 492 1007 465 494 1008 551 495 1009 684 492 1010 550 489 1011 551 495 1012 119 490 1013 463 496 1014 462 486 1015 138 474 1016 463 496 1017 548 497 1018 685 498 1019 685 498 1020 111 385 1021 541 391 1022 685 498 1023 114 395 1024 462 486 1025 250 380 1026 270 488 1027 112 383 1028 250 380 1029 362 499 1030 686 500 1031 362 499 1032 332 501 1033 686 500 1034 686 500 1035 141 491 1036 270 488 1037 144 502 1038 687 503 1039 272 504 1040 363 505 1041 362 499 1042 113 382 1043 145 506 1044 687 503 1045 363 505 1046 552 507 1047 498 508 1048 131 509 1049 146 510 1050 688 511 1051 552 507 1052 407 512 1053 539 376 1054 688 511 1055 688 511 1056 109 379 1057 498 508 1058 130 462 1059 689 513 1060 353 470 1061 131 509 1062 689 513 1063 457 448 1064 353 470 1065 498 508 1066 109 379 1067 210 514 1068 344 378 1069 110 387 1070 210 514 1071 358 473 1072 690 515 1073 358 473 1074 357 469 1075 690 515 1076 344 378 1077 357 469 1078 109 379 1079 363 505 1080 466 516 1081 145 506 1082 113 382 1083 691 517 1084 363 505 1085 368 389 1086 443 368 1087 691 517 1088 691 517 1089 106 369 1090 466 516 1091 343 373 1092 364 518 1093 105 367 1094 343 373 1095 407 512 1096 692 519 1097 692 519 1098 146 510 1099 467 520 1100 364 518 1101 467 520 1102 147 521 1103 146 510 1104 693 522 1105 467 520 1106 148 523 1107 693 522 1108 468 524 1109 467 520 1110 554 525 1111 147 521 1112 93 318 1113 694 526 1114 335 328 1115 581 527 1116 494 528 1117 143 529 1118 335 328 1119 581 527 1120 94 329 1121 273 530 1122 435 531 1123 92 321 1124 150 532 1125 695 533 1126 273 530 1127 695 533 1128 149 534 1129 469 535 1130 435 531 1131 469 535 1132 90 323 1133 465 494 1134 279 536 1135 142 537 1136 143 529 1137 696 538 1138 465 494 1139 494 528 1140 533 320 1141 696 538 1142 279 536 1143 533 320 1144 91 315 1145 90 323 1146 697 539 1147 334 316 1148 366 540 1149 469 535 1150 149 534 1151 89 308 1152 697 539 1153 366 540 1154 142 537 1155 698 541 1156 271 542 1157 91 315 1158 698 541 1159 279 536 1160 271 542 1161 237 314 1162 88 312 1163 531 305 1164 529 543 1165 83 294 1166 531 305 1167 470 544 1168 699 545 1169 470 544 1170 557 546 1171 699 545 1172 529 543 1173 557 546 1174 79 277 1175 86 304 1176 700 547 1177 470 544 1178 152 548 1179 700 547 1180 471 549 1181 470 544 1182 558 550 1183 151 551 1184 473 552 1185 560 553 1186 155 554 1187 154 555 1188 701 556 1189 473 552 1190 701 556 1191 153 557 1192 559 558 1193 560 553 1194 559 558 1195 151 551 1196 152 548 1197 702 559 1198 558 550 1199 156 560 1200 702 559 1201 275 561 1202 561 562 1203 560 553 1204 702 559 1205 558 550 1206 560 553 1207 151 551 1208 156 560 1209 703 563 1210 276 564 1211 152 548 1212 703 563 1213 275 561 1214 276 564 1215 583 565 1216 157 566 1217 476 567 1218 370 568 1219 159 569 1220 158 570 1221 704 571 1222 476 567 1223 277 572 1224 276 564 1225 704 571 1226 370 568 1227 276 564 1228 157 566 1229 160 573 1230 705 574 1231 371 575 1232 370 568 1233 564 576 1234 159 569 1235 371 575 1236 370 568 1237 157 566 1238 161 577 1239 706 578 1240 372 579 1241 371 575 1242 278 580 1243 160 573 1244 157 566 1245 706 578 1246 371 575 1247 476 567 1248 479 581 1249 158 570 1250 476 567 1251 566 582 1252 707 583 1253 566 582 1254 480 584 1255 707 583 1256 479 581 1257 480 584 1258 162 585 1259 562 586 1260 567 587 1261 155 554 1262 562 586 1263 479 581 1264 708 588 1265 479 581 1266 481 589 1267 708 588 1268 567 587 1269 481 589 1270 164 590 1271 162 585 1272 709 591 1273 481 589 1274 280 592 1275 482 593 1276 165 594 1277 481 589 1278 280 592 1279 164 590 1280 480 584 1281 483 595 1282 162 585 1283 163 596 1284 710 597 1285 480 584 1286 710 597 1287 167 598 1288 484 599 1289 483 595 1290 484 599 1291 166 600 1292 165 594 1293 711 601 1294 373 602 1295 483 595 1296 482 593 1297 162 585 1298 373 602 1299 483 595 1300 166 600 1301 167 598 1302 712 603 1303 484 599 1304 485 604 1305 569 605 1306 168 606 1307 166 600 1308 712 603 1309 485 604 1310 570 607 1311 569 605 1312 167 598 1313 170 608 1314 713 609 1315 570 607 1316 375 610 1317 281 611 1318 713 609 1319 569 605 1320 281 611 1321 168 606 1322 487 612 1323 375 610 1324 170 608 1325 172 613 1326 714 614 1327 487 612 1328 572 615 1329 376 616 1330 714 614 1331 714 614 1332 169 617 1333 375 610 1334 284 618 1335 572 615 1336 172 613 1337 284 618 1338 378 619 1339 715 620 1340 378 619 1341 573 621 1342 715 620 1343 715 620 1344 171 622 1345 572 615 1346 173 623 1347 716 624 1348 379 625 1349 488 626 1350 378 619 1351 174 627 1352 175 628 1353 716 624 1354 488 626 1355 577 629 1356 376 616 1357 171 622 1358 577 629 1359 285 630 1360 717 631 1361 285 630 1362 380 632 1363 717 631 1364 376 616 1365 380 632 1366 169 617 1367 381 633 1368 489 634 1369 178 635 1370 373 602 1371 381 633 1372 165 594 1373 489 634 1374 373 602 1375 166 600 1376 490 636 1377 286 637 1378 179 638 1379 490 636 1380 473 552 1381 719 639 1382 473 552 1383 567 587 1384 719 639 1385 286 637 1386 567 587 1387 164 590 1388 156 560 1389 720 640 1390 561 562 1391 158 570 1392 720 640 1393 277 572 1394 561 562 1395 562 586 1396 155 554 1397 372 579 1398 478 641 1399 161 577 1400 372 579 1401 583 565 1402 721 642 1403 721 642 1404 152 548 1405 471 549 1406 478 641 1407 471 549 1408 86 304 1409 87 309 1410 722 643 1411 433 302 1412 478 641 1413 565 644 1414 161 577 1415 433 302 1416 478 641 1417 86 304 1418 118 399 1419 723 645 1420 450 646 1421 432 299 1422 391 406 1423 85 297 1424 82 290 1425 723 645 1426 432 299 1427 80 284 1428 724 647 1429 528 286 1430 83 294 1431 724 647 1432 232 296 1433 528 286 1434 529 543 1435 79 277 1436 559 558 1437 557 546 1438 151 551 1439 559 558 1440 472 648 1441 725 649 1442 472 648 1443 430 275 1444 725 649 1445 557 546 1446 430 275 1447 79 277 1448 123 650 1449 726 651 1450 386 652 1451 330 283 1452 390 653 1453 81 281 1454 386 652 1455 330 283 1456 77 271 1457 452 420 1458 256 434 1459 122 421 1460 452 420 1461 386 652 1462 727 654 1463 386 652 1464 229 270 1465 727 654 1466 256 434 1467 229 270 1468 76 274 1469 280 592 1524 578 684 1525 164 590 1526 165 594 1527 733 685 1528 280 592 1529 733 685 1530 178 635 1531 587 686 1532 578 684 1533 587 686 1534 47 141 1535 48 687 1536 734 688 1537 519 148 1538 179 638 1539 734 688 1540 298 689 1541 286 637 1542 578 684 1543 734 688 1544 519 148 1545 578 684 1546 47 141 1547 389 690 1548 587 686 1549 178 635 1550 45 134 1551 735 691 1552 389 690 1553 587 686 1554 318 139 1555 47 141 1556 44 138 1557 736 692 1558 212 143 1559 455 693 1560 584 694 1561 127 438 1562 212 143 1563 455 693 1564 46 144 1565 518 137 1566 257 695 1567 44 138 1568 518 137 1569 549 696 1570 737 697 1571 737 697 1572 140 480 1573 326 698 1574 257 695 1575 326 698 1576 124 426 1577 127 438 1578 738 699 1579 260 436 1580 257 695 1581 584 694 1582 44 138 1583 260 436 1584 257 695 1585 124 426 1586 281 611 1587 374 700 1588 168 606 1589 169 617 1590 739 701 1591 281 611 1592 739 701 1593 176 702 1594 384 703 1595 374 700 1596 384 703 1597 41 123 1598 42 135 1599 740 704 1600 317 130 1601 374 700 1602 475 705 1603 168 606 1604 41 123 1605 740 704 1606 374 700 1607 585 706 1608 196 707 1609 40 126 1610 135 459 1611 741 708 1612 585 706 1613 741 708 1614 132 456 1615 269 477 1616 196 707 1617 269 477 1618 140 480 1619 43 129 1620 742 709 1621 549 696 1622 40 126 1623 742 709 1624 209 128 1625 549 696 1626 196 707 1627 140 480 1628 576 710 1629 384 703 1630 176 702 1631 39 114 1632 743 711 1633 576 710 1634 41 123 1635 743 711 1636 517 121 1637 38 120 1638 744 712 1639 404 125 1640 585 706 1641 388 713 1642 135 459 1643 40 126 1644 744 712 1645 585 706 1646 176 702 1647 745 714 1648 576 710 1649 177 715 1650 745 714 1651 285 630 1652 274 716 1653 207 118 1654 745 714 1655 576 710 1656 207 118 1657 39 114 1658 289 717 1659 316 119 1660 37 111 1661 134 718 1662 746 719 1663 289 717 1664 746 719 1665 135 459 1666 388 713 1667 316 119 1668 388 713 1669 38 120 1670 289 717 1671 459 720 1672 134 718 1673 37 111 1674 747 721 1675 289 717 1676 34 108 1677 747 721 1678 402 110 1679 573 621 1680 571 722 1681 171 622 1682 173 623 1683 748 723 1684 573 621 1685 283 724 1686 204 103 1687 748 723 1688 748 723 1689 35 105 1690 571 722 1691 177 715 1692 749 725 1693 553 726 1694 171 622 1695 749 725 1696 577 629 1697 553 726 1698 571 722 1699 35 105 1700 34 108 1701 750 727 1702 458 728 1703 315 107 1704 365 729 1705 750 727 1706 750 727 1707 148 523 1708 253 730 1709 458 728 1710 253 730 1711 133 453 1712 134 718 1713 751 731 1714 356 460 1715 458 728 1716 459 720 1717 34 108 1718 133 453 1719 751 731 1720 458 728 1721 283 724 1722 515 102 1723 32 100 1724 173 623 1725 752 732 1726 283 724 1727 379 625 1728 575 733 1729 752 732 1730 752 732 1731 31 91 1732 515 102 1733 365 729 1734 554 525 1735 148 523 1736 365 729 1737 400 98 1738 753 734 1739 400 98 1740 387 735 1741 753 734 1742 753 734 1743 147 521 1744 554 525 1745 341 736 1746 245 361 1747 104 360 1748 29 87 1749 754 737 1750 341 736 1751 28 90 1752 754 737 1753 202 86 1754 25 80 1755 755 738 1756 312 89 1757 26 349 1758 755 738 1759 310 79 1760 755 738 1761 102 353 1762 244 358 1763 755 738 1764 28 90 1765 312 89 1766 24 739 1767 756 740 1768 563 741 1769 398 72 1770 248 742 1771 756 740 1772 756 740 1773 0 6 1774 385 743 1775 563 741 1776 385 743 1777 99 337 1778 100 350 1779 757 744 1780 535 345 1781 563 741 1782 242 745 1783 24 739 1784 99 337 1785 757 744 1786 563 741 1787 495 746 1788 394 48 1789 15 47 1790 495 746 1791 487 612 1792 758 747 1793 487 612 1794 486 748 1795 758 747 1796 394 48 1797 486 748 1798 14 43 1799 163 596 1800 759 749 1801 555 750 1802 566 582 1803 451 751 1804 759 749 1805 451 751 1806 505 34 1807 759 749 1808 555 750 1809 505 34 1810 12 38 1811 9 30 1812 760 752 1813 302 35 1814 10 753 1815 760 752 1816 300 27 1817 760 752 1818 16 50 1819 304 44 1820 760 752 1821 13 39 1822 302 35 1823 367 754 1824 249 755 1825 149 534 1826 367 754 1827 556 756 1828 761 757 1829 556 756 1830 500 14 1831 761 757 1832 249 755 1833 500 14 1834 5 18 1835 392 8 1836 198 758 1837 4 10 1838 2 0 1839 762 759 1840 392 8 1841 449 760 1842 397 58 1843 762 759 1844 762 759 1845 18 59 1846 198 758 1847 8 24 1848 763 761 1849 503 762 1850 4 10 1851 763 761 1852 192 20 1853 503 762 1854 198 758 1855 18 59 1856 297 7 1857 336 763 1858 1 5 1859 3 12 1860 764 764 1861 297 7 1862 764 764 1863 150 532 1864 293 765 1865 336 763 1866 293 765 1867 95 326 1868 96 338 1869 765 766 1870 534 334 1871 336 763 1872 337 767 1873 1 5 1874 95 326 1875 765 766 1876 336 763 1877 5 18 1878 766 768 1879 206 769 1880 299 17 1881 477 770 1882 766 768 1883 477 770 1884 278 580 1885 766 768 1886 206 769 1887 278 580 1888 161 577 1889 449 760 1890 199 67 1891 20 60 1892 2 0 1893 767 771 1894 449 760 1895 767 771 1896 0 6 1897 248 742 1898 199 67 1899 248 742 1900 22 68 1901 10 753 1902 768 772 1903 396 55 1904 503 762 1905 193 26 1906 8 24 1907 18 59 1908 768 772 1909 503 762 1910 160 573 1911 769 773 1912 454 774 1913 477 770 1914 393 19 1915 769 773 1916 769 773 1917 7 23 1918 504 29 1919 454 774 1920 504 29 1921 11 32 1922 159 569 1923 770 775 1924 451 751 1925 454 774 1926 564 576 1927 160 573 1928 11 32 1929 770 775 1930 454 774 1931 174 627 1932 771 776 1933 488 626 1934 574 777 1935 509 66 1936 771 776 1937 771 776 1938 21 70 1939 309 778 1940 488 626 1941 309 778 1942 175 628 1943 284 618 1944 295 779 1945 174 627 1946 172 613 1947 772 780 1948 284 618 1949 772 780 1950 15 47 1951 507 49 1952 295 779 1953 507 49 1954 17 52 1955 19 64 1956 773 781 1957 306 63 1958 295 779 1959 574 777 1960 174 627 1961 17 52 1962 773 781 1963 295 779 1964 570 607 1965 282 782 1966 170 608 1967 167 598 1968 774 783 1969 570 607 1970 568 784 1971 555 750 1972 774 783 1973 774 783 1974 12 38 1975 282 782 1976 14 43 1977 775 785 1978 195 41 1979 170 608 1980 775 785 1981 486 748 1982 195 41 1983 282 782 1984 12 38 1985 189 3 1986 385 743 1987 0 6 1988 1 5 1989 776 786 1990 189 3 1991 337 767 1992 241 335 1993 776 786 1994 776 786 1995 99 337 1996 385 743 1997 273 530 1998 293 765 1999 150 532 2000 92 321 2001 777 787 2002 273 530 2003 95 326 2004 777 787 2005 239 324 2006 206 769 2007 333 788 2008 5 18 2009 161 577 2010 778 789 2011 206 769 2012 565 644 2013 532 306 2014 778 789 2015 778 789 2016 89 308 2017 333 788 2018 149 534 2019 779 790 2020 366 540 2021 5 18 2022 779 790 2023 249 755 2024 366 540 2025 333 788 2026 89 308 2027 24 739 2028 780 791 2029 201 78 2030 439 347 2031 242 745 2032 100 350 2033 26 349 2034 780 791 2035 439 347 2036 308 74 2037 314 792 2038 21 70 2039 23 75 2040 781 793 2041 308 74 2042 781 793 2043 27 83 2044 514 94 2045 314 792 2046 514 94 2047 31 91 2048 175 628 2049 782 794 2050 575 733 2051 314 792 2052 309 778 2053 21 70 2054 575 733 2055 314 792 2056 31 91 2057 36 117 2058 783 795 2059 516 112 2060 553 726 2061 274 716 2062 177 715 2063 35 105 2064 783 795 2065 553 726 2066 338 340 2067 586 796 2068 98 341 2069 97 330 2070 784 797 2071 338 340 2072 496 798 2073 272 504 2074 784 797 2075 784 797 2076 145 506 2077 586 796 2078 437 332 2079 359 799 2080 97 330 2081 94 329 2082 785 800 2083 437 332 2084 785 800 2085 143 529 2086 361 493 2087 359 799 2088 361 493 2089 141 491 2090 144 502 2091 786 801 2092 332 501 2093 359 799 2094 496 798 2095 97 330 2096 332 501 2097 359 799 2098 141 491 2099 271 542 2100 360 802 2101 142 537 2102 88 312 2103 787 803 2104 271 542 2105 787 803 2106 84 293 2107 233 300 2108 360 802 2109 233 300 2110 85 297 2111 119 490 2112 788 804 2113 346 409 2114 142 537 2115 788 804 2116 551 495 2117 346 409 2118 360 802 2119 85 297 2120 101 344 2121 789 805 2122 417 806 2123 440 343 2124 586 796 2125 789 805 2126 789 805 2127 145 506 2128 466 516 2129 417 806 2130 466 516 2131 106 369 2132 103 357 2133 790 807 2134 537 364 2135 417 806 2136 340 356 2137 101 344 2138 106 369 2139 790 807 2140 417 806 2141 548 497 2142 445 386 2143 111 385 2144 139 472 2145 791 808 2146 548 497 2147 110 387 2148 791 808 2149 210 514 2150 341 736 2151 290 809 2152 29 87 2153 104 360 2154 792 810 2155 341 736 2156 792 810 2157 105 367 2158 364 518 2159 290 809 2160 364 518 2161 147 521 2162 30 96 2163 793 811 2164 387 735 2165 29 87 2166 793 811 2167 313 95 2168 387 735 2169 290 809 2170 147 521 2171 468 524 2172 253 730 2173 148 523 2174 468 524 2175 552 507 2176 794 812 2177 794 812 2178 131 509 2179 546 451 2180 794 812 2181 133 453 2182 253 730 2183 464 479 2184 326 698 2185 140 480 2186 259 429 2187 464 479 2188 126 427 2189 124 426 2190 795 813 2191 259 429 2192 485 604 2250 377 844 2251 166 600 2252 168 606 2253 801 845 2254 485 604 2255 475 705 2256 406 132 2257 801 845 2258 377 844 2259 406 132 2260 45 134 2261 178 635 2262 802 846 2263 389 690 2264 377 844 2265 489 634 2266 166 600 2267 389 690 2268 377 844 2269 45 134 2270 349 418 2319 497 873 2320 123 650 2321 117 411 2322 807 874 2323 349 418 2324 807 874 2325 118 399 2326 450 646 2327 497 873 2328 450 646 2329 82 290 2330 81 281 2331 808 875 2332 331 289 2333 497 873 2334 390 653 2335 123 650 2336 331 289 2337 497 873 2338 82 290 2339 455 693 2364 427 886 2365 46 144 2366 127 438 2367 811 887 2368 455 693 2369 811 887 2370 125 431 2371 292 433 2372 427 886 2373 292 433 2374 76 274 2375 75 262 2376 812 888 2377 527 273 2378 49 147 2379 812 888 2380 200 889 2381 409 146 2382 427 886 2383 812 888 2384 527 273 2385 427 886 2386 76 274 2387 2 0 3216 296 4 3217 597 1 3218 189 3 3219 597 1 3220 296 4 3221 0 6 3222 190 2 3223 597 1 3224 296 4 3225 598 9 3226 297 7 3227 296 4 3228 2 0 3229 392 8 3230 598 9 3231 392 8 3232 4 10 3233 297 7 3234 598 9 3235 499 11 3236 3 12 3237 499 11 3238 599 13 3239 499 11 3240 4 10 3241 191 15 3242 599 13 3243 191 15 3244 6 16 3245 500 14 3246 599 13 3247 299 17 3248 191 15 3249 600 21 3250 393 19 3251 191 15 3252 4 10 3253 192 20 3254 192 20 3255 8 24 3256 501 22 3257 393 19 3258 600 21 3259 501 22 3260 8 24 3261 193 26 3262 601 25 3263 193 26 3264 10 753 3265 300 27 3266 300 27 3267 9 30 3268 502 28 3269 601 25 3270 502 28 3271 7 23 3272 502 28 3273 602 31 3274 504 29 3275 9 30 3276 301 33 3277 602 31 3278 11 32 3279 504 29 3280 602 31 3281 301 33 3282 603 36 3283 505 34 3284 301 33 3285 9 30 3286 302 35 3287 302 35 3288 13 39 3289 194 37 3290 505 34 3291 603 36 3292 194 37 3293 13 39 3294 303 42 3295 604 40 3296 195 41 3297 604 40 3298 303 42 3299 12 38 3300 194 37 3301 604 40 3302 304 44 3303 605 46 3304 303 42 3305 304 44 3306 16 50 3307 506 45 3308 605 46 3309 506 45 3310 15 47 3311 605 46 3312 394 48 3313 14 43 3314 506 45 3315 606 51 3316 507 49 3317 16 50 3318 197 53 3319 606 51 3320 17 52 3321 507 49 3322 606 51 3323 395 54 3324 607 56 3325 197 53 3326 395 54 3327 10 753 3328 396 55 3329 396 55 3330 18 59 3331 305 57 3332 197 53 3333 607 56 3334 305 57 3335 397 58 3336 608 61 3337 305 57 3338 20 60 3339 508 62 3340 608 61 3341 508 62 3342 19 64 3343 306 63 3344 305 57 3345 608 61 3346 306 63 3347 19 64 3348 508 62 3349 609 65 3350 508 62 3351 20 60 3352 199 67 3353 609 65 3354 199 67 3355 22 68 3356 509 66 3357 609 65 3358 307 69 3359 22 68 3360 398 72 3361 610 71 3362 398 72 3363 24 739 3364 510 73 3365 510 73 3366 23 75 3367 308 74 3368 307 69 3369 610 71 3370 308 74 3371 23 75 3372 510 73 3373 611 76 3374 510 73 3375 24 739 3376 201 78 3377 201 78 3378 26 349 3379 310 79 3380 511 77 3381 611 76 3382 310 79 3383 512 81 3384 612 84 3385 311 82 3386 511 77 3387 612 84 3388 512 81 3389 25 80 3390 311 82 3391 612 84 3392 513 85 3393 613 88 3394 202 86 3395 27 83 3396 311 82 3397 613 88 3398 311 82 3399 25 80 3400 312 89 3401 202 86 3402 613 88 3403 312 89 3404 31 91 3405 514 94 3406 614 92 3407 514 94 3408 27 83 3409 513 85 3410 513 85 3411 29 87 3412 313 95 3413 399 93 3414 614 92 3415 313 95 3416 203 97 3417 615 101 3418 400 98 3419 32 100 3420 515 102 3421 615 101 3422 515 102 3423 31 91 3424 399 93 3425 615 101 3426 399 93 3427 30 96 3428 204 103 3429 616 106 3430 401 104 3431 32 100 3432 203 97 3433 616 106 3434 616 106 3435 203 97 3436 33 99 3437 401 104 3438 616 106 3439 315 107 3440 205 109 3441 617 113 3442 402 110 3443 205 109 3444 36 117 3445 516 112 3446 516 112 3447 35 105 3448 401 104 3449 402 110 3450 617 113 3451 401 104 3452 39 114 3453 207 118 3454 618 115 3455 36 117 3456 205 109 3457 618 115 3458 618 115 3459 205 109 3460 37 111 3461 618 115 3462 316 119 3463 38 120 3464 517 121 3465 619 124 3466 208 122 3467 517 121 3468 39 114 3469 403 116 3470 403 116 3471 38 120 3472 404 125 3473 208 122 3474 619 124 3475 404 125 3476 405 127 3477 620 131 3478 209 128 3479 405 127 3480 42 135 3481 317 130 3482 317 130 3483 41 123 3484 208 122 3485 209 128 3486 620 131 3487 208 122 3488 406 132 3489 621 136 3490 211 133 3491 42 135 3492 405 127 3493 621 136 3494 621 136 3495 405 127 3496 43 129 3497 211 133 3498 621 136 3499 518 137 3500 318 139 3501 622 142 3502 408 140 3503 318 139 3504 45 134 3505 211 133 3506 211 133 3507 44 138 3508 212 143 3509 408 140 3510 622 142 3511 212 143 3512 213 145 3513 623 149 3514 409 146 3515 213 145 3516 48 687 3517 519 148 3518 519 148 3519 47 141 3520 408 140 3521 409 146 3522 623 149 3523 408 140 3524 428 269 3714 639 272 3715 229 270 3716 428 269 3717 74 280 3718 426 260 3719 426 260 3720 75 262 3721 527 273 3722 229 270 3723 639 272 3724 527 273 3725 430 275 3726 640 279 3727 329 276 3728 78 278 3729 429 1072 3730 640 279 3731 640 279 3732 429 1072 3733 74 280 3734 329 276 3735 640 279 3736 428 269 3737 81 281 3738 230 285 3739 641 282 3740 80 284 3741 528 286 3742 641 282 3743 528 286 3744 79 277 3745 329 276 3746 330 283 3747 641 282 3748 329 276 3749 80 284 3750 230 285 3751 642 287 3752 331 289 3753 642 287 3754 230 285 3755 82 290 3756 231 288 3757 642 287 3758 530 291 3759 643 295 3760 431 292 3761 83 294 3762 232 296 3763 643 295 3764 232 296 3765 80 284 3766 231 288 3767 431 292 3768 643 295 3769 231 288 3770 85 297 3771 233 300 3772 644 298 3773 431 292 3774 644 298 3775 233 300 3776 432 299 3777 644 298 3778 431 292 3779 234 301 3780 645 303 3781 530 291 3782 234 301 3783 87 309 3784 433 302 3785 645 303 3786 433 302 3787 86 304 3788 530 291 3789 645 303 3790 531 305 3791 532 306 3792 646 310 3793 236 307 3794 87 309 3795 234 301 3796 646 310 3797 234 301 3798 84 293 3799 235 311 3800 236 307 3801 646 310 3802 235 311 3803 434 313 3804 647 317 3805 237 314 3806 434 313 3807 90 323 3808 334 316 3809 334 316 3810 89 308 3811 236 307 3812 647 317 3813 236 307 3814 88 312 3815 93 318 3816 238 322 3817 648 319 3818 92 321 3819 435 531 3820 648 319 3821 648 319 3822 435 531 3823 90 323 3824 648 319 3825 434 313 3826 91 315 3827 239 324 3828 649 327 3829 436 325 3830 239 324 3831 92 321 3832 238 322 3833 238 322 3834 93 318 3835 335 328 3836 649 327 3837 335 328 3838 94 329 3839 97 330 3840 240 333 3841 650 331 3842 240 333 3843 96 338 3844 534 334 3845 534 334 3846 95 326 3847 436 325 3848 437 332 3849 650 331 3850 436 325 3851 241 335 3852 651 339 3853 438 336 3854 96 338 3855 240 333 3856 651 339 3857 240 333 3858 97 330 3859 338 340 3860 651 339 3861 338 340 3862 98 341 3863 243 342 3864 652 346 3865 440 343 3866 243 342 3867 100 350 3868 535 345 3869 535 345 3870 99 337 3871 438 336 3872 652 346 3873 438 336 3874 98 341 3875 439 347 3876 653 351 3877 441 348 3878 100 350 3879 243 342 3880 653 351 3881 243 342 3882 101 344 3883 339 352 3884 441 348 3885 653 351 3886 339 352 3887 101 344 3888 340 356 3889 654 354 3890 442 355 3891 654 354 3892 340 356 3893 102 353 3894 339 352 3895 654 354 3896 442 355 3897 655 359 3898 244 358 3899 103 357 3900 536 362 3901 655 359 3902 655 359 3903 536 362 3904 104 360 3905 244 358 3906 655 359 3907 245 361 3908 536 362 3909 656 365 3910 246 363 3911 536 362 3912 103 357 3913 537 364 3914 537 364 3915 106 369 3916 342 366 3917 246 363 3918 656 365 3919 342 366 3920 443 368 3921 657 371 3922 342 366 3923 108 370 3924 538 372 3925 657 371 3926 538 372 3927 107 374 3928 343 373 3929 657 371 3930 343 373 3931 105 367 3932 107 374 3933 538 372 3934 658 375 3935 538 372 3936 108 370 3937 247 377 3938 247 377 3939 110 387 3940 344 378 3941 539 376 3942 658 375 3943 344 378 3944 250 380 3945 659 384 3946 446 381 3947 112 383 3948 540 390 3949 659 384 3950 659 384 3951 540 390 3952 111 385 3953 446 381 3954 659 384 3955 445 386 3956 108 370 3957 368 389 3958 660 388 3959 446 381 3960 660 388 3961 368 389 3962 110 387 3963 247 377 3964 660 388 3965 540 390 3966 661 393 3967 541 391 3968 540 390 3969 112 383 3970 251 392 3971 251 392 3972 115 398 3973 447 394 3974 541 391 3975 661 393 3976 447 394 3977 543 396 3978 662 400 3979 542 397 3980 118 399 3981 345 401 3982 662 400 3983 345 401 3984 117 411 3985 252 402 3986 662 400 3987 252 402 3988 116 403 3989 114 395 3990 447 394 3991 663 404 3992 115 398 3993 542 397 3994 663 404 3995 448 405 3996 663 404 3997 542 397 3998 543 396 3999 664 407 4000 391 406 4001 115 398 4002 544 408 4003 664 407 4004 544 408 4005 119 490 4006 346 409 4007 664 407 4008 346 409 4009 85 297 4010 252 402 4011 665 412 4012 254 410 4013 117 411 4014 347 413 4015 665 412 4016 347 413 4017 121 417 4018 255 414 4019 254 410 4020 665 412 4021 255 414 4022 347 413 4023 666 419 4024 348 416 4025 347 413 4026 117 411 4027 349 418 4028 349 418 4029 123 650 4030 452 420 4031 348 416 4032 666 419 4033 452 420 4034 348 416 4035 667 423 4036 350 422 4037 122 421 4038 453 424 4039 667 423 4040 453 424 4041 125 431 4042 258 425 4043 350 422 4044 667 423 4045 258 425 4046 126 427 4047 351 430 4048 668 428 4049 350 422 4050 668 428 4051 351 430 4052 259 429 4053 668 428 4054 350 422 4055 125 431 4056 453 424 4057 669 432 4058 122 421 4059 256 434 4060 669 432 4061 292 433 4062 669 432 4063 256 434 4064 125 431 4065 352 437 4066 670 435 4067 260 436 4068 670 435 4069 352 437 4070 124 426 4071 258 425 4072 670 435 4073 126 427 4074 456 441 4075 671 439 4076 456 441 4077 129 447 4078 262 442 4079 671 439 4080 262 442 4081 128 443 4082 414 440 4083 671 439 4084 261 444 4085 121 417 4086 351 430 4087 672 445 4088 414 440 4089 672 445 4090 351 430 4091 120 415 4092 255 414 4093 672 445 4094 354 446 4095 673 449 4096 262 442 4097 354 446 4098 131 509 4099 457 448 4100 457 448 4101 130 462 4102 263 450 4103 262 442 4104 673 449 4105 263 450 4106 546 451 4107 674 454 4108 264 452 4109 546 451 4110 131 509 4111 354 446 4112 674 454 4113 354 446 4114 129 447 4115 674 454 4116 355 455 4117 132 456 4118 460 457 4119 675 461 4120 265 458 4121 460 457 4122 134 718 4123 356 460 4124 356 460 4125 133 453 4126 264 452 4127 265 458 4128 675 461 4129 264 452 4130 130 462 4131 461 464 4132 676 463 4133 461 464 4134 137 467 4135 267 465 4136 267 465 4137 136 476 4138 266 466 4139 676 463 4140 266 466 4141 128 443 4142 137 467 4143 461 464 4144 677 468 4145 353 470 4146 677 468 4147 461 464 4148 109 379 4149 357 469 4150 677 468 4151 137 467 4152 358 473 4153 678 471 4154 139 472 4155 463 496 4156 678 471 4157 678 471 4158 463 496 4159 138 474 4160 678 471 4161 268 475 4162 136 476 4163 355 455 4164 679 478 4165 269 477 4166 355 455 4167 129 447 4168 456 441 4169 456 441 4170 126 427 4171 464 479 4172 269 477 4173 679 478 4174 464 479 4175 266 466 4176 680 481 4177 261 444 4178 136 476 4179 444 482 4180 680 481 4181 120 415 4182 261 444 4183 680 481 4184 268 475 4185 681 484 4186 444 482 4187 268 475 4188 138 474 4189 582 483 4190 582 483 4191 116 403 4192 254 410 4193 444 482 4194 681 484 4195 254 410 4196 138 474 4197 462 486 4198 682 485 4199 448 405 4200 682 485 4201 462 486 4202 116 403 4203 582 483 4204 682 485 4205 251 392 4206 683 487 4207 544 408 4208 112 383 4209 270 488 4210 683 487 4211 270 488 4212 141 491 4213 550 489 4214 683 487 4215 550 489 4216 119 490 4217 141 491 4218 361 493 4219 684 492 4220 361 493 4221 143 529 4222 465 494 4223 465 494 4224 142 537 4225 551 495 4226 550 489 4227 684 492 4228 551 495 4229 463 496 4230 685 498 4231 462 486 4232 463 496 4233 139 472 4234 548 497 4235 685 498 4236 548 497 4237 111 385 4238 685 498 4239 541 391 4240 114 395 4241 250 380 4242 686 500 4243 270 488 4244 250 380 4245 113 382 4246 362 499 4247 362 499 4248 144 502 4249 332 501 4250 686 500 4251 332 501 4252 141 491 4253 144 502 4254 362 499 4255 687 503 4256 363 505 4257 687 503 4258 362 499 4259 145 506 4260 272 504 4261 687 503 4262 552 507 4263 688 511 4264 498 508 4265 146 510 4266 407 512 4267 688 511 4268 407 512 4269 107 374 4270 539 376 4271 688 511 4272 539 376 4273 109 379 4274 130 462 4275 457 448 4276 689 513 4277 131 509 4278 498 508 4279 689 513 4280 353 470 4281 689 513 4282 498 508 4283 210 514 4284 690 515 4285 344 378 4286 210 514 4287 139 472 4288 358 473 4289 358 473 4290 137 467 4291 357 469 4292 344 378 4293 690 515 4294 357 469 4295 363 505 4296 691 517 4297 466 516 4298 113 382 4299 368 389 4300 691 517 4301 368 389 4302 108 370 4303 443 368 4304 691 517 4305 443 368 4306 106 369 4307 343 373 4308 692 519 4309 364 518 4310 343 373 4311 107 374 4312 407 512 4313 692 519 4314 407 512 4315 146 510 4316 364 518 4317 692 519 4318 467 520 4319 146 510 4320 468 524 4321 693 522 4322 148 523 4323 554 525 4324 693 522 4325 467 520 4326 693 522 4327 554 525 4328 93 318 4329 494 528 4330 694 526 4331 581 527 4332 694 526 4333 494 528 4334 335 328 4335 694 526 4336 581 527 4337 273 530 4338 695 533 4339 435 531 4340 150 532 4341 367 754 4342 695 533 4343 695 533 4344 367 754 4345 149 534 4346 435 531 4347 695 533 4348 469 535 4349 465 494 4350 696 538 4351 279 536 4352 143 529 4353 494 528 4354 696 538 4355 494 528 4356 93 318 4357 533 320 4358 279 536 4359 696 538 4360 533 320 4361 90 323 4362 469 535 4363 697 539 4364 366 540 4365 697 539 4366 469 535 4367 89 308 4368 334 316 4369 697 539 4370 142 537 4371 279 536 4372 698 541 4373 91 315 4374 237 314 4375 698 541 4376 271 542 4377 698 541 4378 237 314 4379 531 305 4380 699 545 4381 529 543 4382 531 305 4383 86 304 4384 470 544 4385 470 544 4386 151 551 4387 557 546 4388 529 543 4389 699 545 4390 557 546 4391 86 304 4392 471 549 4393 700 547 4394 152 548 4395 558 550 4396 700 547 4397 470 544 4398 700 547 4399 558 550 4400 473 552 4401 701 556 4402 560 553 4403 154 555 4404 369 830 4405 701 556 4406 701 556 4407 369 830 4408 153 557 4409 560 553 4410 701 556 4411 559 558 4412 152 548 4413 275 561 4414 702 559 4415 156 560 4416 561 562 4417 702 559 4418 561 562 4419 155 554 4420 560 553 4421 558 550 4422 702 559 4423 560 553 4424 156 560 4425 275 561 4426 703 563 4427 152 548 4428 583 565 4429 703 563 4430 276 564 4431 703 563 4432 583 565 4433 476 567 4434 704 571 4435 370 568 4436 158 570 4437 277 572 4438 704 571 4439 277 572 4440 156 560 4441 276 564 4442 370 568 4443 704 571 4444 276 564 4445 160 573 4446 564 576 4447 705 574 4448 370 568 4449 705 574 4450 564 576 4451 371 575 4452 705 574 4453 370 568 4454 161 577 4455 278 580 4456 706 578 4457 371 575 4458 706 578 4459 278 580 4460 157 566 4461 372 579 4462 706 578 4463 476 567 4464 707 583 4465 479 581 4466 476 567 4467 159 569 4468 566 582 4469 566 582 4470 163 596 4471 480 584 4472 479 581 4473 707 583 4474 480 584 4475 562 586 4476 708 588 4477 567 587 4478 562 586 4479 158 570 4480 479 581 4481 479 581 4482 162 585 4483 481 589 4484 567 587 4485 708 588 4486 481 589 4487 162 585 4488 482 593 4489 709 591 4490 280 592 4491 709 591 4492 482 593 4493 481 589 4494 709 591 4495 280 592 4496 480 584 4497 710 597 4498 483 595 4499 163 596 4500 568 784 4501 710 597 4502 710 597 4503 568 784 4504 167 598 4505 483 595 4506 710 597 4507 484 599 4508 165 594 4509 482 593 4510 711 601 4511 483 595 4512 711 601 4513 482 593 4514 373 602 4515 711 601 4516 483 595 4517 167 598 4518 569 605 4519 712 603 4520 485 604 4521 712 603 4522 569 605 4523 166 600 4524 484 599 4525 712 603 4526 570 607 4527 713 609 4528 569 605 4529 170 608 4530 375 610 4531 713 609 4532 375 610 4533 169 617 4534 281 611 4535 569 605 4536 713 609 4537 281 611 4538 487 612 4539 714 614 4540 375 610 4541 172 613 4542 572 615 4543 714 614 4544 572 615 4545 171 622 4546 376 616 4547 714 614 4548 376 616 4549 169 617 4550 284 618 4551 715 620 4552 572 615 4553 284 618 4554 174 627 4555 378 619 4556 378 619 4557 173 623 4558 573 621 4559 715 620 4560 573 621 4561 171 622 4562 173 623 4563 378 619 4564 716 624 4565 488 626 4566 716 624 4567 378 619 4568 175 628 4569 379 625 4570 716 624 4571 577 629 4572 717 631 4573 376 616 4574 577 629 4575 177 715 4576 285 630 4577 285 630 4578 176 702 4579 380 632 4580 376 616 4581 717 631 4582 380 632 4583 381 633 4584 718 1073 4585 489 634 4586 373 602 4587 718 1073 4588 381 633 4589 489 634 4590 718 1073 4591 373 602 4592 490 636 4593 719 639 4594 286 637 4595 490 636 4596 154 555 4597 473 552 4598 473 552 4599 155 554 4600 567 587 4601 286 637 4602 719 639 4603 567 587 4604 156 560 4605 277 572 4606 720 640 4607 158 570 4608 562 586 4609 720 640 4610 561 562 4611 720 640 4612 562 586 4613 372 579 4614 721 642 4615 478 641 4616 372 579 4617 157 566 4618 583 565 4619 721 642 4620 583 565 4621 152 548 4622 478 641 4623 721 642 4624 471 549 4625 87 309 4626 565 644 4627 722 643 4628 478 641 4629 722 643 4630 565 644 4631 433 302 4632 722 643 4633 478 641 4634 118 399 4635 391 406 4636 723 645 4637 432 299 4638 723 645 4639 391 406 4640 82 290 4641 450 646 4642 723 645 4643 80 284 4644 232 296 4645 724 647 4646 83 294 4647 529 543 4648 724 647 4649 528 286 4650 724 647 4651 529 543 4652 559 558 4653 725 649 4654 557 546 4655 559 558 4656 153 557 4657 472 648 4658 472 648 4659 78 278 4660 430 275 4661 557 546 4662 725 649 4663 430 275 4664 123 650 4665 390 653 4666 726 651 4667 330 283 4668 726 651 4669 390 653 4670 386 652 4671 726 651 4672 330 283 4673 452 420 4674 727 654 4675 256 434 4676 452 420 4677 123 650 4678 386 652 4679 386 652 4680 77 271 4681 229 270 4682 256 434 4683 727 654 4684 229 270 4685 280 592 4740 733 685 4741 578 684 4742 165 594 4743 381 633 4744 733 685 4745 733 685 4746 381 633 4747 178 635 4748 578 684 4749 733 685 4750 587 686 4751 48 687 4752 298 689 4753 734 688 4754 179 638 4755 286 637 4756 734 688 4757 286 637 4758 164 590 4759 578 684 4760 519 148 4761 734 688 4762 578 684 4763 389 690 4764 735 691 4765 587 686 4766 45 134 4767 318 139 4768 735 691 4769 587 686 4770 735 691 4771 318 139 4772 44 138 4773 584 694 4774 736 692 4775 455 693 4776 736 692 4777 584 694 4778 212 143 4779 736 692 4780 455 693 4781 518 137 4782 737 697 4783 257 695 4784 518 137 4785 43 129 4786 549 696 4787 737 697 4788 549 696 4789 140 480 4790 257 695 4791 737 697 4792 326 698 4793 127 438 4794 584 694 4795 738 699 4796 257 695 4797 738 699 4798 584 694 4799 260 436 4800 738 699 4801 257 695 4802 281 611 4803 739 701 4804 374 700 4805 169 617 4806 380 632 4807 739 701 4808 739 701 4809 380 632 4810 176 702 4811 374 700 4812 739 701 4813 384 703 4814 42 135 4815 475 705 4816 740 704 4817 374 700 4818 740 704 4819 475 705 4820 41 123 4821 317 130 4822 740 704 4823 585 706 4824 741 708 4825 196 707 4826 135 459 4827 265 458 4828 741 708 4829 741 708 4830 265 458 4831 132 456 4832 196 707 4833 741 708 4834 269 477 4835 43 129 4836 209 128 4837 742 709 4838 40 126 4839 196 707 4840 742 709 4841 549 696 4842 742 709 4843 196 707 4844 576 710 4845 743 711 4846 384 703 4847 39 114 4848 517 121 4849 743 711 4850 41 123 4851 384 703 4852 743 711 4853 38 120 4854 388 713 4855 744 712 4856 585 706 4857 744 712 4858 388 713 4859 40 126 4860 404 125 4861 744 712 4862 176 702 4863 285 630 4864 745 714 4865 177 715 4866 274 716 4867 745 714 4868 274 716 4869 36 117 4870 207 118 4871 576 710 4872 745 714 4873 207 118 4874 289 717 4875 746 719 4876 316 119 4877 134 718 4878 460 457 4879 746 719 4880 746 719 4881 460 457 4882 135 459 4883 316 119 4884 746 719 4885 388 713 4886 289 717 4887 747 721 4888 459 720 4889 37 111 4890 402 110 4891 747 721 4892 34 108 4893 459 720 4894 747 721 4895 573 621 4896 748 723 4897 571 722 4898 173 623 4899 283 724 4900 748 723 4901 283 724 4902 32 100 4903 204 103 4904 748 723 4905 204 103 4906 35 105 4907 177 715 4908 577 629 4909 749 725 4910 171 622 4911 571 722 4912 749 725 4913 553 726 4914 749 725 4915 571 722 4916 34 108 4917 315 107 4918 750 727 4919 315 107 4920 33 99 4921 365 729 4922 750 727 4923 365 729 4924 148 523 4925 458 728 4926 750 727 4927 253 730 4928 134 718 4929 459 720 4930 751 731 4931 458 728 4932 751 731 4933 459 720 4934 133 453 4935 356 460 4936 751 731 4937 283 724 4938 752 732 4939 515 102 4940 173 623 4941 379 625 4942 752 732 4943 379 625 4944 175 628 4945 575 733 4946 752 732 4947 575 733 4948 31 91 4949 365 729 4950 753 734 4951 554 525 4952 365 729 4953 33 99 4954 400 98 4955 400 98 4956 30 96 4957 387 735 4958 753 734 4959 387 735 4960 147 521 4961 341 736 4962 754 737 4963 245 361 4964 29 87 4965 202 86 4966 754 737 4967 28 90 4968 245 361 4969 754 737 4970 25 80 4971 310 79 4972 755 738 4973 26 349 4974 441 348 4975 755 738 4976 755 738 4977 441 348 4978 102 353 4979 755 738 4980 244 358 4981 28 90 4982 24 739 4983 398 72 4984 756 740 4985 398 72 4986 22 68 4987 248 742 4988 756 740 4989 248 742 4990 0 6 4991 563 741 4992 756 740 4993 385 743 4994 100 350 4995 242 745 4996 757 744 4997 563 741 4998 757 744 4999 242 745 5000 99 337 5001 535 345 5002 757 744 5003 495 746 5004 758 747 5005 394 48 5006 495 746 5007 172 613 5008 487 612 5009 487 612 5010 170 608 5011 486 748 5012 394 48 5013 758 747 5014 486 748 5015 163 596 5016 566 582 5017 759 749 5018 566 582 5019 159 569 5020 451 751 5021 451 751 5022 11 32 5023 505 34 5024 555 750 5025 759 749 5026 505 34 5027 9 30 5028 300 27 5029 760 752 5030 10 753 5031 395 54 5032 760 752 5033 760 752 5034 395 54 5035 16 50 5036 760 752 5037 304 44 5038 13 39 5039 367 754 5040 761 757 5041 249 755 5042 367 754 5043 150 532 5044 556 756 5045 556 756 5046 3 12 5047 500 14 5048 249 755 5049 761 757 5050 500 14 5051 392 8 5052 762 759 5053 198 758 5054 2 0 5055 449 760 5056 762 759 5057 449 760 5058 20 60 5059 397 58 5060 762 759 5061 397 58 5062 18 59 5063 8 24 5064 192 20 5065 763 761 5066 4 10 5067 198 758 5068 763 761 5069 503 762 5070 763 761 5071 198 758 5072 297 7 5073 764 764 5074 336 763 5075 3 12 5076 556 756 5077 764 764 5078 764 764 5079 556 756 5080 150 532 5081 336 763 5082 764 764 5083 293 765 5084 96 338 5085 337 767 5086 765 766 5087 336 763 5088 765 766 5089 337 767 5090 95 326 5091 534 334 5092 765 766 5093 5 18 5094 299 17 5095 766 768 5096 299 17 5097 6 16 5098 477 770 5099 477 770 5100 160 573 5101 278 580 5102 206 769 5103 766 768 5104 278 580 5105 449 760 5106 767 771 5107 199 67 5108 2 0 5109 190 2 5110 767 771 5111 767 771 5112 190 2 5113 0 6 5114 199 67 5115 767 771 5116 248 742 5117 10 753 5118 193 26 5119 768 772 5120 503 762 5121 768 772 5122 193 26 5123 18 59 5124 396 55 5125 768 772 5126 160 573 5127 477 770 5128 769 773 5129 477 770 5130 6 16 5131 393 19 5132 769 773 5133 393 19 5134 7 23 5135 454 774 5136 769 773 5137 504 29 5138 159 569 5139 564 576 5140 770 775 5141 454 774 5142 770 775 5143 564 576 5144 11 32 5145 451 751 5146 770 775 5147 174 627 5148 574 777 5149 771 776 5150 574 777 5151 19 64 5152 509 66 5153 771 776 5154 509 66 5155 21 70 5156 488 626 5157 771 776 5158 309 778 5159 284 618 5160 772 780 5161 295 779 5162 172 613 5163 495 746 5164 772 780 5165 772 780 5166 495 746 5167 15 47 5168 295 779 5169 772 780 5170 507 49 5171 19 64 5172 574 777 5173 773 781 5174 295 779 5175 773 781 5176 574 777 5177 17 52 5178 306 63 5179 773 781 5180 570 607 5181 774 783 5182 282 782 5183 167 598 5184 568 784 5185 774 783 5186 568 784 5187 163 596 5188 555 750 5189 774 783 5190 555 750 5191 12 38 5192 14 43 5193 486 748 5194 775 785 5195 170 608 5196 282 782 5197 775 785 5198 195 41 5199 775 785 5200 282 782 5201 189 3 5202 776 786 5203 385 743 5204 1 5 5205 337 767 5206 776 786 5207 337 767 5208 96 338 5209 241 335 5210 776 786 5211 241 335 5212 99 337 5213 273 530 5214 777 787 5215 293 765 5216 92 321 5217 239 324 5218 777 787 5219 95 326 5220 293 765 5221 777 787 5222 206 769 5223 778 789 5224 333 788 5225 161 577 5226 565 644 5227 778 789 5228 565 644 5229 87 309 5230 532 306 5231 778 789 5232 532 306 5233 89 308 5234 149 534 5235 249 755 5236 779 790 5237 5 18 5238 333 788 5239 779 790 5240 366 540 5241 779 790 5242 333 788 5243 24 739 5244 242 745 5245 780 791 5246 439 347 5247 780 791 5248 242 745 5249 26 349 5250 201 78 5251 780 791 5252 308 74 5253 781 793 5254 314 792 5255 23 75 5256 512 81 5257 781 793 5258 781 793 5259 512 81 5260 27 83 5261 314 792 5262 781 793 5263 514 94 5264 175 628 5265 309 778 5266 782 794 5267 314 792 5268 782 794 5269 309 778 5270 575 733 5271 782 794 5272 314 792 5273 36 117 5274 274 716 5275 783 795 5276 553 726 5277 783 795 5278 274 716 5279 35 105 5280 516 112 5281 783 795 5282 338 340 5283 784 797 5284 586 796 5285 97 330 5286 496 798 5287 784 797 5288 496 798 5289 144 502 5290 272 504 5291 784 797 5292 272 504 5293 145 506 5294 437 332 5295 785 800 5296 359 799 5297 94 329 5298 581 527 5299 785 800 5300 785 800 5301 581 527 5302 143 529 5303 359 799 5304 785 800 5305 361 493 5306 144 502 5307 496 798 5308 786 801 5309 359 799 5310 786 801 5311 496 798 5312 332 501 5313 786 801 5314 359 799 5315 271 542 5316 787 803 5317 360 802 5318 88 312 5319 235 311 5320 787 803 5321 787 803 5322 235 311 5323 84 293 5324 360 802 5325 787 803 5326 233 300 5327 119 490 5328 551 495 5329 788 804 5330 142 537 5331 360 802 5332 788 804 5333 346 409 5334 788 804 5335 360 802 5336 101 344 5337 440 343 5338 789 805 5339 440 343 5340 98 341 5341 586 796 5342 789 805 5343 586 796 5344 145 506 5345 417 806 5346 789 805 5347 466 516 5348 103 357 5349 340 356 5350 790 807 5351 417 806 5352 790 807 5353 340 356 5354 106 369 5355 537 364 5356 790 807 5357 548 497 5358 791 808 5359 445 386 5360 139 472 5361 210 514 5362 791 808 5363 110 387 5364 445 386 5365 791 808 5366 341 736 5367 792 810 5368 290 809 5369 104 360 5370 246 363 5371 792 810 5372 792 810 5373 246 363 5374 105 367 5375 290 809 5376 792 810 5377 364 518 5378 30 96 5379 313 95 5380 793 811 5381 29 87 5382 290 809 5383 793 811 5384 387 735 5385 793 811 5386 290 809 5387 468 524 5388 794 812 5389 253 730 5390 468 524 5391 146 510 5392 552 507 5393 794 812 5394 552 507 5395 131 509 5396 794 812 5397 546 451 5398 133 453 5399 464 479 5400 795 813 5401 326 698 5402 259 429 5403 795 813 5404 464 479 5405 124 426 5406 326 698 5407 795 813 5408 485 604 5466 801 845 5467 377 844 5468 168 606 5469 475 705 5470 801 845 5471 475 705 5472 42 135 5473 406 132 5474 377 844 5475 801 845 5476 406 132 5477 178 635 5478 489 634 5479 802 846 5480 377 844 5481 802 846 5482 489 634 5483 389 690 5484 802 846 5485 377 844 5486 349 418 5535 807 874 5536 497 873 5537 117 411 5538 345 401 5539 807 874 5540 807 874 5541 345 401 5542 118 399 5543 497 873 5544 807 874 5545 450 646 5546 81 281 5547 390 653 5548 808 875 5549 497 873 5550 808 875 5551 390 653 5552 331 289 5553 808 875 5554 497 873 5555 455 693 5580 811 887 5581 427 886 5582 127 438 5583 352 437 5584 811 887 5585 811 887 5586 352 437 5587 125 431 5588 427 886 5589 811 887 5590 292 433 5591 75 262 5592 200 889 5593 812 888 5594 49 147 5595 409 146 5596 812 888 5597 409 146 5598 46 144 5599 427 886 5600 527 273 5601 812 888 5602 427 886 5603</p>
        </triangles>
        <triangles material="Material_002-material" count="800">
          <input semantic="VERTEX" source="#Mesh-mesh-vertices" offset="0"/>
          <input semantic="NORMAL" source="#Mesh-mesh-normals" offset="1"/>
          <input semantic="TEXCOORD" source="#Mesh-mesh-map-0" offset="2" set="0"/>
          <p>831 150 309 972 151 310 1012 152 311 834 153 312 213 145 313 835 154 314 213 145 315 836 155 316 835 154 317 492 156 318 1051 157 319 798 158 320 828 159 321 985 160 322 829 161 323 796 162 324 958 163 325 1045 164 326 828 159 327 1009 165 328 1046 166 329 796 162 330 988 167 331 492 156 332 320 168 333 412 169 334 55 170 335 827 171 336 1036 172 337 1009 165 338 638 173 339 969 174 340 839 175 341 412 169 342 216 176 343 54 177 344 521 178 345 217 179 346 57 180 347 412 169 348 521 178 349 55 170 350 413 181 351 412 169 352 54 177 353 589 182 354 413 181 355 56 183 356 184 184 357 627 185 358 589 182 359 596 186 360 593 187 361 188 188 362 596 186 363 591 189 364 628 190 365 628 190 366 57 180 367 217 179 368 593 187 369 217 179 370 184 184 371 219 191 372 522 192 373 61 193 374 416 194 375 219 191 376 60 195 377 592 196 378 416 194 379 58 197 380 187 198 381 629 199 382 592 196 383 522 192 384 415 200 385 59 201 386 51 202 387 1036 172 388 826 203 389 638 173 390 957 204 391 1031 205 392 933 206 393 219 191 394 630 207 395 935 208 396 219 191 397 61 193 398 823 209 399 1001 210 400 1062 211 401 945 212 402 949 213 403 1073 214 404 631 215 405 64 216 406 221 217 407 631 215 408 60 195 409 933 206 410 936 218 411 223 219 412 64 216 413 624 220 414 960 221 415 1011 222 416 823 209 417 1005 223 418 822 224 419 223 219 420 939 225 421 66 226 422 68 227 423 633 228 424 524 229 425 61 193 426 633 228 427 325 230 428 59 201 429 633 228 430 522 192 431 419 231 432 321 232 433 58 197 434 223 219 435 419 231 436 64 216 437 323 233 438 223 219 439 66 226 440 591 189 441 323 233 442 57 180 443 186 234 444 634 235 445 591 189 446 545 236 447 224 237 448 69 238 449 524 229 450 545 236 451 68 227 452 218 239 453 524 229 454 59 201 455 185 240 456 635 241 457 218 239 458 224 237 459 590 242 460 56 183 461 945 212 462 966 243 463 327 244 464 624 220 465 946 245 466 214 246 467 940 247 468 545 236 469 636 248 470 942 249 471 545 236 472 69 238 473 822 224 474 1032 250 475 821 251 476 810 252 477 964 253 478 322 254 479 183 255 480 1050 256 481 493 257 482 818 258 483 1032 250 484 981 259 485 426 260 486 328 261 487 75 262 488 426 260 489 228 263 490 838 264 491 810 252 492 954 265 493 1069 266 494 182 267 495 1050 256 496 989 268 497 819 655 1470 997 656 1471 820 657 1472 804 658 1473 963 659 1474 930 660 1475 73 661 1476 1070 662 1477 968 663 1478 819 655 1479 981 259 1480 1026 664 1481 66 226 1482 729 665 1483 323 233 1484 55 170 1485 729 665 1486 523 666 1487 57 180 1488 729 665 1489 521 178 1490 54 177 1491 730 667 1492 413 181 1493 69 238 1494 730 667 1495 422 668 1496 56 183 1497 730 667 1498 224 237 1499 804 658 1500 976 669 1501 1059 670 1502 830 671 1503 1070 662 1504 425 672 1505 327 244 1506 1025 673 1507 941 674 1508 410 675 1509 947 676 1510 1010 677 1511 225 678 1512 1025 673 1513 954 265 1514 410 675 1515 961 679 1516 830 671 1517 421 680 1518 1023 681 1519 976 669 1520 382 682 1521 989 268 1522 1044 683 1523 222 814 2193 1023 681 2194 632 815 2195 840 816 2196 490 636 2197 841 817 2198 490 636 2199 842 818 2200 841 817 2201 382 682 2202 959 819 2203 181 820 2204 937 821 2205 950 822 2206 1021 823 2207 181 820 2208 1056 824 2209 291 825 2210 937 821 2211 952 826 2212 222 814 2213 825 827 2214 1056 824 2215 947 676 2216 153 557 2217 843 828 2218 844 829 2219 154 555 2220 843 828 2221 369 830 2222 322 254 2223 1019 831 2224 934 832 2225 806 833 2226 1003 834 2227 905 835 2228 220 836 2229 1019 831 2230 950 822 2231 806 833 2232 999 837 2233 1065 838 2234 932 839 2235 1017 840 2236 949 213 2237 912 841 2238 1055 842 2239 999 837 2240 60 195 2241 800 843 2242 416 194 2243 64 216 2244 800 843 2245 221 217 2246 58 197 2247 800 843 2248 419 231 2249 930 660 2271 1017 840 2272 626 847 2273 179 638 2274 845 848 2275 842 818 2276 845 848 2277 48 687 2278 834 153 2279 909 849 2280 1055 842 2281 799 850 2282 66 226 2283 943 851 2284 523 666 2285 889 852 2286 1058 853 2287 977 854 2288 878 855 2289 1007 856 2290 1049 857 2291 943 851 2292 55 170 2293 523 666 2294 472 648 2295 847 858 2296 78 278 2297 472 648 2298 844 829 2299 846 859 2300 884 860 2301 1058 853 2302 897 861 2303 878 855 2304 983 862 2305 909 849 2306 926 863 2307 1068 864 2308 955 865 2309 900 866 2310 1043 867 2311 974 868 2312 924 869 2313 1068 864 2314 896 870 2315 903 871 2316 1043 867 2317 732 872 2318 895 876 2340 967 877 2341 886 878 2342 74 280 2343 848 879 2344 228 263 2345 848 879 2346 78 278 2347 847 858 2348 898 880 2349 1039 881 2350 875 882 2351 68 227 2352 944 883 2353 325 230 2354 895 876 2355 955 865 2356 1024 884 2357 906 885 2358 1039 881 2359 1007 856 2360 944 883 2361 61 193 2362 325 230 2363 49 147 2388 849 890 2389 836 155 2390 75 262 2391 849 890 2392 200 889 2393 919 891 2394 1020 892 2395 893 893 2396 905 835 2397 1035 894 2398 872 895 2399 922 896 2400 1020 892 2401 951 897 2402 901 898 2403 1035 894 2404 979 899 2405 814 900 2406 69 238 2407 422 668 2408 814 900 2409 54 177 2410 216 176 2411 595 901 2412 590 242 2413 185 240 2414 595 901 2415 593 187 2416 815 902 2417 593 187 2418 589 182 2419 815 902 2420 815 902 2421 56 183 2422 590 242 2423 59 201 2424 816 903 2425 218 239 2426 415 200 2427 594 904 2428 816 903 2429 594 904 2430 595 901 2431 816 903 2432 218 239 2433 595 901 2434 185 240 2435 592 196 2436 594 904 2437 187 198 2438 58 197 2439 817 905 2440 592 196 2441 321 232 2442 596 186 2443 817 905 2444 594 904 2445 596 186 2446 188 188 2447 72 906 2448 851 907 2449 227 908 2450 73 661 2451 851 907 2452 852 909 2453 287 910 2454 850 911 2455 72 906 2456 287 910 2457 854 912 2458 853 913 2459 180 914 2460 855 915 2461 854 912 2462 183 255 2463 855 915 2464 288 916 2465 291 825 2466 857 917 2467 858 918 2468 291 825 2469 859 919 2470 181 820 2471 181 820 2472 860 920 2473 382 682 2474 182 267 2475 860 920 2476 861 921 2477 830 671 2478 863 922 2479 410 675 2480 825 827 2481 863 922 2482 857 917 2483 425 672 2484 862 923 2485 830 671 2486 425 672 2487 852 909 2488 864 924 2489 493 257 2490 861 921 2491 865 925 2492 493 257 2493 856 926 2494 183 255 2495 624 220 2496 834 153 2497 835 154 2498 624 220 2499 836 155 2500 319 927 2501 638 173 2502 228 263 2503 837 928 2504 638 173 2505 328 261 2506 838 264 2507 796 162 2508 840 816 2509 841 817 2510 796 162 2511 842 818 2512 294 929 2513 492 156 2514 843 828 2515 840 816 2516 383 930 2517 843 828 2518 798 158 2519 294 929 2520 845 848 2521 803 931 2522 214 246 2523 845 848 2524 834 153 2525 805 932 2526 844 829 2527 383 930 2528 805 932 2529 847 858 2530 846 859 2531 837 928 2532 848 879 2533 809 933 2534 491 934 2535 848 879 2536 847 858 2537 839 175 2538 849 890 2539 328 261 2540 319 927 2541 849 890 2542 813 935 2543 819 655 2544 850 911 2545 818 258 2546 819 655 2547 852 909 2548 851 907 2549 818 258 2550 853 913 2551 821 251 2552 822 224 2553 853 913 2554 854 912 2555 823 209 2556 854 912 2557 855 915 2558 823 209 2559 856 926 2560 824 936 2561 51 202 2562 858 918 2563 857 917 2564 827 171 2565 858 918 2566 826 203 2567 828 159 2568 859 919 2569 827 171 2570 828 159 2571 861 921 2572 860 920 2573 831 150 2574 862 923 2575 50 937 2576 831 150 2577 857 917 2578 863 922 2579 50 937 2580 864 924 2581 832 938 2582 820 657 2583 864 924 2584 852 909 2585 829 161 2586 865 925 2587 861 921 2588 824 936 2589 865 925 2590 833 939 2591 866 940 2592 899 941 2593 520 942 2594 868 943 2595 899 941 2596 625 944 2597 424 945 2598 902 946 2599 870 947 2600 526 948 2601 902 946 2602 871 949 2603 728 950 2604 869 951 2605 424 945 2606 728 950 2607 873 952 2608 904 953 2609 731 954 2610 874 955 2611 580 956 2612 731 954 2613 520 942 2614 907 957 2615 876 958 2616 871 949 2617 908 959 2618 876 958 2619 411 960 2620 868 943 2621 474 961 2622 910 962 2623 877 963 2624 580 956 2625 910 962 2626 797 964 2627 879 965 2628 877 963 2629 911 966 2630 879 965 2631 880 967 2632 547 968 2633 547 968 2634 913 969 2635 881 970 2636 579 971 2637 913 969 2638 873 952 2639 52 972 2640 915 973 2641 215 974 2642 53 975 2643 915 973 2644 916 976 2645 226 977 2646 914 978 2647 52 972 2648 226 977 2649 918 979 2650 917 980 2651 65 981 2652 920 982 2653 887 983 2654 67 984 2655 920 982 2656 324 985 2657 62 986 2658 923 987 2659 418 988 2660 63 989 2661 923 987 2662 892 990 2663 420 991 2664 890 992 2665 62 986 2666 420 991 2667 887 983 2668 925 993 2669 70 994 2670 927 995 2671 423 996 2672 71 997 2673 927 995 2674 918 979 2675 525 998 2676 892 990 2677 928 999 2678 525 998 2679 894 1000 2680 70 994 2681 588 1001 2682 916 976 2683 929 1002 2684 588 1001 2685 921 1003 2686 67 984 2687 867 1004 2688 520 942 2689 899 941 2690 867 1004 2691 411 960 2692 900 866 2693 637 1005 2694 869 951 2695 901 898 2696 637 1005 2697 871 949 2698 902 946 2699 901 898 2700 904 953 2701 872 895 2702 905 835 2703 904 953 2704 873 952 2705 906 885 2706 907 957 2707 875 882 2708 898 880 2709 907 957 2710 520 942 2711 903 871 2712 908 959 2713 871 949 2714 900 866 2715 908 959 2716 732 872 2717 878 855 2718 877 963 2719 910 962 2720 878 855 2721 874 955 2722 906 885 2723 909 849 2724 911 966 2725 877 963 2726 912 841 2727 911 966 2728 799 850 2729 806 833 2730 880 967 2731 912 841 2732 806 833 2733 873 952 2734 913 969 2735 883 1006 2736 914 978 2737 882 1007 2738 883 1006 2739 916 976 2740 915 973 2741 882 1007 2742 917 980 2743 885 1008 2744 886 878 2745 917 980 2746 918 979 2747 888 1009 2748 887 983 2749 920 982 2750 888 1009 2751 921 1003 2752 889 852 2753 891 1010 2754 890 992 2755 922 896 2756 891 1010 2757 892 990 2758 923 987 2759 922 896 2760 925 993 2761 893 893 2762 919 891 2763 925 993 2764 887 983 2765 895 876 2766 894 1000 2767 926 863 2768 895 876 2769 918 979 2770 927 995 2771 924 869 2772 928 999 2773 892 990 2774 926 863 2775 928 999 2776 896 870 2777 884 860 2778 929 1002 2779 916 976 2780 889 852 2781 929 1002 2782 897 861 2783 930 660 2784 931 1011 2785 320 168 2786 932 839 2787 931 1011 2788 626 847 2789 220 836 2790 630 207 2791 934 832 2792 322 254 2793 630 207 2794 935 208 2795 937 821 2796 936 218 2797 631 215 2798 937 821 2799 933 206 2800 220 836 2801 222 814 2802 938 1012 2803 936 218 2804 421 680 2805 938 1012 2806 632 815 2807 225 678 2808 636 248 2809 941 674 2810 327 244 2811 636 248 2812 942 249 2813 804 658 2814 939 225 2815 421 680 2816 804 658 2817 320 168 2818 943 851 2819 810 252 2820 940 247 2821 225 678 2822 810 252 2823 935 208 2824 944 883 2825 945 212 2826 942 249 2827 814 900 2828 945 212 2829 216 176 2830 932 839 2831 946 245 2832 1010 677 2833 947 676 2834 1010 677 2835 960 221 2836 961 679 2837 992 1013 2838 1014 1014 2839 993 1015 2840 990 1016 2841 1013 1017 2842 991 1018 2843 1013 1017 2844 972 151 2845 973 1019 2846 1014 1014 2847 974 868 2848 975 1020 2849 962 1021 2850 1017 840 2851 963 659 2852 1017 840 2853 948 1022 2854 949 213 2855 965 1023 2856 1019 831 2857 964 253 2858 951 897 2859 1019 831 2860 1018 1024 2861 1020 892 2862 950 822 2863 951 897 2864 1020 892 2865 952 826 2866 1021 823 2867 953 1025 2868 1023 681 2869 952 826 2870 1023 681 2871 977 854 2872 976 669 2873 967 877 2874 1025 673 2875 966 243 2876 955 865 2877 1025 673 2878 1024 884 2879 997 656 2880 1027 1026 2881 996 1027 2882 981 259 2883 1027 1026 2884 1026 664 2885 979 899 2886 1028 1028 2887 1029 1029 2888 995 1030 2889 1028 1028 2890 994 1031 2891 957 204 2892 1030 1032 2893 1031 205 2894 969 174 2895 1030 1032 2896 968 663 2897 978 1033 2898 1035 894 2899 1034 1034 2900 980 1035 2901 1032 250 2902 1033 1036 2903 1032 250 2904 1004 1037 2905 1033 1036 2906 1035 894 2907 1002 1038 2908 1034 1034 2909 1006 1039 2910 1039 881 2911 1038 1040 2912 1008 1041 2913 1036 172 2914 1037 1042 2915 1036 172 2916 991 1018 2917 1037 1042 2918 1039 881 2919 993 1015 2920 1038 1040 2921 1040 1043 2922 973 1019 2923 972 151 2924 1040 1043 2925 996 1027 2926 1041 1044 2927 1043 867 2928 994 1031 2929 1042 1045 2930 1043 867 2931 975 1020 2932 974 868 2933 988 167 2934 1044 683 2935 989 268 2936 1044 683 2937 958 163 2938 959 819 2939 983 862 2940 1048 1046 2941 982 1047 2942 985 160 2943 1047 1048 2944 984 1049 2945 1047 1048 2946 1009 165 2947 1008 1041 2948 1048 1046 2949 1007 856 2950 1006 1039 2951 1051 157 2952 989 268 2953 1050 256 2954 1051 157 2955 971 1050 2956 970 1051 2957 1052 1052 2958 1000 1053 2959 1001 210 2960 1052 1052 2961 984 1049 2962 1053 1054 2963 1055 842 2964 982 1047 2965 1054 1055 2966 1055 842 2967 998 1056 2968 999 837 2969 959 819 2970 1057 1057 2971 1056 824 2972 1057 1057 2973 947 676 2974 1056 824 2975 976 669 2976 1058 853 2977 1059 670 2978 1058 853 2979 963 659 2980 1059 670 2981 970 1051 2982 1060 1058 2983 1061 1059 2984 986 1060 2985 1060 1058 2986 987 1061 2987 1005 223 2988 1063 1062 2989 1004 1037 2990 1001 210 2991 1063 1062 2992 1062 211 2993 999 837 2994 1064 1063 2995 1065 838 2996 1003 834 2997 1064 1063 2998 1002 1038 2999 956 1064 3000 1067 1065 3001 1066 1066 3002 1067 1065 3003 987 1061 3004 1066 1066 3005 954 265 3006 1068 864 3007 1069 266 3008 1068 864 3009 964 253 3010 1069 266 3011 1071 1067 3012 968 663 3013 1070 662 3014 1071 1067 3015 961 679 3016 960 221 3017 1072 1068 3018 949 213 3019 948 1022 3020 1072 1068 3021 966 243 3022 1073 214 3023 383 930 3024 1051 157 3025 970 1051 3026 831 150 3027 990 1016 3028 51 202 3029 294 929 3030 1057 1057 3031 958 163 3032 50 937 3033 1040 1043 3034 972 151 3035 214 246 3036 1057 1057 3037 803 931 3038 52 972 3039 1014 1014 3040 975 1020 3041 820 657 3042 1040 1043 3043 832 938 3044 805 932 3045 970 1051 3046 1061 1059 3047 53 975 3048 1014 1014 3049 215 974 3050 829 161 3051 1052 1052 3052 833 939 3053 805 932 3054 986 1060 3055 491 934 3056 226 977 3057 975 1020 3058 1042 1045 3059 824 936 3060 1052 1052 3061 1001 210 3062 837 928 3063 1067 1065 3064 957 204 3065 226 977 3066 994 1031 3067 71 997 3068 625 944 3069 991 1018 3070 1013 1017 3071 491 934 3072 1067 1065 3073 809 933 3074 65 981 3075 1048 1046 3076 324 985 3077 625 944 3078 973 1019 3079 868 943 3080 839 175 3081 1071 1067 3082 813 935 3083 67 984 3084 1048 1046 3085 1006 1039 3086 227 908 3087 956 1064 3088 72 906 3089 870 947 3090 980 1035 3091 424 945 3092 319 927 3093 1071 1067 3094 960 221 3095 62 986 3096 1064 1063 3097 998 1056 3098 227 908 3099 968 663 3100 1030 1032 3101 870 947 3102 996 1027 3103 1027 1026 3104 63 989 3105 1064 1063 3106 418 988 3107 72 906 3108 1066 1066 3109 287 910 3110 424 945 3111 1033 1036 3112 728 950 3113 420 991 3114 998 1056 3115 1054 1055 3116 579 971 3117 1033 1036 3118 1004 1037 3119 180 914 3120 1066 1066 3121 987 1061 3122 420 991 3123 982 1047 3124 65 981 3125 580 956 3126 1037 1042 3127 731 954 3128 288 916 3129 987 1061 3130 1060 1058 3131 70 994 3132 1028 1028 3133 978 1033 3134 866 940 3135 1037 1042 3136 991 1018 3137 288 916 3138 971 1050 3139 183 255 3140 71 997 3141 1028 1028 3142 423 996 3143 526 948 3144 1041 1044 3145 996 1027 3146 525 998 3147 1002 1038 3148 63 989 3149 868 943 3150 1041 1044 3151 876 958 3152 883 1006 3153 948 1022 3154 1016 1069 3155 525 998 3156 978 1033 3157 1034 1034 3158 797 964 3159 984 1049 3160 1047 1048 3161 883 1006 3162 962 1021 3163 884 860 3164 588 1001 3165 993 1015 3166 53 975 3167 797 964 3168 1008 1041 3169 580 956 3170 882 1007 3171 1072 1068 3172 948 1022 3173 588 1001 3174 1006 1039 3175 1038 1040 3176 474 961 3177 1053 1054 3178 984 1049 3179 886 878 3180 1072 1068 3181 885 1008 3182 867 1004 3183 992 1013 3184 898 880 3185 547 968 3186 1053 1054 3187 879 965 3188 888 1009 3189 953 1025 3190 919 891 3191 867 1004 3192 974 868 3193 1015 1070 3194 881 970 3195 1000 1053 3196 547 968 3197 888 1009 3198 977 854 3199 1022 1071 3200 637 1005 3201 979 899 3202 1029 1029 3203 881 970 3204 1004 1037 3205 1063 1062 3206 891 1010 3207 951 897 3208 1018 1024 3209 637 1005 3210 995 1030 3211 903 871 3212 891 1010 3213 965 1023 3214 924 869 3215 831 150 3525 50 937 3526 972 151 3527 834 153 3528 48 687 3529 213 145 3530 213 145 3531 49 147 3532 836 155 3533 492 156 3534 988 167 3535 1051 157 3536 828 159 3537 1046 166 3538 985 160 3539 796 162 3540 294 929 3541 958 163 3542 828 159 3543 827 171 3544 1009 165 3545 796 162 3546 1045 164 3547 988 167 3548 320 168 3549 931 1011 3550 412 169 3551 827 171 3552 826 203 3553 1036 172 3554 638 173 3555 1031 205 3556 969 174 3557 412 169 3558 931 1011 3559 216 176 3560 521 178 3561 627 185 3562 217 179 3563 412 169 3564 627 185 3565 521 178 3566 413 181 3567 627 185 3568 412 169 3569 589 182 3570 627 185 3571 413 181 3572 184 184 3573 217 179 3574 627 185 3575 596 186 3576 628 190 3577 593 187 3578 596 186 3579 186 234 3580 591 189 3581 628 190 3582 591 189 3583 57 180 3584 593 187 3585 628 190 3586 217 179 3587 219 191 3588 629 199 3589 522 192 3590 416 194 3591 629 199 3592 219 191 3593 592 196 3594 629 199 3595 416 194 3596 187 198 3597 415 200 3598 629 199 3599 522 192 3600 629 199 3601 415 200 3602 51 202 3603 990 1016 3604 1036 172 3605 638 173 3606 837 928 3607 957 204 3608 933 206 3609 60 195 3610 219 191 3611 935 208 3612 630 207 3613 219 191 3614 823 209 3615 824 936 3616 1001 210 3617 945 212 3618 932 839 3619 949 213 3620 631 215 3621 936 218 3622 64 216 3623 631 215 3624 221 217 3625 60 195 3626 936 218 3627 938 1012 3628 223 219 3629 624 220 3630 319 927 3631 960 221 3632 823 209 3633 1062 211 3634 1005 223 3635 223 219 3636 938 1012 3637 939 225 3638 68 227 3639 325 230 3640 633 228 3641 61 193 3642 522 192 3643 633 228 3644 59 201 3645 524 229 3646 633 228 3647 419 231 3648 634 235 3649 321 232 3650 223 219 3651 634 235 3652 419 231 3653 323 233 3654 634 235 3655 223 219 3656 591 189 3657 634 235 3658 323 233 3659 186 234 3660 321 232 3661 634 235 3662 545 236 3663 635 241 3664 224 237 3665 524 229 3666 635 241 3667 545 236 3668 218 239 3669 635 241 3670 524 229 3671 185 240 3672 590 242 3673 635 241 3674 224 237 3675 635 241 3676 590 242 3677 945 212 3678 1073 214 3679 966 243 3680 624 220 3681 1011 222 3682 946 245 3683 940 247 3684 68 227 3685 545 236 3686 942 249 3687 636 248 3688 545 236 3689 822 224 3690 1005 223 3691 1032 250 3692 810 252 3693 1069 266 3694 964 253 3695 183 255 3696 971 1050 3697 1050 256 3698 818 258 3699 821 251 3700 1032 250 3701 426 260 3702 838 264 3703 328 261 3704 426 260 3705 74 280 3706 228 263 3707 810 252 3708 225 678 3709 954 265 3710 182 267 3711 493 257 3712 1050 256 3713 819 655 4686 1026 664 4687 997 656 4688 804 658 4689 1059 670 4690 963 659 4691 73 661 4692 425 672 4693 1070 662 4694 819 655 4695 818 258 4696 981 259 4697 66 226 4698 523 666 4699 729 665 4700 55 170 4701 521 178 4702 729 665 4703 57 180 4704 323 233 4705 729 665 4706 54 177 4707 422 668 4708 730 667 4709 69 238 4710 224 237 4711 730 667 4712 56 183 4713 413 181 4714 730 667 4715 804 658 4716 421 680 4717 976 669 4718 830 671 4719 961 679 4720 1070 662 4721 327 244 4722 966 243 4723 1025 673 4724 410 675 4725 825 827 4726 947 676 4727 225 678 4728 941 674 4729 1025 673 4730 410 675 4731 1010 677 4732 961 679 4733 421 680 4734 632 815 4735 1023 681 4736 382 682 4737 182 267 4738 989 268 4739 222 814 5409 952 826 5410 1023 681 5411 840 816 5412 154 555 5413 490 636 5414 490 636 5415 179 638 5416 842 818 5417 382 682 5418 1044 683 5419 959 819 5420 937 821 5421 220 836 5422 950 822 5423 181 820 5424 959 819 5425 1056 824 5426 937 821 5427 1021 823 5428 952 826 5429 825 827 5430 291 825 5431 1056 824 5432 153 557 5433 369 830 5434 843 828 5435 154 555 5436 840 816 5437 843 828 5438 322 254 5439 964 253 5440 1019 831 5441 806 833 5442 1065 838 5443 1003 834 5444 220 836 5445 934 832 5446 1019 831 5447 806 833 5448 912 841 5449 999 837 5450 932 839 5451 626 847 5452 1017 840 5453 912 841 5454 799 850 5455 1055 842 5456 60 195 5457 221 217 5458 800 843 5459 64 216 5460 419 231 5461 800 843 5462 58 197 5463 416 194 5464 800 843 5465 930 660 5487 963 659 5488 1017 840 5489 179 638 5490 298 689 5491 845 848 5492 845 848 5493 298 689 5494 48 687 5495 909 849 5496 983 862 5497 1055 842 5498 66 226 5499 939 225 5500 943 851 5501 889 852 5502 897 861 5503 1058 853 5504 878 855 5505 906 885 5506 1007 856 5507 943 851 5508 320 168 5509 55 170 5510 472 648 5511 846 859 5512 847 858 5513 472 648 5514 153 557 5515 844 829 5516 884 860 5517 962 1021 5518 1058 853 5519 878 855 5520 1049 857 5521 983 862 5522 926 863 5523 896 870 5524 1068 864 5525 900 866 5526 732 872 5527 1043 867 5528 924 869 5529 965 1023 5530 1068 864 5531 903 871 5532 995 1030 5533 1043 867 5534 895 876 5556 1024 884 5557 967 877 5558 74 280 5559 429 1072 5560 848 879 5561 848 879 5562 429 1072 5563 78 278 5564 898 880 5565 992 1013 5566 1039 881 5567 68 227 5568 940 247 5569 944 883 5570 895 876 5571 926 863 5572 955 865 5573 906 885 5574 875 882 5575 1039 881 5576 944 883 5577 935 208 5578 61 193 5579 49 147 5604 200 889 5605 849 890 5606 75 262 5607 328 261 5608 849 890 5609 919 891 5610 953 1025 5611 1020 892 5612 905 835 5613 1003 834 5614 1035 894 5615 922 896 5616 893 893 5617 1020 892 5618 901 898 5619 872 895 5620 1035 894 5621 814 900 5622 942 249 5623 69 238 5624 814 900 5625 422 668 5626 54 177 5627 595 901 5628 815 902 5629 590 242 5630 595 901 5631 188 188 5632 593 187 5633 593 187 5634 184 184 5635 589 182 5636 815 902 5637 589 182 5638 56 183 5639 59 201 5640 415 200 5641 816 903 5642 415 200 5643 187 198 5644 594 904 5645 594 904 5646 188 188 5647 595 901 5648 218 239 5649 816 903 5650 595 901 5651 592 196 5652 817 905 5653 594 904 5654 58 197 5655 321 232 5656 817 905 5657 321 232 5658 186 234 5659 596 186 5660 594 904 5661 817 905 5662 596 186 5663 72 906 5664 850 911 5665 851 907 5666 73 661 5667 227 908 5668 851 907 5669 287 910 5670 853 913 5671 850 911 5672 287 910 5673 180 914 5674 854 912 5675 180 914 5676 288 916 5677 855 915 5678 183 255 5679 856 926 5680 855 915 5681 291 825 5682 825 827 5683 857 917 5684 291 825 5685 858 918 5686 859 919 5687 181 820 5688 859 919 5689 860 920 5690 182 267 5691 382 682 5692 860 920 5693 830 671 5694 862 923 5695 863 922 5696 825 827 5697 410 675 5698 863 922 5699 425 672 5700 864 924 5701 862 923 5702 425 672 5703 73 661 5704 852 909 5705 493 257 5706 182 267 5707 861 921 5708 493 257 5709 865 925 5710 856 926 5711 624 220 5712 214 246 5713 834 153 5714 624 220 5715 835 154 5716 836 155 5717 638 173 5718 838 264 5719 228 263 5720 638 173 5721 839 175 5722 328 261 5723 796 162 5724 492 156 5725 840 816 5726 796 162 5727 841 817 5728 842 818 5729 492 156 5730 798 158 5731 843 828 5732 383 930 5733 844 829 5734 843 828 5735 294 929 5736 842 818 5737 845 848 5738 214 246 5739 803 931 5740 845 848 5741 805 932 5742 846 859 5743 844 829 5744 805 932 5745 491 934 5746 847 858 5747 837 928 5748 228 263 5749 848 879 5750 491 934 5751 809 933 5752 848 879 5753 839 175 5754 813 935 5755 849 890 5756 319 927 5757 836 155 5758 849 890 5759 819 655 5760 851 907 5761 850 911 5762 819 655 5763 820 657 5764 852 909 5765 818 258 5766 850 911 5767 853 913 5768 822 224 5769 821 251 5770 853 913 5771 823 209 5772 822 224 5773 854 912 5774 823 209 5775 855 915 5776 856 926 5777 51 202 5778 826 203 5779 858 918 5780 827 171 5781 859 919 5782 858 918 5783 828 159 5784 860 920 5785 859 919 5786 828 159 5787 829 161 5788 861 921 5789 831 150 5790 863 922 5791 862 923 5792 831 150 5793 51 202 5794 857 917 5795 50 937 5796 862 923 5797 864 924 5798 820 657 5799 832 938 5800 864 924 5801 829 161 5802 833 939 5803 865 925 5804 824 936 5805 856 926 5806 865 925 5807 866 940 5808 625 944 5809 899 941 5810 868 943 5811 411 960 5812 899 941 5813 424 945 5814 869 951 5815 902 946 5816 526 948 5817 870 947 5818 902 946 5819 728 950 5820 904 953 5821 869 951 5822 728 950 5823 579 971 5824 873 952 5825 731 954 5826 907 957 5827 874 955 5828 731 954 5829 866 940 5830 520 942 5831 876 958 5832 526 948 5833 871 949 5834 876 958 5835 908 959 5836 411 960 5837 474 961 5838 797 964 5839 910 962 5840 580 956 5841 874 955 5842 910 962 5843 879 965 5844 474 961 5845 877 963 5846 879 965 5847 911 966 5848 880 967 5849 547 968 5850 880 967 5851 913 969 5852 579 971 5853 881 970 5854 913 969 5855 52 972 5856 914 978 5857 915 973 5858 53 975 5859 215 974 5860 915 973 5861 226 977 5862 917 980 5863 914 978 5864 226 977 5865 71 997 5866 918 979 5867 65 981 5868 324 985 5869 920 982 5870 67 984 5871 921 1003 5872 920 982 5873 62 986 5874 890 992 5875 923 987 5876 63 989 5877 418 988 5878 923 987 5879 420 991 5880 925 993 5881 890 992 5882 420 991 5883 65 981 5884 887 983 5885 70 994 5886 894 1000 5887 927 995 5888 71 997 5889 423 996 5890 927 995 5891 525 998 5892 63 989 5893 892 990 5894 525 998 5895 928 999 5896 894 1000 5897 588 1001 5898 53 975 5899 916 976 5900 588 1001 5901 929 1002 5902 921 1003 5903 867 1004 5904 898 880 5905 520 942 5906 867 1004 5907 899 941 5908 411 960 5909 637 1005 5910 902 946 5911 869 951 5912 637 1005 5913 903 871 5914 871 949 5915 901 898 5916 869 951 5917 904 953 5918 905 835 5919 872 895 5920 904 953 5921 906 885 5922 874 955 5923 907 957 5924 898 880 5925 875 882 5926 907 957 5927 903 871 5928 732 872 5929 908 959 5930 900 866 5931 411 960 5932 908 959 5933 878 855 5934 909 849 5935 877 963 5936 878 855 5937 910 962 5938 874 955 5939 909 849 5940 799 850 5941 911 966 5942 912 841 5943 880 967 5944 911 966 5945 806 833 5946 913 969 5947 880 967 5948 806 833 5949 905 835 5950 873 952 5951 883 1006 5952 915 973 5953 914 978 5954 883 1006 5955 884 860 5956 916 976 5957 882 1007 5958 914 978 5959 917 980 5960 886 878 5961 885 1008 5962 917 980 5963 888 1009 5964 919 891 5965 887 983 5966 888 1009 5967 920 982 5968 921 1003 5969 891 1010 5970 923 987 5971 890 992 5972 891 1010 5973 924 869 5974 892 990 5975 922 896 5976 890 992 5977 925 993 5978 919 891 5979 893 893 5980 925 993 5981 895 876 5982 927 995 5983 894 1000 5984 895 876 5985 886 878 5986 918 979 5987 924 869 5988 896 870 5989 928 999 5990 926 863 5991 894 1000 5992 928 999 5993 884 860 5994 897 861 5995 929 1002 5996 889 852 5997 921 1003 5998 929 1002 5999 930 660 6000 626 847 6001 931 1011 6002 932 839 6003 216 176 6004 931 1011 6005 220 836 6006 933 206 6007 630 207 6008 322 254 6009 934 832 6010 630 207 6011 937 821 6012 222 814 6013 936 218 6014 937 821 6015 631 215 6016 933 206 6017 222 814 6018 632 815 6019 938 1012 6020 421 680 6021 939 225 6022 938 1012 6023 225 678 6024 940 247 6025 636 248 6026 327 244 6027 941 674 6028 636 248 6029 804 658 6030 943 851 6031 939 225 6032 804 658 6033 930 660 6034 320 168 6035 810 252 6036 944 883 6037 940 247 6038 810 252 6039 322 254 6040 935 208 6041 945 212 6042 327 244 6043 942 249 6044 945 212 6045 814 900 6046 216 176 6047 946 245 6048 1011 222 6049 1010 677 6050 1010 677 6051 1011 222 6052 960 221 6053 992 1013 6054 1015 1070 6055 1014 1014 6056 990 1016 6057 1012 152 6058 1013 1017 6059 1013 1017 6060 1012 152 6061 972 151 6062 1014 1014 6063 1015 1070 6064 974 868 6065 962 1021 6066 1016 1069 6067 1017 840 6068 1017 840 6069 1016 1069 6070 948 1022 6071 965 1023 6072 1018 1024 6073 1019 831 6074 951 897 6075 950 822 6076 1019 831 6077 1020 892 6078 1021 823 6079 950 822 6080 1020 892 6081 953 1025 6082 952 826 6083 953 1025 6084 1022 1071 6085 1023 681 6086 1023 681 6087 1022 1071 6088 977 854 6089 967 877 6090 1024 884 6091 1025 673 6092 955 865 6093 954 265 6094 1025 673 6095 997 656 6096 1026 664 6097 1027 1026 6098 981 259 6099 980 1035 6100 1027 1026 6101 979 899 6102 978 1033 6103 1028 1028 6104 995 1030 6105 1029 1029 6106 1028 1028 6107 957 204 6108 956 1064 6109 1030 1032 6110 969 174 6111 1031 205 6112 1030 1032 6113 978 1033 6114 979 899 6115 1035 894 6116 980 1035 6117 981 259 6118 1032 250 6119 1032 250 6120 1005 223 6121 1004 1037 6122 1035 894 6123 1003 834 6124 1002 1038 6125 1006 1039 6126 1007 856 6127 1039 881 6128 1008 1041 6129 1009 165 6130 1036 172 6131 1036 172 6132 990 1016 6133 991 1018 6134 1039 881 6135 992 1013 6136 993 1015 6137 1040 1043 6138 1041 1044 6139 973 1019 6140 1040 1043 6141 997 656 6142 996 1027 6143 1043 867 6144 995 1030 6145 994 1031 6146 1043 867 6147 1042 1045 6148 975 1020 6149 988 167 6150 1045 164 6151 1044 683 6152 1044 683 6153 1045 164 6154 958 163 6155 983 862 6156 1049 857 6157 1048 1046 6158 985 160 6159 1046 166 6160 1047 1048 6161 1047 1048 6162 1046 166 6163 1009 165 6164 1048 1046 6165 1049 857 6166 1007 856 6167 1051 157 6168 988 167 6169 989 268 6170 1051 157 6171 1050 256 6172 971 1050 6173 1052 1052 6174 1053 1054 6175 1000 1053 6176 1052 1052 6177 985 160 6178 984 1049 6179 1055 842 6180 983 862 6181 982 1047 6182 1055 842 6183 1054 1055 6184 998 1056 6185 959 819 6186 958 163 6187 1057 1057 6188 1057 1057 6189 946 245 6190 947 676 6191 976 669 6192 977 854 6193 1058 853 6194 1058 853 6195 962 1021 6196 963 659 6197 970 1051 6198 971 1050 6199 1060 1058 6200 986 1060 6201 1061 1059 6202 1060 1058 6203 1005 223 6204 1062 211 6205 1063 1062 6206 1001 210 6207 1000 1053 6208 1063 1062 6209 999 837 6210 998 1056 6211 1064 1063 6212 1003 834 6213 1065 838 6214 1064 1063 6215 956 1064 6216 957 204 6217 1067 1065 6218 1067 1065 6219 986 1060 6220 987 1061 6221 954 265 6222 955 865 6223 1068 864 6224 1068 864 6225 965 1023 6226 964 253 6227 1071 1067 6228 969 174 6229 968 663 6230 1071 1067 6231 1070 662 6232 961 679 6233 1072 1068 6234 1073 214 6235 949 213 6236 1072 1068 6237 967 877 6238 966 243 6239 383 930 6240 798 158 6241 1051 157 6242 831 150 6243 1012 152 6244 990 1016 6245 294 929 6246 803 931 6247 1057 1057 6248 50 937 6249 832 938 6250 1040 1043 6251 214 246 6252 946 245 6253 1057 1057 6254 52 972 6255 215 974 6256 1014 1014 6257 820 657 6258 997 656 6259 1040 1043 6260 805 932 6261 383 930 6262 970 1051 6263 53 975 6264 993 1015 6265 1014 1014 6266 829 161 6267 985 160 6268 1052 1052 6269 805 932 6270 1061 1059 6271 986 1060 6272 226 977 6273 52 972 6274 975 1020 6275 824 936 6276 833 939 6277 1052 1052 6278 837 928 6279 809 933 6280 1067 1065 6281 226 977 6282 1042 1045 6283 994 1031 6284 625 944 6285 866 940 6286 991 1018 6287 491 934 6288 986 1060 6289 1067 1065 6290 65 981 6291 982 1047 6292 1048 1046 6293 625 944 6294 1013 1017 6295 973 1019 6296 839 175 6297 969 174 6298 1071 1067 6299 67 984 6300 324 985 6301 1048 1046 6302 227 908 6303 1030 1032 6304 956 1064 6305 870 947 6306 1027 1026 6307 980 1035 6308 319 927 6309 813 935 6310 1071 1067 6311 62 986 6312 418 988 6313 1064 1063 6314 227 908 6315 73 661 6316 968 663 6317 870 947 6318 526 948 6319 996 1027 6320 63 989 6321 1002 1038 6322 1064 1063 6323 72 906 6324 956 1064 6325 1066 1066 6326 424 945 6327 980 1035 6328 1033 1036 6329 420 991 6330 62 986 6331 998 1056 6332 579 971 6333 728 950 6334 1033 1036 6335 180 914 6336 287 910 6337 1066 1066 6338 420 991 6339 1054 1055 6340 982 1047 6341 580 956 6342 1008 1041 6343 1037 1042 6344 288 916 6345 180 914 6346 987 1061 6347 70 994 6348 423 996 6349 1028 1028 6350 866 940 6351 731 954 6352 1037 1042 6353 288 916 6354 1060 1058 6355 971 1050 6356 71 997 6357 994 1031 6358 1028 1028 6359 526 948 6360 876 958 6361 1041 1044 6362 525 998 6363 1034 1034 6364 1002 1038 6365 868 943 6366 973 1019 6367 1041 1044 6368 883 1006 6369 882 1007 6370 948 1022 6371 525 998 6372 70 994 6373 978 1033 6374 797 964 6375 474 961 6376 984 1049 6377 883 1006 6378 1016 1069 6379 962 1021 6380 588 1001 6381 1038 1040 6382 993 1015 6383 797 964 6384 1047 1048 6385 1008 1041 6386 882 1007 6387 885 1008 6388 1072 1068 6389 588 1001 6390 67 984 6391 1006 1039 6392 474 961 6393 879 965 6394 1053 1054 6395 886 878 6396 967 877 6397 1072 1068 6398 867 1004 6399 1015 1070 6400 992 1013 6401 547 968 6402 1000 1053 6403 1053 1054 6404 888 1009 6405 1022 1071 6406 953 1025 6407 867 1004 6408 900 866 6409 974 868 6410 881 970 6411 1063 1062 6412 1000 1053 6413 888 1009 6414 889 852 6415 977 854 6416 637 1005 6417 901 898 6418 979 899 6419 881 970 6420 579 971 6421 1004 1037 6422 891 1010 6423 922 896 6424 951 897 6425 637 1005 6426 1029 1029 6427 995 1030 6428 891 1010 6429 1018 1024 6430 965 1023 6431</p>
        </triangles>
      </mesh>
    </geometry>
    <geometry id="Cylinder_003-mesh" name="Cylinder.003">
      <mesh>
        <source id="Cylinder_003-mesh-positions">
          <float_array id="Cylinder_003-mesh-positions-array" count="5568">0 0.09015625 0.04445141 0.01758861 0.0884239 0.04445141 0.03450131 0.08329349 0.04445141 0.0500881 0.07496213 0.04445141 0.06375008 0.06375008 0.04445141 0.07496213 0.0500881 0.04445141 0.08329349 0.03450125 0.04445141 0.0884239 0.01758861 0.04445141 0.09015625 0 0.04445141 0.0884239 -0.01758861 0.04445141 0.08329349 -0.03450125 0.04445141 0.07496213 -0.0500881 0.04445141 0.06375008 -0.06375008 0.04445141 0.0500881 -0.07496213 0.04445141 0.03450131 -0.08329349 0.04445141 0.01758861 -0.0884239 0.04445141 0 -0.09015625 0.04445141 -0.01758855 -0.0884239 0.04445141 -0.03450125 -0.08329349 0.04445141 -0.0500881 -0.07496213 0.04445141 -0.06375008 -0.06375008 0.04445141 -0.07496213 -0.0500881 0.04445141 -0.08329349 -0.03450125 0.04445141 -0.0884239 -0.01758861 0.04445141 -0.09015625 0 0.04445141 -0.0884239 0.01758861 0.04445141 -0.08329349 0.03450125 0.04445141 -0.07496213 0.0500881 0.04445141 -0.06375008 0.06375008 0.04445141 -0.0500881 0.07496213 0.04445141 -0.03450125 0.08329349 0.04445141 -0.01758855 0.0884239 0.04445141 0 0.02769845 0.1423916 0.005403697 0.02716624 0.1423916 0.01059973 0.02559 0.1423916 0.01538842 0.0230304 0.1423916 0.01958578 0.01958572 0.1423916 0.0230304 0.01538842 0.1423916 0.02559006 0.01059973 0.1423916 0.02716624 0.005403697 0.1423916 0.02769845 0 0.1423916 0.02716624 -0.005403697 0.1423916 0.02559006 -0.01059973 0.1423916 0.0230304 -0.01538842 0.1423916 0.01958578 -0.01958578 0.1423916 0.01538842 -0.0230304 0.1423916 0.01059973 -0.02559006 0.1423916 0.005403697 -0.02716624 0.1423916 0 -0.02769845 0.1423916 -0.005403697 -0.02716624 0.1423916 -0.01059973 -0.02559006 0.1423916 -0.01538842 -0.0230304 0.1423916 -0.01958572 -0.01958578 0.1423916 -0.0230304 -0.01538842 0.1423916 -0.02559 -0.01059973 0.1423916 -0.02716624 -0.005403697 0.1423916 -0.02769845 0 0.1423916 -0.02716624 0.005403697 0.1423916 -0.02559 0.01059973 0.1423916 -0.0230304 0.01538842 0.1423916 -0.01958572 0.01958572 0.1423916 -0.01538842 0.0230304 0.1423916 -0.01059973 0.02559 0.1423916 -0.005403697 0.02716624 0.1423916 0.002202928 0.1019966 -0.05000001 -0.002202928 0.1019966 -0.05000001 0 0.1 -0.04779708 8.06236e-4 0.1020707 -0.05000001 0.001463711 0.1009851 -0.04967457 4.70845e-4 0.1010608 -0.0497418 -0.001463711 0.1009851 -0.04967457 -8.06232e-4 0.1020706 -0.05000001 -4.7084e-4 0.1010608 -0.0497418 6.65339e-4 0.1002615 -0.04887616 -6.65333e-4 0.1002615 -0.04887616 0 0.1004975 -0.04937535 0.01773792 0.1004666 -0.05000001 0.01950901 0.09807848 -0.04779708 0.02205914 0.09960699 -0.05000001 0.0182656 0.09933024 -0.04967457 0.01912224 0.1002667 -0.05000001 0.0192542 0.09921079 -0.0497418 0.02021259 0.09820514 -0.04887616 0.01890748 0.09846478 -0.04887616 0.01960605 0.09856647 -0.04937535 0.02070373 0.0999521 -0.05000001 0.02113682 0.09875911 -0.04967457 0.02017778 0.09902709 -0.0497418 0.03699713 0.0950756 -0.05000001 0.03826832 0.09238791 -0.04779708 0.04106765 0.09338957 -0.05000001 0.03729301 0.09385818 -0.04967457 0.03831589 0.09460955 -0.05000001 0.0382393 0.09354823 -0.0497418 0.0389831 0.09237492 -0.04887616 0.0377537 0.09288412 -0.04887616 0.0384587 0.09284758 -0.04937535 0.03980559 0.09399247 -0.05000001 0.03999763 0.09273791 -0.04967457 0.03910928 0.09318786 -0.0497418 0.0548346 0.08603096 -0.05000001 0.05555701 0.08314692 -0.04779708 0.05849796 0.08358317 -0.05000001 0.05488723 0.0847792 -0.04967457 0.05603706 0.08531659 -0.05000001 0.05575489 0.08429056 -0.0497418 0.05625545 0.08299469 -0.04887616 0.05514907 0.08373397 -0.04887616 0.05583339 0.08356064 -0.04937535 0.05737775 0.08442074 -0.05000001 0.05732136 0.08315283 -0.04967457 0.05653786 0.08376741 -0.0497418 0.0705648 0.07368022 -0.05000001 0.07071065 0.07071065 -0.04779708 0.07368022 0.0705648 -0.05000001 0.07037222 0.07244223 -0.04967457 0.07160478 0.07274496 -0.05000001 0.07112789 0.07179373 -0.0497418 0.07136601 0.07042509 -0.04887616 0.07042509 0.07136601 -0.04887616 0.0710625 0.0710625 -0.04937535 0.07274496 0.07160478 -0.05000001 0.07244223 0.07037222 -0.04967457 0.07179373 0.07112783 -0.0497418 0.08358317 0.05849796 -0.05000001 0.08314692 0.05555701 -0.04779708 0.08603096 0.0548346 -0.05000001 0.08315283 0.05732131 -0.04967457 0.08442074 0.05737775 -0.05000001 0.08376741 0.05653786 -0.0497418 0.08373397 0.05514907 -0.04887616 0.08299469 0.05625545 -0.04887616 0.08356064 0.05583339 -0.04937535 0.08531659 0.05603706 -0.05000001 0.0847792 0.05488723 -0.04967457 0.08429056 0.05575489 -0.0497418 0.09338957 0.04106765 -0.05000001 0.09238791 0.03826832 -0.04779708 0.0950756 0.03699713 -0.05000001 0.09273791 0.03999763 -0.04967457 0.09399247 0.03980559 -0.05000001 0.09318786 0.03910928 -0.0497418 0.09288412 0.0377537 -0.04887616 0.09237492 0.0389831 -0.04887616 0.09284758 0.0384587 -0.04937535 0.09460955 0.03831589 -0.05000001 0.09385818 0.03729301 -0.04967457 0.09354823 0.0382393 -0.0497418 0.09960699 0.02205914 -0.05000001 0.09807848 0.01950901 -0.04779708 0.1004666 0.01773792 -0.05000001 0.09875911 0.02113682 -0.04967457 0.0999521 0.02070373 -0.05000001 0.09902709 0.02017778 -0.0497418 0.09846478 0.01890748 -0.04887616 0.09820514 0.02021259 -0.04887616 0.09856647 0.01960605 -0.04937535 0.1002667 0.01912224 -0.05000001 0.09933024 0.0182656 -0.04967457 0.09921079 0.0192542 -0.0497418 0.1019966 0.002202928 -0.05000001 0.1 0 -0.04779708 0.1019966 -0.002202928 -0.05000001 0.1009851 0.001463711 -0.04967457 0.1020706 8.06234e-4 -0.05000001 0.1010608 4.70843e-4 -0.0497418 0.1002615 -6.65337e-4 -0.04887616 0.1002615 6.65336e-4 -0.04887616 0.1004975 0 -0.04937535 0.1020707 -8.06234e-4 -0.05000001 0.1009851 -0.001463711 -0.04967457 0.1010608 -4.70843e-4 -0.0497418 0.1004666 -0.01773792 -0.05000001 0.09807848 -0.01950901 -0.04779708 0.09960699 -0.02205914 -0.05000001 0.09933024 -0.0182656 -0.04967457 0.1002667 -0.01912224 -0.05000001 0.09921079 -0.0192542 -0.0497418 0.09820514 -0.02021259 -0.04887616 0.09846478 -0.01890748 -0.04887616 0.09856647 -0.01960605 -0.04937535 0.0999521 -0.02070373 -0.05000001 0.09875911 -0.02113682 -0.04967457 0.09902709 -0.02017778 -0.0497418 0.0950756 -0.03699713 -0.05000001 0.09238791 -0.03826832 -0.04779708 0.09338957 -0.04106765 -0.05000001 0.09385818 -0.03729301 -0.04967457 0.09460955 -0.03831589 -0.05000001 0.09354823 -0.0382393 -0.0497418 0.09237492 -0.0389831 -0.04887616 0.09288412 -0.0377537 -0.04887616 0.09284758 -0.0384587 -0.04937535 0.09399247 -0.03980559 -0.05000001 0.09273791 -0.03999763 -0.04967457 0.09318786 -0.03910928 -0.0497418 0.08603096 -0.0548346 -0.05000001 0.08314692 -0.05555701 -0.04779708 0.08358317 -0.05849796 -0.05000001 0.0847792 -0.05488723 -0.04967457 0.08531659 -0.05603706 -0.05000001 0.08429056 -0.05575489 -0.0497418 0.08299469 -0.05625545 -0.04887616 0.08373397 -0.05514907 -0.04887616 0.08356064 -0.05583339 -0.04937535 0.08442074 -0.05737775 -0.05000001 0.08315283 -0.05732131 -0.04967457 0.08376741 -0.05653786 -0.0497418 0.07368022 -0.0705648 -0.05000001 0.07071065 -0.07071065 -0.04779708 0.0705648 -0.07368022 -0.05000001 0.07244223 -0.07037222 -0.04967457 0.07274496 -0.07160478 -0.05000001 0.07179373 -0.07112783 -0.0497418 0.07042509 -0.07136601 -0.04887616 0.07136601 -0.07042509 -0.04887616 0.0710625 -0.0710625 -0.04937535 0.07160478 -0.07274496 -0.05000001 0.07037222 -0.07244223 -0.04967457 0.07112789 -0.07179373 -0.0497418 0.05849796 -0.08358317 -0.05000001 0.05555701 -0.08314692 -0.04779708 0.0548346 -0.08603096 -0.05000001 0.05732136 -0.08315283 -0.04967457 0.05737775 -0.08442074 -0.05000001 0.05653786 -0.08376741 -0.0497418 0.05514907 -0.08373397 -0.04887616 0.05625545 -0.08299469 -0.04887616 0.05583339 -0.08356064 -0.04937535 0.05603706 -0.08531659 -0.05000001 0.05488723 -0.0847792 -0.04967457 0.05575489 -0.08429056 -0.0497418 0.04106765 -0.09338957 -0.05000001 0.03826832 -0.09238791 -0.04779708 0.03699713 -0.0950756 -0.05000001 0.03999763 -0.09273791 -0.04967457 0.03980559 -0.09399247 -0.05000001 0.03910928 -0.09318786 -0.0497418 0.0377537 -0.09288412 -0.04887616 0.0389831 -0.09237492 -0.04887616 0.0384587 -0.09284758 -0.04937535 0.03831589 -0.09460955 -0.05000001 0.03729301 -0.09385818 -0.04967457 0.0382393 -0.09354823 -0.0497418 0.02205914 -0.09960699 -0.05000001 0.01950901 -0.09807848 -0.04779708 0.01773792 -0.1004666 -0.05000001 0.02113682 -0.09875911 -0.04967457 0.02070373 -0.0999521 -0.05000001 0.02017778 -0.09902709 -0.0497418 0.01890748 -0.09846478 -0.04887616 0.02021259 -0.09820514 -0.04887616 0.01960605 -0.09856647 -0.04937535 0.01912224 -0.1002667 -0.05000001 0.0182656 -0.09933024 -0.04967457 0.0192542 -0.09921079 -0.0497418 0.002202928 -0.1019966 -0.05000001 0 -0.1 -0.04779708 -0.002202928 -0.1019966 -0.05000001 0.001463711 -0.1009851 -0.04967457 8.06236e-4 -0.1020706 -0.05000001 4.70845e-4 -0.1010608 -0.0497418 -6.65335e-4 -0.1002615 -0.04887616 6.65338e-4 -0.1002615 -0.04887616 0 -0.1004976 -0.04937535 -8.06232e-4 -0.1020707 -0.05000001 -0.001463711 -0.1009851 -0.04967457 -4.70841e-4 -0.1010608 -0.0497418 -0.01773792 -0.1004666 -0.05000001 -0.01950901 -0.09807848 -0.04779708 -0.02205914 -0.09960699 -0.05000001 -0.0182656 -0.09933024 -0.04967457 -0.01912224 -0.1002667 -0.05000001 -0.01925414 -0.09921079 -0.0497418 -0.02021259 -0.09820514 -0.04887616 -0.01890748 -0.09846478 -0.04887616 -0.01960605 -0.09856647 -0.04937535 -0.02070373 -0.0999521 -0.05000001 -0.02113676 -0.09875911 -0.04967457 -0.02017778 -0.09902709 -0.0497418 -0.03699713 -0.0950756 -0.05000001 -0.03826832 -0.09238791 -0.04779708 -0.04106765 -0.09338957 -0.05000001 -0.03729301 -0.09385818 -0.04967457 -0.03831589 -0.09460955 -0.05000001 -0.0382393 -0.09354823 -0.0497418 -0.03898304 -0.09237492 -0.04887616 -0.0377537 -0.09288412 -0.04887616 -0.0384587 -0.09284758 -0.04937535 -0.03980559 -0.09399247 -0.05000001 -0.03999763 -0.09273791 -0.04967457 -0.03910928 -0.09318786 -0.0497418 -0.0548346 -0.08603096 -0.05000001 -0.05555701 -0.08314692 -0.04779708 -0.0584979 -0.08358317 -0.05000001 -0.05488723 -0.0847792 -0.04967457 -0.05603706 -0.08531659 -0.05000001 -0.05575489 -0.08429056 -0.0497418 -0.05625545 -0.08299469 -0.04887616 -0.05514907 -0.08373397 -0.04887616 -0.05583339 -0.08356064 -0.04937535 -0.05737775 -0.08442074 -0.05000001 -0.05732131 -0.08315283 -0.04967457 -0.05653786 -0.08376741 -0.0497418 -0.0705648 -0.07368022 -0.05000001 -0.07071065 -0.07071065 -0.04779708 -0.07368022 -0.0705648 -0.05000001 -0.07037222 -0.07244223 -0.04967457 -0.07160478 -0.07274496 -0.05000001 -0.07112783 -0.07179373 -0.0497418 -0.07136601 -0.07042509 -0.04887616 -0.07042509 -0.07136601 -0.04887616 -0.0710625 -0.0710625 -0.04937535 -0.07274496 -0.07160478 -0.05000001 -0.07244223 -0.07037222 -0.04967457 -0.07179373 -0.07112789 -0.0497418 -0.08358317 -0.05849796 -0.05000001 -0.08314692 -0.05555701 -0.04779708 -0.08603096 -0.0548346 -0.05000001 -0.08315283 -0.05732131 -0.04967457 -0.08442074 -0.05737775 -0.05000001 -0.08376741 -0.05653786 -0.0497418 -0.08373397 -0.05514907 -0.04887616 -0.08299469 -0.05625545 -0.04887616 -0.08356064 -0.05583339 -0.04937535 -0.08531659 -0.05603706 -0.05000001 -0.0847792 -0.05488723 -0.04967457 -0.08429056 -0.05575489 -0.0497418 -0.09338957 -0.04106765 -0.05000001 -0.09238791 -0.03826832 -0.04779708 -0.0950756 -0.03699713 -0.05000001 -0.09273791 -0.03999763 -0.04967457 -0.09399247 -0.03980559 -0.05000001 -0.09318786 -0.03910928 -0.0497418 -0.09288412 -0.0377537 -0.04887616 -0.09237492 -0.0389831 -0.04887616 -0.09284758 -0.0384587 -0.04937535 -0.09460955 -0.03831589 -0.05000001 -0.09385818 -0.03729301 -0.04967457 -0.09354823 -0.0382393 -0.0497418 -0.09960699 -0.02205914 -0.05000001 -0.09807848 -0.01950901 -0.04779708 -0.1004666 -0.01773792 -0.05000001 -0.09875911 -0.02113682 -0.04967457 -0.0999521 -0.02070373 -0.05000001 -0.09902709 -0.02017778 -0.0497418 -0.09846478 -0.01890748 -0.04887616 -0.09820514 -0.02021259 -0.04887616 -0.09856647 -0.01960605 -0.04937535 -0.1002667 -0.01912224 -0.05000001 -0.09933024 -0.0182656 -0.04967457 -0.09921079 -0.0192542 -0.0497418 -0.1019966 -0.002202928 -0.05000001 -0.1 0 -0.04779708 -0.1019966 0.002202928 -0.05000001 -0.1009851 -0.001463711 -0.04967457 -0.1020706 -8.06234e-4 -0.05000001 -0.1010608 -4.70843e-4 -0.0497418 -0.1002615 6.65337e-4 -0.04887616 -0.1002615 -6.65336e-4 -0.04887616 -0.1004975 0 -0.04937535 -0.1020707 8.06234e-4 -0.05000001 -0.1009851 0.001463711 -0.04967457 -0.1010608 4.70843e-4 -0.0497418 -0.1004666 0.01773792 -0.05000001 -0.09807848 0.01950901 -0.04779708 -0.09960699 0.02205914 -0.05000001 -0.09933024 0.0182656 -0.04967457 -0.1002667 0.01912224 -0.05000001 -0.09921079 0.0192542 -0.0497418 -0.09820514 0.02021259 -0.04887616 -0.09846478 0.01890748 -0.04887616 -0.09856647 0.01960605 -0.04937535 -0.0999521 0.02070373 -0.05000001 -0.09875911 0.02113682 -0.04967457 -0.09902709 0.02017778 -0.0497418 -0.0950756 0.03699713 -0.05000001 -0.09238791 0.03826832 -0.04779708 -0.09338957 0.04106765 -0.05000001 -0.09385818 0.03729301 -0.04967457 -0.09460955 0.03831589 -0.05000001 -0.09354823 0.0382393 -0.0497418 -0.09237492 0.0389831 -0.04887616 -0.09288412 0.0377537 -0.04887616 -0.09284758 0.0384587 -0.04937535 -0.09399247 0.03980559 -0.05000001 -0.09273791 0.03999763 -0.04967457 -0.09318786 0.03910928 -0.0497418 -0.08603096 0.0548346 -0.05000001 -0.08314692 0.05555701 -0.04779708 -0.08358317 0.05849796 -0.05000001 -0.0847792 0.05488723 -0.04967457 -0.08531659 0.05603706 -0.05000001 -0.08429056 0.05575489 -0.0497418 -0.08299469 0.05625545 -0.04887616 -0.08373397 0.05514907 -0.04887616 -0.08356064 0.05583339 -0.04937535 -0.08442074 0.05737775 -0.05000001 -0.08315283 0.05732131 -0.04967457 -0.08376741 0.05653786 -0.0497418 -0.07368022 0.0705648 -0.05000001 -0.07071065 0.07071065 -0.04779708 -0.0705648 0.07368022 -0.05000001 -0.07244223 0.07037222 -0.04967457 -0.07274496 0.07160478 -0.05000001 -0.07179373 0.07112783 -0.0497418 -0.07042509 0.07136601 -0.04887616 -0.07136601 0.07042509 -0.04887616 -0.0710625 0.0710625 -0.04937535 -0.07160478 0.07274496 -0.05000001 -0.07037222 0.07244223 -0.04967457 -0.07112789 0.07179373 -0.0497418 -0.0584979 0.08358317 -0.05000001 -0.05555701 0.08314692 -0.04779708 -0.0548346 0.08603096 -0.05000001 -0.05732131 0.08315283 -0.04967457 -0.05737775 0.08442074 -0.05000001 -0.05653786 0.08376741 -0.0497418 -0.05514907 0.08373397 -0.04887616 -0.05625545 0.08299469 -0.04887616 -0.05583339 0.08356064 -0.04937535 -0.05603706 0.08531659 -0.05000001 -0.05488723 0.0847792 -0.04967457 -0.05575489 0.08429056 -0.0497418 -0.04106765 0.09338957 -0.05000001 -0.03826832 0.09238791 -0.04779708 -0.03699713 0.0950756 -0.05000001 -0.03999763 0.09273791 -0.04967457 -0.03980559 0.09399247 -0.05000001 -0.03910928 0.09318786 -0.0497418 -0.0377537 0.09288412 -0.04887616 -0.03898304 0.09237492 -0.04887616 -0.0384587 0.09284758 -0.04937535 -0.03831589 0.09460955 -0.05000001 -0.03729301 0.09385818 -0.04967457 -0.0382393 0.09354823 -0.0497418 -0.02205914 0.09960699 -0.05000001 -0.01950901 0.09807848 -0.04779708 -0.01773792 0.1004666 -0.05000001 -0.02113676 0.09875911 -0.04967457 -0.02070373 0.0999521 -0.05000001 -0.02017778 0.09902709 -0.0497418 -0.01890748 0.09846478 -0.04887616 -0.02021259 0.09820514 -0.04887616 -0.01960605 0.09856647 -0.04937535 -0.01912224 0.1002667 -0.05000001 -0.0182656 0.09933024 -0.04967457 -0.01925414 0.09921079 -0.0497418 -0.002202928 0.1026572 -0.05000001 0.002202928 0.1026572 -0.05000001 0 0.1049723 -0.05219995 -8.06232e-4 0.1027313 -0.05000001 -0.001539647 0.1037896 -0.05032485 -4.93306e-4 0.1038067 -0.0502578 0.001539707 0.1037896 -0.05032485 8.06236e-4 0.1027313 -0.05000001 4.9331e-4 0.1038067 -0.0502578 -7.4095e-4 0.104629 -0.05112254 7.40954e-4 0.104629 -0.05112254 0 0.1044018 -0.05062401 0.022188 0.1002549 -0.05000001 0.02047908 0.1029554 -0.05219995 0.01786679 0.1011145 -0.05000001 0.02175843 0.1014949 -0.05032485 0.02083259 0.1006 -0.05000001 0.0207355 0.1017158 -0.0502578 0.01968538 0.1027632 -0.05112254 0.02113878 0.102474 -0.05112254 0.02036774 0.1023957 -0.05062401 0.0192511 0.1009146 -0.05000001 0.01873821 0.1020957 -0.05032485 0.01976782 0.1019083 -0.0502578 0.04132044 0.09399986 -0.05000001 0.04017114 0.09698182 -0.05219995 0.03724998 0.09568589 -0.05000001 0.04114103 0.09529983 -0.05032485 0.04005843 0.09460282 -0.05000001 0.04018086 0.09571605 -0.0502578 0.03935521 0.09694814 -0.05112254 0.04072433 0.09638106 -0.05112254 0.03995281 0.09645467 -0.05062401 0.03856867 0.09521985 -0.05000001 0.03829604 0.09647828 -0.05032485 0.03926932 0.09609365 -0.0502578 0.05886495 0.08413249 -0.05000001 0.0583195 0.08728128 -0.05219995 0.05520159 0.08658021 -0.05000001 0.05894261 0.08544248 -0.05032485 0.0577448 0.08496999 -0.05000001 0.05808204 0.08603805 -0.0502578 0.0575127 0.08740752 -0.05112254 0.05874484 0.08658421 -0.05112254 0.05800253 0.08680695 -0.05062401 0.05640405 0.08586585 -0.05000001 0.05638217 0.08715331 -0.05032485 0.0572617 0.08658617 -0.0502578 0.07414734 0.07103192 -0.05000001 0.07422667 0.07422667 -0.05219995 0.07103192 0.07414734 -0.05000001 0.07447904 0.07230156 -0.05032485 0.07321208 0.0720719 -0.05000001 0.07375121 0.07305359 -0.0502578 0.07345998 0.07450783 -0.05112254 0.07450783 0.07345998 -0.05112254 0.07382321 0.07382321 -0.05062401 0.0720719 0.07321208 -0.05000001 0.07230156 0.07447904 -0.05032485 0.07305359 0.07375121 -0.0502578 0.08658021 0.05520159 -0.05000001 0.08728128 0.0583195 -0.05219995 0.08413249 0.05886495 -0.05000001 0.08715331 0.05638217 -0.05032485 0.08586585 0.05640405 -0.05000001 0.08658617 0.0572617 -0.0502578 0.08658421 0.05874484 -0.05112254 0.08740752 0.0575127 -0.05112254 0.08680695 0.05800253 -0.05062401 0.08496999 0.0577448 -0.05000001 0.08544248 0.05894261 -0.05032485 0.08603805 0.05808204 -0.0502578 0.09568589 0.03724992 -0.05000001 0.09698182 0.04017114 -0.05219995 0.09399986 0.04132044 -0.05000001 0.09647828 0.03829604 -0.05032485 0.09521985 0.03856867 -0.05000001 0.09609365 0.03926932 -0.0502578 0.09638106 0.04072433 -0.05112254 0.09694814 0.03935521 -0.05112254 0.09645467 0.03995281 -0.05062401 0.09460282 0.04005843 -0.05000001 0.09529983 0.04114103 -0.05032485 0.09571605 0.04018086 -0.0502578 0.1011145 0.01786679 -0.05000001 0.1029554 0.02047908 -0.05219995 0.1002549 0.022188 -0.05000001 0.1020957 0.01873821 -0.05032485 0.1009146 0.0192511 -0.05000001 0.1019083 0.01976782 -0.0502578 0.102474 0.02113878 -0.05112254 0.1027632 0.01968538 -0.05112254 0.1023958 0.02036774 -0.05062401 0.1006 0.02083259 -0.05000001 0.1014949 0.02175843 -0.05032485 0.1017158 0.0207355 -0.0502578 0.1026572 -0.002202928 -0.05000001 0.1049723 0 -0.05219995 0.1026572 0.002202928 -0.05000001 0.1037896 -0.001539707 -0.05032485 0.1027313 -8.06234e-4 -0.05000001 0.1038067 -4.93308e-4 -0.0502578 0.104629 7.40952e-4 -0.05112254 0.104629 -7.40952e-4 -0.05112254 0.1044018 0 -0.05062401 0.1027313 8.06234e-4 -0.05000001 0.1037896 0.001539707 -0.05032485 0.1038067 4.93308e-4 -0.0502578 0.1002549 -0.022188 -0.05000001 0.1029554 -0.02047908 -0.05219995 0.1011145 -0.01786679 -0.05000001 0.1014949 -0.02175843 -0.05032485 0.1006 -0.02083259 -0.05000001 0.1017158 -0.0207355 -0.0502578 0.1027632 -0.01968538 -0.05112254 0.102474 -0.02113878 -0.05112254 0.1023958 -0.02036774 -0.05062401 0.1009146 -0.0192511 -0.05000001 0.1020957 -0.01873821 -0.05032485 0.1019083 -0.01976782 -0.0502578 0.09399986 -0.04132044 -0.05000001 0.09698182 -0.04017114 -0.05219995 0.09568589 -0.03724992 -0.05000001 0.09529983 -0.04114103 -0.05032485 0.09460276 -0.04005843 -0.05000001 0.09571605 -0.04018086 -0.0502578 0.09694814 -0.03935521 -0.05112254 0.09638106 -0.04072433 -0.05112254 0.09645467 -0.03995281 -0.05062401 0.09521985 -0.03856867 -0.05000001 0.09647828 -0.03829604 -0.05032485 0.09609365 -0.03926932 -0.0502578 0.08413249 -0.05886495 -0.05000001 0.08728128 -0.0583195 -0.05219995 0.08658021 -0.05520159 -0.05000001 0.08544248 -0.05894261 -0.05032485 0.08496999 -0.0577448 -0.05000001 0.08603805 -0.05808204 -0.0502578 0.08740752 -0.0575127 -0.05112254 0.08658421 -0.05874484 -0.05112254 0.08680695 -0.05800253 -0.05062401 0.08586585 -0.05640411 -0.05000001 0.08715331 -0.05638217 -0.05032485 0.08658617 -0.0572617 -0.0502578 0.07103192 -0.07414734 -0.05000001 0.07422667 -0.07422667 -0.05219995 0.07414734 -0.07103192 -0.05000001 0.07230156 -0.07447904 -0.05032485 0.0720719 -0.07321208 -0.05000001 0.07305359 -0.07375121 -0.0502578 0.07450783 -0.07345998 -0.05112254 0.07345998 -0.07450783 -0.05112254 0.07382321 -0.07382321 -0.05062401 0.07321208 -0.0720719 -0.05000001 0.07447904 -0.07230156 -0.05032485 0.07375121 -0.07305359 -0.0502578 0.05520159 -0.08658021 -0.05000001 0.0583195 -0.08728128 -0.05219995 0.05886495 -0.08413249 -0.05000001 0.05638217 -0.08715331 -0.05032485 0.05640405 -0.08586585 -0.05000001 0.0572617 -0.08658617 -0.0502578 0.05874484 -0.08658421 -0.05112254 0.0575127 -0.08740752 -0.05112254 0.05800253 -0.08680695 -0.05062401 0.0577448 -0.08496999 -0.05000001 0.05894261 -0.08544248 -0.05032485 0.05808204 -0.08603805 -0.0502578 0.03724998 -0.09568589 -0.05000001 0.04017114 -0.09698182 -0.05219995 0.04132044 -0.09399986 -0.05000001 0.03829604 -0.09647828 -0.05032485 0.03856867 -0.09521985 -0.05000001 0.03926932 -0.09609365 -0.0502578 0.04072433 -0.09638106 -0.05112254 0.03935521 -0.09694814 -0.05112254 0.03995281 -0.09645467 -0.05062401 0.04005843 -0.09460282 -0.05000001 0.04114103 -0.09529983 -0.05032485 0.04018086 -0.09571605 -0.0502578 0.01786679 -0.1011145 -0.05000001 0.02047908 -0.1029554 -0.05219995 0.022188 -0.1002549 -0.05000001 0.01873821 -0.1020957 -0.05032485 0.0192511 -0.1009146 -0.05000001 0.01976782 -0.1019083 -0.0502578 0.02113878 -0.102474 -0.05112254 0.01968538 -0.1027632 -0.05112254 0.02036774 -0.1023958 -0.05062401 0.02083259 -0.1006 -0.05000001 0.02175843 -0.1014949 -0.05032485 0.0207355 -0.1017158 -0.0502578 -0.002202928 -0.1026572 -0.05000001 0 -0.1049723 -0.05219995 0.002202928 -0.1026572 -0.05000001 -0.001539647 -0.1037896 -0.05032485 -8.06232e-4 -0.1027313 -0.05000001 -4.93306e-4 -0.1038067 -0.0502578 7.40954e-4 -0.104629 -0.05112254 -7.4095e-4 -0.104629 -0.05112254 0 -0.1044018 -0.05062401 8.06236e-4 -0.1027313 -0.05000001 0.001539707 -0.1037896 -0.05032485 4.9331e-4 -0.1038067 -0.0502578 -0.022188 -0.1002549 -0.05000001 -0.02047908 -0.1029554 -0.05219995 -0.01786679 -0.1011145 -0.05000001 -0.02175843 -0.1014949 -0.05032485 -0.02083259 -0.1006 -0.05000001 -0.0207355 -0.1017158 -0.0502578 -0.01968538 -0.1027632 -0.05112254 -0.02113878 -0.102474 -0.05112254 -0.02036774 -0.1023957 -0.05062401 -0.0192511 -0.1009146 -0.05000001 -0.01873821 -0.1020957 -0.05032485 -0.01976782 -0.1019083 -0.0502578 -0.04132044 -0.09399986 -0.05000001 -0.04017114 -0.09698182 -0.05219995 -0.03724992 -0.09568589 -0.05000001 -0.04114103 -0.09529983 -0.05032485 -0.04005843 -0.09460276 -0.05000001 -0.04018086 -0.09571605 -0.0502578 -0.03935521 -0.09694814 -0.05112254 -0.04072433 -0.09638106 -0.05112254 -0.03995281 -0.09645467 -0.05062401 -0.03856867 -0.09521985 -0.05000001 -0.03829604 -0.09647828 -0.05032485 -0.03926932 -0.09609365 -0.0502578 -0.05886495 -0.08413249 -0.05000001 -0.0583195 -0.08728128 -0.05219995 -0.05520159 -0.08658021 -0.05000001 -0.05894261 -0.08544248 -0.05032485 -0.0577448 -0.08496999 -0.05000001 -0.05808204 -0.08603805 -0.0502578 -0.0575127 -0.08740752 -0.05112254 -0.05874484 -0.08658421 -0.05112254 -0.05800253 -0.08680695 -0.05062401 -0.05640405 -0.08586585 -0.05000001 -0.05638217 -0.08715331 -0.05032485 -0.0572617 -0.08658617 -0.0502578 -0.07414734 -0.07103192 -0.05000001 -0.07422667 -0.07422667 -0.05219995 -0.07103192 -0.07414734 -0.05000001 -0.07447904 -0.07230156 -0.05032485 -0.07321208 -0.0720719 -0.05000001 -0.07375121 -0.07305359 -0.0502578 -0.07345998 -0.07450783 -0.05112254 -0.07450783 -0.07345998 -0.05112254 -0.07382321 -0.07382321 -0.05062401 -0.0720719 -0.07321208 -0.05000001 -0.07230156 -0.07447904 -0.05032485 -0.07305359 -0.07375121 -0.0502578 -0.08658021 -0.05520159 -0.05000001 -0.08728128 -0.0583195 -0.05219995 -0.08413249 -0.05886495 -0.05000001 -0.08715331 -0.05638217 -0.05032485 -0.08586585 -0.05640405 -0.05000001 -0.08658617 -0.0572617 -0.0502578 -0.08658421 -0.05874484 -0.05112254 -0.08740752 -0.0575127 -0.05112254 -0.08680695 -0.05800253 -0.05062401 -0.08496999 -0.0577448 -0.05000001 -0.08544248 -0.05894261 -0.05032485 -0.08603805 -0.05808204 -0.0502578 -0.09568589 -0.03724992 -0.05000001 -0.09698182 -0.04017114 -0.05219995 -0.09399986 -0.04132044 -0.05000001 -0.09647828 -0.03829604 -0.05032485 -0.09521985 -0.03856867 -0.05000001 -0.09609365 -0.03926932 -0.0502578 -0.09638106 -0.04072433 -0.05112254 -0.09694814 -0.03935521 -0.05112254 -0.09645467 -0.03995281 -0.05062401 -0.09460282 -0.04005843 -0.05000001 -0.09529983 -0.04114103 -0.05032485 -0.09571605 -0.04018086 -0.0502578 -0.1011145 -0.01786679 -0.05000001 -0.1029554 -0.02047908 -0.05219995 -0.1002549 -0.022188 -0.05000001 -0.1020957 -0.01873821 -0.05032485 -0.1009146 -0.0192511 -0.05000001 -0.1019083 -0.01976782 -0.0502578 -0.102474 -0.02113878 -0.05112254 -0.1027632 -0.01968538 -0.05112254 -0.1023958 -0.02036774 -0.05062401 -0.1006 -0.02083259 -0.05000001 -0.1014949 -0.02175843 -0.05032485 -0.1017158 -0.0207355 -0.0502578 -0.1026572 0.002202928 -0.05000001 -0.1049723 0 -0.05219995 -0.1026572 -0.002202928 -0.05000001 -0.1037896 0.001539707 -0.05032485 -0.1027313 8.06234e-4 -0.05000001 -0.1038067 4.93308e-4 -0.0502578 -0.104629 -7.40952e-4 -0.05112254 -0.104629 7.40952e-4 -0.05112254 -0.1044018 0 -0.05062401 -0.1027313 -8.06234e-4 -0.05000001 -0.1037896 -0.001539707 -0.05032485 -0.1038067 -4.93308e-4 -0.0502578 -0.1002549 0.022188 -0.05000001 -0.1029554 0.02047908 -0.05219995 -0.1011145 0.01786679 -0.05000001 -0.1014949 0.02175843 -0.05032485 -0.1006 0.02083259 -0.05000001 -0.1017158 0.0207355 -0.0502578 -0.1027632 0.01968538 -0.05112254 -0.102474 0.02113878 -0.05112254 -0.1023958 0.02036774 -0.05062401 -0.1009146 0.0192511 -0.05000001 -0.1020957 0.01873821 -0.05032485 -0.1019083 0.01976782 -0.0502578 -0.09399986 0.04132044 -0.05000001 -0.09698182 0.04017114 -0.05219995 -0.09568589 0.03724992 -0.05000001 -0.09529983 0.04114103 -0.05032485 -0.09460276 0.04005843 -0.05000001 -0.09571605 0.04018086 -0.0502578 -0.09694814 0.03935521 -0.05112254 -0.09638106 0.04072433 -0.05112254 -0.09645467 0.03995281 -0.05062401 -0.09521985 0.03856867 -0.05000001 -0.09647828 0.03829604 -0.05032485 -0.09609365 0.03926932 -0.0502578 -0.08413249 0.05886495 -0.05000001 -0.08728128 0.0583195 -0.05219995 -0.08658021 0.05520159 -0.05000001 -0.08544248 0.05894261 -0.05032485 -0.08496999 0.0577448 -0.05000001 -0.08603805 0.05808204 -0.0502578 -0.08740752 0.0575127 -0.05112254 -0.08658421 0.05874484 -0.05112254 -0.08680695 0.05800253 -0.05062401 -0.08586585 0.05640411 -0.05000001 -0.08715331 0.05638217 -0.05032485 -0.08658617 0.0572617 -0.0502578 -0.07103192 0.07414734 -0.05000001 -0.07422667 0.07422667 -0.05219995 -0.07414734 0.07103192 -0.05000001 -0.07230156 0.07447904 -0.05032485 -0.0720719 0.07321208 -0.05000001 -0.07305359 0.07375121 -0.0502578 -0.07450783 0.07345998 -0.05112254 -0.07345998 0.07450783 -0.05112254 -0.07382321 0.07382321 -0.05062401 -0.07321208 0.0720719 -0.05000001 -0.07447904 0.07230156 -0.05032485 -0.07375121 0.07305359 -0.0502578 -0.05520159 0.08658021 -0.05000001 -0.0583195 0.08728128 -0.05219995 -0.05886495 0.08413249 -0.05000001 -0.05638217 0.08715331 -0.05032485 -0.05640405 0.08586585 -0.05000001 -0.0572617 0.08658617 -0.0502578 -0.05874484 0.08658421 -0.05112254 -0.0575127 0.08740752 -0.05112254 -0.05800253 0.08680695 -0.05062401 -0.0577448 0.08496999 -0.05000001 -0.05894261 0.08544248 -0.05032485 -0.05808204 0.08603799 -0.0502578 -0.03724992 0.09568589 -0.05000001 -0.04017114 0.09698182 -0.05219995 -0.04132044 0.09399986 -0.05000001 -0.03829604 0.09647828 -0.05032485 -0.03856867 0.09521985 -0.05000001 -0.03926932 0.09609365 -0.0502578 -0.04072433 0.09638106 -0.05112254 -0.03935521 0.09694814 -0.05112254 -0.03995281 0.09645467 -0.05062401 -0.04005843 0.09460282 -0.05000001 -0.04114103 0.09529983 -0.05032485 -0.04018086 0.09571605 -0.0502578 -0.01786679 0.1011145 -0.05000001 -0.02047908 0.1029554 -0.05219995 -0.022188 0.1002549 -0.05000001 -0.01873821 0.1020957 -0.05032485 -0.0192511 0.1009146 -0.05000001 -0.01976782 0.1019083 -0.0502578 -0.02113878 0.102474 -0.05112254 -0.01968538 0.1027632 -0.05112254 -0.02036774 0.1023958 -0.05062401 -0.02083259 0.1006 -0.05000001 -0.02175843 0.1014949 -0.05032485 -0.0207355 0.1017158 -0.0502578 0 0.1 0.04597443 0 0.09795588 0.05347365 0 0.09972614 0.04845255 0 0.09897792 0.05119746 0.0191102 0.09607362 0.05347365 0.01950901 0.09807848 0.04597443 0.01930963 0.09707611 0.05119746 0.01945561 0.09780991 0.04845255 0.03748607 0.0904994 0.05347365 0.03826832 0.09238791 0.04597443 0.0378772 0.09144365 0.05119746 0.03816354 0.09213489 0.04845255 0.05442136 0.0814473 0.05347365 0.05555701 0.08314692 0.04597443 0.05498915 0.08229714 0.05119746 0.05540484 0.08291923 0.04845255 0.06926524 0.06926524 0.05347365 0.07071065 0.07071065 0.04597443 0.06998795 0.06998795 0.05119746 0.070517 0.070517 0.04845255 0.0814473 0.05442136 0.05347365 0.08314692 0.05555701 0.04597443 0.08229714 0.05498915 0.05119746 0.08291923 0.05540484 0.04845255 0.0904994 0.03748607 0.05347365 0.09238791 0.03826832 0.04597443 0.09144365 0.0378772 0.05119746 0.09213489 0.03816354 0.04845255 0.09607362 0.0191102 0.05347365 0.09807848 0.01950901 0.04597443 0.09707611 0.01930963 0.05119746 0.09780991 0.01945561 0.04845255 0.09795588 0 0.05347365 0.1 0 0.04597443 0.09897792 0 0.05119746 0.09972614 0 0.04845255 0.09607362 -0.0191102 0.05347365 0.09807848 -0.01950901 0.04597443 0.09707611 -0.01930963 0.05119746 0.09780991 -0.01945561 0.04845255 0.0904994 -0.03748607 0.05347365 0.09238791 -0.03826832 0.04597443 0.09144365 -0.0378772 0.05119746 0.09213489 -0.03816354 0.04845255 0.0814473 -0.05442136 0.05347365 0.08314692 -0.05555701 0.04597443 0.08229714 -0.05498915 0.05119746 0.08291923 -0.05540484 0.04845255 0.06926524 -0.06926524 0.05347365 0.07071065 -0.07071065 0.04597443 0.06998795 -0.06998795 0.05119746 0.070517 -0.070517 0.04845255 0.05442136 -0.0814473 0.05347365 0.05555701 -0.08314692 0.04597443 0.05498915 -0.08229714 0.05119746 0.05540484 -0.08291923 0.04845255 0.03748607 -0.0904994 0.05347365 0.03826832 -0.09238791 0.04597443 0.0378772 -0.09144365 0.05119746 0.03816354 -0.09213489 0.04845255 0.0191102 -0.09607362 0.05347365 0.01950901 -0.09807848 0.04597443 0.01930963 -0.09707611 0.05119746 0.01945561 -0.09780991 0.04845255 0 -0.09795588 0.05347365 0 -0.1 0.04597443 0 -0.09897792 0.05119746 0 -0.09972614 0.04845255 -0.0191102 -0.09607362 0.05347365 -0.01950901 -0.09807848 0.04597443 -0.01930963 -0.09707611 0.05119746 -0.01945561 -0.09780991 0.04845255 -0.03748607 -0.0904994 0.05347365 -0.03826832 -0.09238791 0.04597443 -0.0378772 -0.09144365 0.05119746 -0.03816354 -0.09213489 0.04845255 -0.05442136 -0.0814473 0.05347365 -0.05555701 -0.08314692 0.04597443 -0.05498915 -0.08229714 0.05119746 -0.05540484 -0.08291923 0.04845255 -0.06926524 -0.06926524 0.05347365 -0.07071065 -0.07071065 0.04597443 -0.06998795 -0.06998795 0.05119746 -0.070517 -0.070517 0.04845255 -0.0814473 -0.05442136 0.05347365 -0.08314692 -0.05555701 0.04597443 -0.08229714 -0.05498915 0.05119746 -0.08291923 -0.05540484 0.04845255 -0.0904994 -0.03748607 0.05347365 -0.09238791 -0.03826832 0.04597443 -0.09144365 -0.0378772 0.05119746 -0.09213489 -0.03816354 0.04845255 -0.09607362 -0.0191102 0.05347365 -0.09807848 -0.01950901 0.04597443 -0.09707611 -0.01930963 0.05119746 -0.09780991 -0.01945561 0.04845255 -0.09795588 0 0.05347365 -0.1 0 0.04597443 -0.09897792 0 0.05119746 -0.09972614 0 0.04845255 -0.09607362 0.0191102 0.05347365 -0.09807848 0.01950901 0.04597443 -0.09707611 0.01930963 0.05119746 -0.09780991 0.01945561 0.04845255 -0.0904994 0.03748607 0.05347365 -0.09238791 0.03826832 0.04597443 -0.09144365 0.0378772 0.05119746 -0.09213489 0.03816354 0.04845255 -0.0814473 0.05442136 0.05347365 -0.08314692 0.05555701 0.04597443 -0.08229714 0.05498915 0.05119746 -0.08291923 0.05540484 0.04845255 -0.06926524 0.06926524 0.05347365 -0.07071065 0.07071065 0.04597443 -0.06998795 0.06998795 0.05119746 -0.070517 0.070517 0.04845255 -0.05442136 0.0814473 0.05347365 -0.05555701 0.08314692 0.04597443 -0.05498915 0.08229714 0.05119746 -0.05540484 0.08291923 0.04845255 -0.03748607 0.0904994 0.05347365 -0.03826832 0.09238791 0.04597443 -0.0378772 0.09144365 0.05119746 -0.03816354 0.09213489 0.04845255 -0.0191102 0.09607362 0.05347365 -0.01950901 0.09807848 0.04597443 -0.01930963 0.09707611 0.05119746 -0.01945561 0.09780991 0.04845255 0 0.04231721 0.1480236 0 0.03885281 0.1499999 0 0.04142737 0.1490117 0 0.04015934 0.1497351 0.007579803 0.03810626 0.1499999 0.00825566 0.04150408 0.1480236 0.007834672 0.0393877 0.1497351 0.008082032 0.04063135 0.1490117 0.01486831 0.03589534 0.1499999 0.0161941 0.03909599 0.1480236 0.01536828 0.0371024 0.1497351 0.01585358 0.03827393 0.1490117 0.02158546 0.03230494 0.1499999 0.02351015 0.03518545 0.1480236 0.02231132 0.03339123 0.1497351 0.02301579 0.03444558 0.1490117 0.02747309 0.02747309 0.1499999 0.02992278 0.02992278 0.1480236 0.0283969 0.0283969 0.1497351 0.02929359 0.02929359 0.1490117 0.03230494 0.02158546 0.1499999 0.03518545 0.02351015 0.1480236 0.03339123 0.02231132 0.1497351 0.03444558 0.02301579 0.1490117 0.03589534 0.01486831 0.1499999 0.03909599 0.0161941 0.1480236 0.0371024 0.01536828 0.1497351 0.03827393 0.01585358 0.1490117 0.03810626 0.007579803 0.1499999 0.04150408 0.00825566 0.1480236 0.0393877 0.007834672 0.1497351 0.04063135 0.008082032 0.1490117 0.03885281 0 0.1499999 0.04231721 0 0.1480236 0.04015934 0 0.1497351 0.04142737 0 0.1490117 0.03810626 -0.007579803 0.1499999 0.04150408 -0.00825566 0.1480236 0.0393877 -0.007834672 0.1497351 0.04063135 -0.008082032 0.1490117 0.03589534 -0.01486831 0.1499999 0.03909599 -0.0161941 0.1480236 0.0371024 -0.01536828 0.1497351 0.03827393 -0.01585358 0.1490117 0.03230494 -0.02158546 0.1499999 0.03518545 -0.02351015 0.1480236 0.03339123 -0.02231132 0.1497351 0.03444558 -0.02301579 0.1490117 0.02747309 -0.02747309 0.1499999 0.02992278 -0.02992278 0.1480236 0.0283969 -0.0283969 0.1497351 0.02929359 -0.02929359 0.1490117 0.02158546 -0.03230494 0.1499999 0.02351015 -0.03518545 0.1480236 0.02231132 -0.03339123 0.1497351 0.02301579 -0.03444558 0.1490117 0.01486831 -0.03589534 0.1499999 0.0161941 -0.03909599 0.1480236 0.01536828 -0.0371024 0.1497351 0.01585358 -0.03827393 0.1490117 0.007579803 -0.03810626 0.1499999 0.00825566 -0.04150408 0.1480236 0.007834672 -0.0393877 0.1497351 0.008082032 -0.04063135 0.1490117 0 -0.03885281 0.1499999 0 -0.04231721 0.1480236 0 -0.04015934 0.1497351 0 -0.04142737 0.1490117 -0.007579803 -0.03810626 0.1499999 -0.00825566 -0.04150408 0.1480236 -0.007834672 -0.0393877 0.1497351 -0.008082032 -0.04063135 0.1490117 -0.01486831 -0.03589534 0.1499999 -0.0161941 -0.03909599 0.1480236 -0.01536828 -0.0371024 0.1497351 -0.01585358 -0.03827393 0.1490117 -0.02158546 -0.03230494 0.1499999 -0.02351015 -0.03518545 0.1480236 -0.02231132 -0.03339123 0.1497351 -0.02301579 -0.03444558 0.1490117 -0.02747309 -0.02747309 0.1499999 -0.02992278 -0.02992278 0.1480236 -0.0283969 -0.0283969 0.1497351 -0.02929359 -0.02929359 0.1490117 -0.03230494 -0.02158546 0.1499999 -0.03518545 -0.02351015 0.1480236 -0.03339123 -0.02231132 0.1497351 -0.03444558 -0.02301579 0.1490117 -0.03589534 -0.01486831 0.1499999 -0.03909599 -0.0161941 0.1480236 -0.0371024 -0.01536828 0.1497351 -0.03827393 -0.01585358 0.1490117 -0.03810626 -0.007579803 0.1499999 -0.04150408 -0.00825566 0.1480236 -0.0393877 -0.007834672 0.1497351 -0.04063135 -0.008082032 0.1490117 -0.03885281 0 0.1499999 -0.04231721 0 0.1480236 -0.04015934 0 0.1497351 -0.04142737 0 0.1490117 -0.03810626 0.007579803 0.1499999 -0.04150408 0.00825566 0.1480236 -0.0393877 0.007834672 0.1497351 -0.04063135 0.008082032 0.1490117 -0.03589534 0.01486831 0.1499999 -0.03909599 0.0161941 0.1480236 -0.0371024 0.01536828 0.1497351 -0.03827393 0.01585358 0.1490117 -0.03230494 0.02158546 0.1499999 -0.03518545 0.02351015 0.1480236 -0.03339123 0.02231132 0.1497351 -0.03444558 0.02301579 0.1490117 -0.02747309 0.02747309 0.1499999 -0.02992278 0.02992278 0.1480236 -0.0283969 0.0283969 0.1497351 -0.02929359 0.02929359 0.1490117 -0.02158546 0.03230494 0.1499999 -0.02351015 0.03518545 0.1480236 -0.02231132 0.03339123 0.1497351 -0.02301579 0.03444558 0.1490117 -0.01486831 0.03589534 0.1499999 -0.0161941 0.03909599 0.1480236 -0.01536828 0.0371024 0.1497351 -0.01585358 0.03827393 0.1490117 -0.007579803 0.03810626 0.1499999 -0.00825566 0.04150408 0.1480236 -0.007834672 0.0393877 0.1497351 -0.008082032 0.04063135 0.1490117 0 0.09015625 -0.07260775 -0.003776013 0.09357863 -0.07638382 0.003776013 0.09357863 -0.07638382 -0.001140415 0.09060442 -0.07445746 0.001140415 0.09060442 -0.07445746 0 0.09100908 -0.07531309 -0.001381933 0.09370559 -0.07638382 -0.002508938 0.09184479 -0.07582598 -8.07062e-4 0.09197461 -0.07594126 0.002508938 0.09184479 -0.07582598 0.001381933 0.09370559 -0.07638382 8.07066e-4 0.09197461 -0.07594126 0.01455277 0.09251719 -0.07638382 0.02195972 0.09104388 -0.07638382 0.01758861 0.0884239 -0.07260775 0.01692563 0.09217464 -0.07638382 0.01545727 0.09056949 -0.07582598 0.01715177 0.09036481 -0.07594126 0.02037876 0.08959054 -0.07582598 0.01963645 0.09163546 -0.07638382 0.01873487 0.09004992 -0.07594126 0.01655751 0.08908599 -0.07445746 0.01879453 0.08864098 -0.07445746 0.01775497 0.08926033 -0.07531309 0.0323224 0.0879004 -0.07638382 0.03929954 0.08501034 -0.07638382 0.03450131 0.08329349 -0.07260775 0.03458279 0.08710151 -0.07638382 0.03282952 0.08581364 -0.07582598 0.03445154 0.08528232 -0.07594126 0.03746545 0.08389335 -0.07582598 0.03713631 0.08604383 -0.07638382 0.03594279 0.08466458 -0.07594126 0.03361916 0.08414399 -0.07445746 0.03572642 0.08327114 -0.07445746 0.03482764 0.08408141 -0.07531309 0.04884982 0.07990562 -0.07638382 0.05512911 0.07570993 -0.07638382 0.0500881 0.07496213 -0.07260775 0.05091094 0.07868111 -0.07638382 0.04894012 0.07776004 -0.07582598 0.05042731 0.07692247 -0.07594126 0.05311232 0.07497221 -0.07582598 0.05320906 0.07714557 -0.07638382 0.05176937 0.07602572 -0.07594126 0.04938888 0.07596844 -0.07445746 0.05128538 0.07470124 -0.07445746 0.0505619 0.07567125 -0.07531309 0.06350004 0.06884014 -0.07638382 0.06884014 0.06350004 -0.07638382 0.06375008 0.06375008 -0.07260775 0.06528264 0.06723701 -0.07638382 0.06316995 0.06671816 -0.07582598 0.06446522 0.06560653 -0.07594126 0.06671816 0.06316995 -0.07582598 0.06723701 0.06528264 -0.07638382 0.06560653 0.06446516 -0.07594126 0.06326061 0.06487339 -0.07445746 0.06487339 0.06326061 -0.07445746 0.0643531 0.0643531 -0.07531309 0.07570993 0.05512911 -0.07638382 0.07990562 0.04884982 -0.07638382 0.07496213 0.0500881 -0.07260775 0.07714557 0.05320906 -0.07638382 0.07497221 0.05311232 -0.07582598 0.07602572 0.05176937 -0.07594126 0.07776004 0.04894012 -0.07582598 0.07868111 0.05091094 -0.07638382 0.07692247 0.05042731 -0.07594126 0.07470124 0.05128538 -0.07445746 0.07596844 0.04938888 -0.07445746 0.07567125 0.0505619 -0.07531309 0.08501034 0.03929954 -0.07638382 0.0879004 0.0323224 -0.07638382 0.08329349 0.03450125 -0.07260775 0.08604383 0.03713631 -0.07638382 0.08389335 0.03746545 -0.07582598 0.08466464 0.03594279 -0.07594126 0.08581364 0.03282952 -0.07582598 0.08710151 0.03458279 -0.07638382 0.08528232 0.03445154 -0.07594126 0.08327114 0.03572642 -0.07445746 0.08414399 0.03361916 -0.07445746 0.08408141 0.03482764 -0.07531309 0.09104388 0.02195972 -0.07638382 0.09251719 0.01455277 -0.07638382 0.0884239 0.01758861 -0.07260775 0.09163546 0.01963645 -0.07638376 0.08959054 0.02037876 -0.07582598 0.09004992 0.01873487 -0.07594126 0.09056949 0.01545727 -0.07582598 0.09217464 0.01692563 -0.07638382 0.09036481 0.01715177 -0.07594126 0.08864098 0.01879453 -0.07445746 0.08908599 0.01655751 -0.07445746 0.08926033 0.01775497 -0.07531309 0.09357863 0.003776013 -0.07638382 0.09357863 -0.003776013 -0.07638382 0.09015625 0 -0.07260775 0.09370559 0.001381933 -0.07638382 0.09184479 0.002508938 -0.07582598 0.09197461 8.07064e-4 -0.0759412 0.09184479 -0.002508938 -0.07582598 0.09370559 -0.001381933 -0.07638382 0.09197461 -8.07064e-4 -0.07594126 0.09060442 0.001140415 -0.07445746 0.09060442 -0.001140415 -0.07445746 0.09100908 0 -0.07531309 0.09251719 -0.01455277 -0.07638382 0.09104388 -0.02195972 -0.07638382 0.0884239 -0.01758861 -0.07260775 0.09217464 -0.01692563 -0.07638382 0.09056949 -0.01545727 -0.07582598 0.09036481 -0.01715177 -0.07594126 0.08959054 -0.02037876 -0.07582598 0.09163546 -0.01963645 -0.07638382 0.09004992 -0.01873487 -0.07594126 0.08908599 -0.01655751 -0.07445746 0.08864098 -0.01879453 -0.07445746 0.08926033 -0.01775497 -0.07531309 0.0879004 -0.0323224 -0.07638382 0.08501034 -0.03929954 -0.07638382 0.08329349 -0.03450125 -0.07260775 0.08710151 -0.03458279 -0.07638382 0.08581364 -0.03282952 -0.07582598 0.08528232 -0.03445154 -0.07594126 0.08389335 -0.03746545 -0.07582598 0.08604383 -0.03713631 -0.07638382 0.08466464 -0.03594279 -0.0759412 0.08414399 -0.03361916 -0.07445746 0.08327114 -0.03572642 -0.07445746 0.08408141 -0.03482764 -0.07531309 0.07990562 -0.04884982 -0.07638382 0.07570993 -0.05512911 -0.07638382 0.07496213 -0.0500881 -0.07260775 0.07868111 -0.05091094 -0.07638382 0.07776004 -0.04894012 -0.07582598 0.07692247 -0.05042731 -0.07594126 0.07497221 -0.05311232 -0.07582598 0.07714557 -0.05320906 -0.07638382 0.07602572 -0.05176937 -0.07594126 0.07596844 -0.04938888 -0.07445746 0.07470124 -0.05128538 -0.07445746 0.07567125 -0.0505619 -0.07531309 0.06884014 -0.06350004 -0.07638382 0.06350004 -0.06884014 -0.07638382 0.06375008 -0.06375008 -0.07260775 0.06723701 -0.0652827 -0.07638382 0.06671816 -0.06316995 -0.07582598 0.06560653 -0.06446522 -0.07594126 0.06316995 -0.06671816 -0.07582598 0.06528264 -0.06723707 -0.07638382 0.06446522 -0.06560659 -0.07594126 0.06487339 -0.06326061 -0.07445746 0.06326061 -0.06487339 -0.07445746 0.0643531 -0.0643531 -0.07531309 0.05512911 -0.07570993 -0.07638382 0.04884982 -0.07990562 -0.07638382 0.0500881 -0.07496213 -0.07260775 0.05320906 -0.07714557 -0.07638382 0.05311232 -0.07497221 -0.07582598 0.05176937 -0.07602572 -0.07594126 0.04894012 -0.07776004 -0.07582598 0.050911 -0.07868111 -0.07638382 0.05042731 -0.07692247 -0.07594126 0.05128538 -0.07470124 -0.07445746 0.04938888 -0.07596838 -0.07445746 0.0505619 -0.07567125 -0.07531309 0.03929954 -0.08501034 -0.07638382 0.0323224 -0.0879004 -0.07638382 0.03450131 -0.08329349 -0.07260775 0.03713631 -0.08604383 -0.07638376 0.03746545 -0.08389335 -0.07582598 0.03594279 -0.08466458 -0.07594126 0.03282952 -0.08581364 -0.07582598 0.03458279 -0.08710151 -0.07638382 0.03445154 -0.08528232 -0.07594126 0.03572642 -0.08327114 -0.07445746 0.03361916 -0.08414399 -0.07445746 0.03482764 -0.08408141 -0.07531309 0.02195972 -0.09104388 -0.07638382 0.01455277 -0.09251719 -0.07638382 0.01758861 -0.0884239 -0.07260775 0.01963645 -0.09163546 -0.07638382 0.02037876 -0.08959054 -0.07582598 0.01873487 -0.09004992 -0.07594126 0.01545727 -0.09056949 -0.07582598 0.01692563 -0.09217464 -0.07638382 0.01715177 -0.09036481 -0.07594126 0.01879453 -0.08864098 -0.07445746 0.01655751 -0.08908599 -0.07445746 0.01775497 -0.08926033 -0.07531309 0.003776013 -0.09357863 -0.07638382 -0.003776013 -0.09357863 -0.07638382 0 -0.09015625 -0.07260775 0.001381933 -0.09370559 -0.07638382 0.002508938 -0.09184479 -0.07582598 8.07066e-4 -0.09197461 -0.07594126 -0.002508938 -0.09184479 -0.07582598 -0.001381933 -0.09370559 -0.07638382 -8.07062e-4 -0.09197461 -0.07594126 0.001140415 -0.09060442 -0.07445746 -0.001140415 -0.09060442 -0.07445746 0 -0.09100908 -0.07531309 -0.01455277 -0.09251719 -0.07638382 -0.02195972 -0.09104388 -0.07638382 -0.01758861 -0.0884239 -0.07260775 -0.01692563 -0.09217464 -0.07638382 -0.01545727 -0.09056949 -0.07582598 -0.01715177 -0.09036481 -0.07594126 -0.02037876 -0.08959054 -0.07582598 -0.01963645 -0.09163546 -0.07638382 -0.01873487 -0.09004992 -0.07594126 -0.01655751 -0.08908599 -0.07445746 -0.01879453 -0.08864098 -0.07445746 -0.01775497 -0.08926033 -0.07531309 -0.0323224 -0.0879004 -0.07638382 -0.03929954 -0.08501034 -0.07638382 -0.03450125 -0.08329349 -0.07260775 -0.03458279 -0.08710151 -0.07638382 -0.03282946 -0.08581364 -0.07582598 -0.03445148 -0.08528232 -0.07594126 -0.03746539 -0.08389335 -0.07582598 -0.03713631 -0.08604383 -0.07638382 -0.03594279 -0.08466458 -0.07594126 -0.03361916 -0.08414399 -0.07445746 -0.03572642 -0.08327114 -0.07445746 -0.03482764 -0.08408141 -0.07531309 -0.04884982 -0.07990562 -0.07638382 -0.05512911 -0.07570993 -0.07638382 -0.0500881 -0.07496213 -0.07260775 -0.05091094 -0.07868111 -0.07638382 -0.04894012 -0.07776004 -0.07582598 -0.05042731 -0.07692247 -0.07594126 -0.05311232 -0.07497221 -0.07582598 -0.05320906 -0.07714557 -0.07638382 -0.05176937 -0.07602572 -0.07594126 -0.04938888 -0.07596844 -0.07445746 -0.05128538 -0.07470124 -0.07445746 -0.0505619 -0.07567125 -0.07531309 -0.06350004 -0.06884014 -0.07638382 -0.06884014 -0.06350004 -0.07638382 -0.06375008 -0.06375008 -0.07260775 -0.06528264 -0.06723701 -0.07638382 -0.06316995 -0.06671816 -0.07582598 -0.06446516 -0.06560653 -0.07594126 -0.06671816 -0.06316995 -0.07582598 -0.06723701 -0.06528264 -0.07638382 -0.06560653 -0.06446516 -0.07594126 -0.06326061 -0.06487339 -0.07445746 -0.06487339 -0.06326061 -0.07445746 -0.0643531 -0.0643531 -0.07531309 -0.07570993 -0.05512911 -0.07638382 -0.07990562 -0.04884982 -0.07638382 -0.07496213 -0.0500881 -0.07260775 -0.07714557 -0.05320906 -0.07638382 -0.07497221 -0.05311232 -0.07582598 -0.07602572 -0.05176937 -0.07594126 -0.07776004 -0.04894012 -0.07582598 -0.07868111 -0.05091094 -0.07638382 -0.07692247 -0.05042731 -0.07594126 -0.07470124 -0.05128538 -0.07445746 -0.07596844 -0.04938888 -0.07445746 -0.07567125 -0.0505619 -0.07531309 -0.08501034 -0.03929954 -0.07638382 -0.0879004 -0.0323224 -0.07638382 -0.08329349 -0.03450125 -0.07260775 -0.08604383 -0.03713631 -0.07638382 -0.08389335 -0.03746545 -0.07582598 -0.08466464 -0.03594279 -0.07594126 -0.08581364 -0.03282952 -0.07582598 -0.08710151 -0.03458279 -0.07638382 -0.08528232 -0.03445154 -0.07594126 -0.08327114 -0.03572642 -0.07445746 -0.08414399 -0.03361916 -0.07445746 -0.08408141 -0.03482764 -0.07531309 -0.09104388 -0.02195972 -0.07638382 -0.09251719 -0.01455277 -0.07638382 -0.0884239 -0.01758861 -0.07260775 -0.09163546 -0.01963645 -0.07638376 -0.08959054 -0.02037876 -0.07582598 -0.09004992 -0.01873487 -0.07594126 -0.09056949 -0.01545727 -0.07582598 -0.09217464 -0.01692563 -0.07638382 -0.09036481 -0.01715177 -0.07594126 -0.08864098 -0.01879453 -0.07445746 -0.08908599 -0.01655751 -0.07445746 -0.08926033 -0.01775497 -0.07531309 -0.09357863 -0.003776013 -0.07638382 -0.09357863 0.003776013 -0.07638382 -0.09015625 0 -0.07260775 -0.09370559 -0.001381933 -0.07638382 -0.09184479 -0.002508938 -0.07582598 -0.09197461 -8.07064e-4 -0.0759412 -0.09184479 0.002508938 -0.07582598 -0.09370559 0.001381933 -0.07638382 -0.09197461 8.07064e-4 -0.07594126 -0.09060442 -0.001140415 -0.07445746 -0.09060442 0.001140415 -0.07445746 -0.09100908 0 -0.07531309 -0.09251719 0.01455277 -0.07638382 -0.09104388 0.02195972 -0.07638382 -0.0884239 0.01758861 -0.07260775 -0.09217464 0.01692563 -0.07638382 -0.09056949 0.01545727 -0.07582598 -0.09036481 0.01715177 -0.07594126 -0.08959054 0.02037876 -0.07582598 -0.09163546 0.01963645 -0.07638382 -0.09004992 0.01873487 -0.07594126 -0.08908599 0.01655751 -0.07445746 -0.08864098 0.01879453 -0.07445746 -0.08926033 0.01775497 -0.07531309 -0.0879004 0.0323224 -0.07638382 -0.08501034 0.03929954 -0.07638382 -0.08329349 0.03450125 -0.07260775 -0.08710151 0.03458279 -0.07638382 -0.08581364 0.03282952 -0.07582598 -0.08528232 0.03445154 -0.07594126 -0.08389335 0.03746545 -0.07582598 -0.08604383 0.03713631 -0.07638382 -0.08466464 0.03594279 -0.0759412 -0.08414399 0.03361916 -0.07445746 -0.08327114 0.03572642 -0.07445746 -0.08408141 0.03482764 -0.07531309 -0.07990562 0.04884982 -0.07638382 -0.07570993 0.05512911 -0.07638382 -0.07496213 0.0500881 -0.07260775 -0.07868111 0.05091094 -0.07638382 -0.07776004 0.04894012 -0.07582598 -0.07692247 0.05042731 -0.07594126 -0.07497221 0.05311232 -0.07582598 -0.07714557 0.05320906 -0.07638382 -0.07602572 0.05176937 -0.07594126 -0.07596844 0.04938888 -0.07445746 -0.07470124 0.05128538 -0.07445746 -0.07567125 0.0505619 -0.07531309 -0.06884014 0.06350004 -0.07638382 -0.06350004 0.06884014 -0.07638382 -0.06375008 0.06375008 -0.07260775 -0.06723701 0.06528264 -0.07638382 -0.06671816 0.06316995 -0.07582598 -0.06560653 0.06446516 -0.07594126 -0.06316995 0.06671816 -0.07582598 -0.06528264 0.06723701 -0.07638382 -0.06446516 0.06560653 -0.07594126 -0.06487339 0.06326061 -0.07445746 -0.06326061 0.06487339 -0.07445746 -0.0643531 0.0643531 -0.07531309 -0.05512911 0.07570993 -0.07638382 -0.04884982 0.07990562 -0.07638382 -0.0500881 0.07496213 -0.07260775 -0.05320906 0.07714557 -0.07638382 -0.05311232 0.07497221 -0.07582598 -0.05176937 0.07602572 -0.07594126 -0.04894012 0.07776004 -0.07582598 -0.05091094 0.07868111 -0.07638382 -0.05042731 0.07692247 -0.07594126 -0.05128538 0.07470124 -0.07445746 -0.04938888 0.07596844 -0.07445746 -0.0505619 0.07567125 -0.07531309 -0.03929954 0.08501034 -0.07638382 -0.0323224 0.0879004 -0.07638382 -0.03450125 0.08329349 -0.07260775 -0.03713631 0.08604383 -0.07638382 -0.03746539 0.08389335 -0.07582598 -0.03594279 0.08466464 -0.07594126 -0.03282946 0.08581364 -0.07582598 -0.03458279 0.08710151 -0.07638382 -0.03445148 0.08528232 -0.07594126 -0.03572642 0.08327114 -0.07445746 -0.03361916 0.08414399 -0.07445746 -0.03482764 0.08408141 -0.07531309 -0.02195972 0.09104388 -0.07638382 -0.01455277 0.09251719 -0.07638382 -0.01758855 0.0884239 -0.07260775 -0.01963645 0.09163546 -0.07638376 -0.02037876 0.08959054 -0.07582598 -0.01873487 0.09004992 -0.0759412 -0.01545727 0.09056949 -0.07582598 -0.01692563 0.09217464 -0.07638382 -0.01715177 0.09036481 -0.07594126 -0.01879453 0.08864098 -0.07445746 -0.01655751 0.08908599 -0.07445746 -0.01775497 0.08926033 -0.07531309 0.003776013 0.09953713 -0.07638382 -0.003776013 0.09953713 -0.07638382 0 0.1039012 -0.07261294 0.001381933 0.09966409 -0.07638382 0.00263369 0.1015357 -0.07582789 8.44058e-4 0.1015529 -0.07594239 -0.002633631 0.1015357 -0.07582789 -0.001381933 0.09966409 -0.07638382 -8.44054e-4 0.1015529 -0.07594239 0.001262307 0.1031206 -0.07445836 -0.001262247 0.1031206 -0.07445836 0 0.1026414 -0.07531303 0.0202701 0.1019048 -0.07261294 0.02312219 0.09688788 -0.07638382 0.01571524 0.09836119 -0.07638382 0.02135586 0.100893 -0.07445836 0.01887977 0.1013855 -0.07445836 0.02002429 0.1006692 -0.07531309 0.02079886 0.09747946 -0.07638376 0.02239167 0.0990709 -0.07582789 0.02063977 0.09943687 -0.07594239 0.01722556 0.1000986 -0.07582789 0.0180881 0.0980187 -0.07638382 0.01898413 0.09976619 -0.07594239 0.03976124 0.0959922 -0.07261294 0.04157978 0.09051531 -0.07638382 0.03460264 0.0934053 -0.07638382 0.04062879 0.09478801 -0.07445836 0.03829634 0.09575414 -0.07445836 0.03927916 0.09482824 -0.07531309 0.03941655 0.0915488 -0.07638382 0.04128921 0.09279888 -0.07582789 0.03964239 0.0934996 -0.07594239 0.03642278 0.09481465 -0.07582789 0.03686302 0.09260648 -0.07638382 0.03808277 0.09414559 -0.07594239 0.05772441 0.08639067 -0.07261294 0.05843949 0.08066427 -0.07638382 0.0521602 0.08485996 -0.07638382 0.05834031 0.08504039 -0.07445836 0.05624121 0.086443 -0.07445836 0.05702447 0.08534318 -0.07531309 0.05651944 0.08209991 -0.07638382 0.05860006 0.08296066 -0.07582789 0.05712151 0.08396917 -0.07594239 0.05422037 0.08588707 -0.07582789 0.05422133 0.08363544 -0.07638382 0.05571794 0.08490705 -0.07594239 0.07346922 0.07346922 -0.07261294 0.07305341 0.06771332 -0.07638382 0.06771332 0.07305341 -0.07638382 0.07380992 0.0720247 -0.07445836 0.0720247 0.07380992 -0.07445836 0.07257843 0.07257843 -0.07531309 0.07145035 0.06949597 -0.07638382 0.07365888 0.0699343 -0.07582789 0.07240551 0.07121187 -0.07594239 0.0699343 0.07365888 -0.07582789 0.06949597 0.07145035 -0.07638382 0.07121187 0.07240551 -0.07594239 0.08639067 0.05772441 -0.07261294 0.08485996 0.0521602 -0.07638382 0.08066427 0.05843949 -0.07638382 0.086443 0.05624121 -0.07445836 0.08504039 0.05834031 -0.07445836 0.08534318 0.05702447 -0.07531309 0.08363544 0.05422133 -0.07638382 0.08588707 0.05422037 -0.07582789 0.08490705 0.05571794 -0.07594239 0.08296066 0.05860006 -0.07582789 0.08209991 0.05651944 -0.07638382 0.08396917 0.05712151 -0.07594239 0.0959922 0.03976124 -0.07261294 0.09340536 0.03460258 -0.07638382 0.09051531 0.04157978 -0.07638382 0.09575414 0.03829634 -0.07445836 0.09478801 0.04062879 -0.07445836 0.09482824 0.03927916 -0.07531303 0.09260648 0.03686302 -0.07638382 0.09481465 0.03642278 -0.07582789 0.09414559 0.03808277 -0.07594239 0.09279888 0.04128921 -0.07582789 0.0915488 0.03941655 -0.07638382 0.0934996 0.03964239 -0.07594239 0.1019048 0.0202701 -0.07261294 0.09836119 0.01571524 -0.07638382 0.09688788 0.02312219 -0.07638382 0.1013855 0.01887977 -0.07445836 0.100893 0.02135586 -0.07445836 0.1006692 0.02002429 -0.07531309 0.0980187 0.0180881 -0.07638382 0.1000986 0.01722556 -0.07582789 0.09976619 0.01898413 -0.07594239 0.0990709 0.02239167 -0.07582789 0.09747946 0.02079886 -0.07638382 0.09943687 0.02063977 -0.07594239 0.1039012 0 -0.07261294 0.09953713 -0.003776013 -0.07638382 0.09953713 0.003776013 -0.07638382 0.1031206 -0.001262307 -0.07445836 0.1031206 0.001262307 -0.07445836 0.1026414 0 -0.07531309 0.09966409 -0.001381933 -0.07638382 0.1015357 -0.002633631 -0.07582789 0.1015529 -8.44056e-4 -0.07594239 0.1015357 0.002633631 -0.07582789 0.09966409 0.001381933 -0.07638382 0.1015529 8.44056e-4 -0.07594239 0.1019048 -0.0202701 -0.07261294 0.09688788 -0.02312219 -0.07638382 0.09836119 -0.01571524 -0.07638382 0.100893 -0.02135586 -0.07445836 0.1013855 -0.01887977 -0.07445836 0.1006692 -0.02002429 -0.07531309 0.09747946 -0.02079886 -0.07638376 0.0990709 -0.02239167 -0.07582789 0.09943687 -0.02063977 -0.07594239 0.1000986 -0.01722556 -0.07582789 0.0980187 -0.0180881 -0.07638382 0.09976619 -0.01898413 -0.07594239 0.0959922 -0.03976124 -0.07261294 0.09051531 -0.04157978 -0.07638382 0.0934053 -0.03460258 -0.07638382 0.09478801 -0.04062879 -0.07445836 0.09575414 -0.03829634 -0.07445836 0.09482824 -0.03927916 -0.07531309 0.0915488 -0.03941655 -0.07638382 0.09279888 -0.04128921 -0.07582789 0.0934996 -0.03964239 -0.07594239 0.09481465 -0.03642278 -0.07582789 0.09260648 -0.03686302 -0.07638382 0.09414559 -0.03808277 -0.07594239 0.08639067 -0.05772441 -0.07261294 0.08066427 -0.05843949 -0.07638382 0.08485996 -0.0521602 -0.07638382 0.08504039 -0.05834031 -0.07445836 0.086443 -0.05624121 -0.07445836 0.08534318 -0.05702447 -0.07531303 0.08209991 -0.05651944 -0.07638382 0.08296066 -0.05860006 -0.07582789 0.08396917 -0.05712151 -0.07594239 0.08588707 -0.05422037 -0.07582789 0.08363544 -0.05422133 -0.07638382 0.08490705 -0.05571794 -0.07594239 0.07346922 -0.07346922 -0.07261294 0.06771332 -0.07305341 -0.07638382 0.07305341 -0.06771332 -0.07638382 0.0720247 -0.07380992 -0.07445836 0.07380992 -0.0720247 -0.07445836 0.07257843 -0.07257843 -0.07531309 0.06949597 -0.07145035 -0.07638382 0.0699343 -0.07365888 -0.07582789 0.07121187 -0.07240551 -0.07594239 0.07365888 -0.0699343 -0.07582789 0.07145035 -0.06949597 -0.07638382 0.07240551 -0.07121187 -0.07594239 0.05772441 -0.08639067 -0.07261294 0.0521602 -0.08485996 -0.07638382 0.05843949 -0.08066427 -0.07638382 0.05624121 -0.086443 -0.07445836 0.05834031 -0.08504039 -0.07445836 0.05702447 -0.08534318 -0.07531309 0.05422133 -0.08363544 -0.07638382 0.05422037 -0.08588707 -0.07582789 0.05571794 -0.08490705 -0.07594239 0.05860006 -0.08296066 -0.07582789 0.05651944 -0.08209991 -0.07638382 0.05712151 -0.08396917 -0.07594239 0.03976124 -0.0959922 -0.07261294 0.03460264 -0.0934053 -0.07638382 0.04157978 -0.09051531 -0.07638382 0.03829634 -0.09575414 -0.07445836 0.04062879 -0.09478801 -0.07445836 0.03927916 -0.09482824 -0.07531309 0.03686302 -0.09260648 -0.07638382 0.03642278 -0.09481465 -0.07582789 0.03808277 -0.09414559 -0.07594239 0.04128921 -0.09279888 -0.07582789 0.03941655 -0.0915488 -0.07638382 0.03964239 -0.0934996 -0.07594239 0.0202701 -0.1019048 -0.07261294 0.01571524 -0.09836119 -0.07638382 0.02312219 -0.09688788 -0.07638382 0.01887977 -0.1013855 -0.07445836 0.02135586 -0.100893 -0.07445836 0.02002429 -0.1006692 -0.07531309 0.0180881 -0.0980187 -0.07638376 0.01722556 -0.1000986 -0.07582789 0.01898413 -0.09976619 -0.07594239 0.02239167 -0.0990709 -0.07582789 0.02079886 -0.09747946 -0.07638382 0.02063977 -0.09943687 -0.07594239 0 -0.1039012 -0.07261294 -0.003776013 -0.09953713 -0.07638382 0.003776013 -0.09953713 -0.07638382 -0.001262307 -0.1031206 -0.07445836 0.001262307 -0.1031206 -0.07445836 0 -0.1026414 -0.07531309 -0.001381933 -0.09966409 -0.07638382 -0.002633631 -0.1015357 -0.07582789 -8.44054e-4 -0.1015529 -0.07594239 0.00263369 -0.1015357 -0.07582789 0.001381933 -0.09966409 -0.07638382 8.44058e-4 -0.1015529 -0.07594239 -0.0202701 -0.1019048 -0.07261294 -0.02312219 -0.09688788 -0.07638382 -0.01571524 -0.09836119 -0.07638382 -0.02135586 -0.100893 -0.07445836 -0.01887977 -0.1013855 -0.07445836 -0.02002429 -0.1006692 -0.07531309 -0.02079886 -0.09747946 -0.07638382 -0.02239167 -0.0990709 -0.07582789 -0.02063977 -0.09943687 -0.07594239 -0.01722556 -0.1000986 -0.07582789 -0.0180881 -0.0980187 -0.07638382 -0.01898413 -0.09976619 -0.07594239 -0.03976124 -0.0959922 -0.07261294 -0.04157978 -0.09051531 -0.07638382 -0.03460258 -0.09340536 -0.07638382 -0.04062879 -0.09478801 -0.07445836 -0.03829634 -0.09575414 -0.07445836 -0.03927916 -0.09482824 -0.07531309 -0.03941655 -0.0915488 -0.07638382 -0.04128921 -0.09279888 -0.07582789 -0.03964239 -0.0934996 -0.07594239 -0.03642278 -0.09481465 -0.07582789 -0.03686302 -0.09260648 -0.07638382 -0.03808277 -0.09414559 -0.07594239 -0.05772441 -0.08639067 -0.07261294 -0.05843949 -0.08066427 -0.07638382 -0.0521602 -0.08485996 -0.07638382 -0.05834031 -0.08504039 -0.07445836 -0.05624121 -0.086443 -0.07445836 -0.05702447 -0.08534318 -0.07531303 -0.05651944 -0.08209991 -0.07638382 -0.05860006 -0.08296066 -0.07582789 -0.05712151 -0.08396917 -0.07594239 -0.05422037 -0.08588707 -0.07582789 -0.05422133 -0.08363544 -0.07638382 -0.05571794 -0.08490705 -0.07594239 -0.07346922 -0.07346922 -0.07261294 -0.07305341 -0.06771332 -0.07638382 -0.06771332 -0.07305341 -0.07638382 -0.07380992 -0.0720247 -0.07445836 -0.0720247 -0.07380992 -0.07445836 -0.07257843 -0.07257843 -0.07531309 -0.07145035 -0.06949597 -0.07638382 -0.07365888 -0.0699343 -0.07582789 -0.07240551 -0.07121187 -0.07594239 -0.0699343 -0.07365888 -0.07582789 -0.06949597 -0.07145035 -0.07638382 -0.07121187 -0.07240551 -0.07594239 -0.08639067 -0.05772441 -0.07261294 -0.08485996 -0.0521602 -0.07638382 -0.08066427 -0.05843949 -0.07638382 -0.086443 -0.05624121 -0.07445836 -0.08504039 -0.05834031 -0.07445836 -0.08534318 -0.05702447 -0.07531309 -0.08363544 -0.05422133 -0.07638382 -0.08588707 -0.05422037 -0.07582789 -0.08490705 -0.05571794 -0.07594239 -0.08296066 -0.05860006 -0.07582789 -0.08209991 -0.05651944 -0.07638382 -0.08396917 -0.05712151 -0.07594239 -0.0959922 -0.03976124 -0.07261294 -0.09340536 -0.03460258 -0.07638382 -0.09051531 -0.04157978 -0.07638382 -0.09575414 -0.03829634 -0.07445836 -0.09478801 -0.04062879 -0.07445836 -0.09482824 -0.03927916 -0.07531303 -0.09260648 -0.03686302 -0.07638382 -0.09481465 -0.03642278 -0.07582789 -0.09414559 -0.03808277 -0.07594239 -0.09279888 -0.04128921 -0.07582789 -0.0915488 -0.03941655 -0.07638382 -0.0934996 -0.03964239 -0.07594239 -0.1019048 -0.0202701 -0.07261294 -0.09836119 -0.01571524 -0.07638382 -0.09688788 -0.02312219 -0.07638382 -0.1013855 -0.01887977 -0.07445836 -0.100893 -0.02135586 -0.07445836 -0.1006692 -0.02002429 -0.07531309 -0.0980187 -0.0180881 -0.07638382 -0.1000986 -0.01722556 -0.07582789 -0.09976619 -0.01898413 -0.07594239 -0.0990709 -0.02239167 -0.07582789 -0.09747946 -0.02079886 -0.07638382 -0.09943687 -0.02063977 -0.07594239 -0.1039012 0 -0.07261294 -0.09953713 0.003776013 -0.07638382 -0.09953713 -0.003776013 -0.07638382 -0.1031206 0.001262307 -0.07445836 -0.1031206 -0.001262307 -0.07445836 -0.1026414 0 -0.07531309 -0.09966409 0.001381933 -0.07638382 -0.1015357 0.002633631 -0.07582789 -0.1015529 8.44056e-4 -0.07594239 -0.1015357 -0.002633631 -0.07582789 -0.09966409 -0.001381933 -0.07638382 -0.1015529 -8.44056e-4 -0.07594239 -0.1019048 0.0202701 -0.07261294 -0.09688788 0.02312219 -0.07638382 -0.09836119 0.01571524 -0.07638382 -0.100893 0.02135586 -0.07445836 -0.1013855 0.01887977 -0.07445836 -0.1006692 0.02002429 -0.07531309 -0.09747946 0.02079886 -0.07638376 -0.0990709 0.02239167 -0.07582789 -0.09943687 0.02063977 -0.07594239 -0.1000986 0.01722556 -0.07582789 -0.0980187 0.0180881 -0.07638382 -0.09976619 0.01898413 -0.07594239 -0.0959922 0.03976124 -0.07261294 -0.09051531 0.04157978 -0.07638382 -0.0934053 0.03460258 -0.07638382 -0.09478801 0.04062879 -0.07445836 -0.09575414 0.03829634 -0.07445836 -0.09482824 0.03927916 -0.07531309 -0.0915488 0.03941655 -0.07638382 -0.09279888 0.04128921 -0.07582789 -0.0934996 0.03964239 -0.07594239 -0.09481465 0.03642278 -0.07582789 -0.09260648 0.03686302 -0.07638382 -0.09414559 0.03808277 -0.07594239 -0.08639067 0.05772441 -0.07261294 -0.08066427 0.05843949 -0.07638382 -0.08485996 0.0521602 -0.07638382 -0.08504039 0.05834031 -0.07445836 -0.086443 0.05624121 -0.07445836 -0.08534318 0.05702447 -0.07531303 -0.08209991 0.05651944 -0.07638382 -0.08296066 0.05860006 -0.07582789 -0.08396917 0.05712151 -0.07594239 -0.08588707 0.05422037 -0.07582789 -0.08363544 0.05422133 -0.07638382 -0.08490705 0.05571794 -0.07594239 -0.07346922 0.07346922 -0.07261294 -0.06771332 0.07305341 -0.07638382 -0.07305341 0.06771332 -0.07638382 -0.0720247 0.07380992 -0.07445836 -0.07380992 0.0720247 -0.07445836 -0.07257843 0.07257843 -0.07531309 -0.06949597 0.07145035 -0.07638382 -0.0699343 0.07365888 -0.07582789 -0.07121187 0.07240551 -0.07594239 -0.07365888 0.0699343 -0.07582789 -0.07145035 0.06949597 -0.07638382 -0.07240551 0.07121187 -0.07594239 -0.05772441 0.08639067 -0.07261294 -0.0521602 0.08485996 -0.07638382 -0.05843949 0.08066427 -0.07638382 -0.05624121 0.086443 -0.07445836 -0.05834031 0.08504039 -0.07445836 -0.05702447 0.08534318 -0.07531309 -0.05422133 0.08363544 -0.07638382 -0.05422037 0.08588707 -0.07582789 -0.05571794 0.08490705 -0.07594239 -0.05860006 0.08296066 -0.07582789 -0.05651944 0.08209991 -0.07638382 -0.05712151 0.08396917 -0.07594239 -0.03976124 0.0959922 -0.07261294 -0.03460258 0.09340536 -0.07638382 -0.04157978 0.09051531 -0.07638382 -0.03829634 0.09575414 -0.07445836 -0.04062879 0.09478801 -0.07445836 -0.03927916 0.09482824 -0.07531309 -0.03686302 0.09260648 -0.07638382 -0.03642278 0.09481465 -0.07582789 -0.03808277 0.09414559 -0.07594239 -0.04128921 0.09279888 -0.07582789 -0.03941655 0.0915488 -0.07638382 -0.03964239 0.0934996 -0.07594239 -0.0202701 0.1019048 -0.07261294 -0.01571524 0.09836119 -0.07638382 -0.02312219 0.09688788 -0.07638382 -0.01887977 0.1013855 -0.07445836 -0.02135586 0.100893 -0.07445836 -0.02002429 0.1006692 -0.07531309 -0.0180881 0.0980187 -0.07638382 -0.01722556 0.1000986 -0.07582789 -0.01898413 0.09976619 -0.07594239 -0.02239167 0.0990709 -0.07582789 -0.02079886 0.09747946 -0.07638382 -0.02063977 0.09943687 -0.07594239</float_array>
          <technique_common>
            <accessor source="#Cylinder_003-mesh-positions-array" count="1856" stride="3">
              <param name="X" type="float"/>
              <param name="Y" type="float"/>
              <param name="Z" type="float"/>
            </accessor>
          </technique_common>
        </source>
        <source id="Cylinder_003-mesh-normals">
          <float_array id="Cylinder_003-mesh-normals-array" count="5736">0.1734567 0.8720246 0.4576963 0.3094848 0.7471716 0.5881783 0.3402473 0.8214296 0.4576955 0.382108 0.9224906 0.0548141 0.1932179 0.9713566 0.1383237 0.194797 0.9793107 0.05481654 0.5547348 0.8302195 0.05481737 0.3790047 0.9149971 0.1383326 0.7060433 0.7060438 0.05481779 0.5502296 0.8234763 0.1383264 0.8302198 0.5547348 0.05481559 0.7003081 0.7003101 0.1383274 0.9224905 0.382108 0.05481642 0.8234757 0.5502305 0.1383273 0.9793108 0.1947971 0.05481415 0.9149973 0.3790051 0.1383292 0.9984965 4.40647e-7 0.05481624 0.9713569 0.1932146 0.1383253 0.9793108 -0.1947969 0.05481404 0.9903868 -2.16976e-7 0.1383265 0.9224905 -0.382108 0.05481642 0.9713566 -0.1932151 0.138327 0.8302196 -0.554735 0.05481559 0.9149972 -0.3790057 0.1383286 0.7060433 -0.7060439 0.05481785 0.8234767 -0.5502293 0.1383261 0.5547346 -0.8302196 0.05481743 0.7003087 -0.7003089 0.1383298 0.3821079 -0.9224907 0.0548141 0.5502299 -0.8234755 0.1383301 0.1947969 -0.9793108 0.05481499 0.3790056 -0.9149977 0.1383253 0 -0.9984965 0.05481737 0.1932175 -0.9713567 0.1383227 -0.194797 -0.9793107 0.05481654 0 -0.9903872 0.138323 -0.382108 -0.9224907 0.0548141 -0.1932181 -0.9713568 0.1383221 -0.5547347 -0.8302196 0.05481737 -0.379005 -0.9149976 0.1383277 -0.7060432 -0.706044 0.05481779 -0.5502297 -0.8234764 0.1383256 -0.8302198 -0.5547348 0.05481559 -0.7003095 -0.7003079 0.1383309 -0.9224905 -0.382108 0.05481642 -0.8234757 -0.5502305 0.1383273 -0.9793108 -0.1947971 0.05481415 -0.9149973 -0.3790051 0.1383292 -0.9984965 -4.40647e-7 0.05481624 -0.9713569 -0.1932146 0.1383253 -0.9793108 0.1947969 0.05481404 -0.9903868 2.16976e-7 0.1383265 -0.9224905 0.382108 0.05481642 -0.9713566 0.1932151 0.138327 -0.8302196 0.554735 0.05481559 -0.9149972 0.3790057 0.1383286 -0.7060433 0.7060439 0.05481785 -0.8234767 0.5502293 0.1383261 -0.5547348 0.8302196 0.05481737 -0.7003065 0.700311 0.1383309 -0.382108 0.9224906 0.05481404 -0.5502299 0.8234755 0.1383301 -0.1577756 0.7931917 0.5881783 1.78617e-7 0.8891089 0.4576958 -0.1734569 0.8720241 0.4576972 -0.1947969 0.9793108 0.05481499 -0.3790054 0.9149979 0.1383252 0 0.9984965 0.05481743 -0.1932169 0.9713566 0.138325 -0.09034544 0.1135299 0.9894183 -0.09584748 0.1135116 0.9889026 -0.09372305 0.1107633 0.9894178 0.1394621 0.04002523 0.9894182 0.1415511 0.04511451 0.9889024 0.1381962 0.04420202 0.9894181 0.01639151 -0.1441656 0.9894178 0.01248908 -0.1480408 0.9889025 0.01663333 -0.1476329 0.9889024 -0.1441675 0.01639127 0.9894176 -0.1480419 0.01248925 0.9889023 -0.1445946 0.01204943 0.9894176 0.0703119 0.1269188 0.989418 0.06819069 0.131992 0.9889025 0.06646555 0.1289759 0.9894179 0.1107692 -0.09372234 0.9894171 0.1161514 -0.09263116 0.9889027 0.1135289 -0.09035056 0.989418 -0.1135315 -0.0903505 0.9894177 -0.1135101 -0.09584957 0.9889026 -0.1107597 -0.09372293 0.9894182 -0.07031309 0.1269189 0.9894179 -0.06819218 0.1319931 0.9889023 -0.07186311 0.1300297 0.9889025 0.1441675 0.01639199 0.9894176 0.1480417 0.01248925 0.9889023 0.1476338 0.01663255 0.9889023 -0.01639223 -0.1441646 0.989418 -0.01248979 -0.1480441 0.9889019 -0.01204973 -0.1445944 0.9894177 -0.13946 0.04002487 0.9894185 -0.1415488 0.04511475 0.9889028 -0.1427577 0.04112946 0.9889028 0.09034651 0.1135308 0.9894182 0.09584867 0.1135122 0.9889025 0.0926302 0.1161528 0.9889025 0.09034907 -0.1135314 0.9894179 0.09584903 -0.1135122 0.9889025 0.09372127 -0.1107631 0.989418 -0.1269212 -0.07031393 0.9894176 -0.1319934 -0.06819218 0.9889023 -0.1300306 -0.07186269 0.9889024 -0.04002803 0.1394631 0.989418 -0.04511457 0.1415522 0.9889023 -0.04420357 0.1382004 0.9894174 0.1441675 -0.01639127 0.9894176 0.1480419 -0.01248925 0.9889023 0.1445946 -0.01204943 0.9894176 -0.04002708 -0.1394639 0.9894178 -0.04511415 -0.1415492 0.9889028 -0.04113066 -0.1427592 0.9889025 -0.1269215 0.07031393 0.9894175 -0.1319926 0.06819176 0.9889023 -0.1289764 0.06646549 0.9894177 0.1135315 0.0903505 0.9894177 0.1135113 0.09584957 0.9889025 0.110761 0.09372305 0.989418 0.07031315 -0.1269184 0.9894179 0.06819218 -0.1319932 0.9889022 0.07186174 -0.130029 0.9889027 -0.1394621 -0.04002523 0.9894182 -0.1415511 -0.04511451 0.9889024 -0.1381962 -0.04420202 0.9894181 0 0.9942282 0.1072863 -0.1909711 0.9600783 -0.204401 -0.1939626 0.975125 0.1072841 0.13946 -0.04002487 0.9894185 0.1415488 -0.04511475 0.9889028 0.1427577 -0.04112946 0.9889028 -0.07031208 -0.1269187 0.989418 -0.06819009 -0.1319913 0.9889026 -0.06646609 -0.1289767 0.9894177 -0.1107689 0.09372335 0.9894172 -0.1161506 0.09263122 0.9889028 -0.113528 0.09035056 0.9894182 0.1269212 0.07031393 0.9894176 0.1319934 0.06819218 0.9889023 0.1300306 0.07186269 0.9889024 0.04002815 -0.1394636 0.9894179 0.04511457 -0.1415523 0.9889023 0.04420357 -0.1382004 0.9894174 -0.1441675 -0.01639199 0.9894176 -0.1480417 -0.01248925 0.9889023 -0.1476338 -0.01663255 0.9889023 -0.01639115 0.1441636 0.9894182 -0.01248937 0.1480423 0.9889023 -0.01663255 0.147633 0.9889024 0.09790641 0.04055619 0.9943689 0.04055541 0.09791117 0.9943686 -0.04055529 -0.09791088 0.9943686 0.1269205 -0.07031393 0.9894176 0.1319926 -0.06819176 0.9889023 0.1289764 -0.06646549 0.9894177 -0.09371769 -0.1107631 0.9894183 -0.09263378 -0.1161531 0.9889022 -0.0903508 -0.1135309 0.9894178 -0.5718601 0.5718594 0.5881777 -0.493962 0.7392671 0.4576961 -0.6286957 0.6286948 0.4576948 0.3094847 -0.7471717 0.5881783 0.1734569 -0.8720241 0.4576972 0.3402473 -0.8214296 0.4576956 -0.7392675 0.4939627 0.4576948 0.4939621 -0.7392671 0.457696 -0.7471671 0.3094901 0.5881813 -0.8214301 0.3402474 0.4576948 0.5718587 -0.5718598 0.5881786 0.6286957 -0.6286948 0.4576947 -0.8720244 0.1734564 0.4576969 0.7392675 -0.4939627 0.4576948 -0.8087326 -2.34323e-7 0.5881766 -0.8891095 2.23757e-7 0.4576946 0.7471671 -0.3094901 0.5881813 0.8214301 -0.3402474 0.4576948 -0.7931941 -0.1577747 0.5881755 -0.8720245 -0.1734564 0.4576967 0.8720244 -0.1734564 0.4576969 -0.7471671 -0.3094901 0.5881813 -0.82143 -0.3402474 0.4576948 0.8087325 2.39129e-7 0.5881766 0.8891095 -2.23608e-7 0.4576946 -0.7392675 -0.4939627 0.4576948 0.793194 0.1577747 0.5881755 0.8720245 0.1734564 0.4576967 -0.5718564 -0.5718608 0.5881799 -0.6286958 -0.6286948 0.4576948 0.04420322 0.1382001 0.9894174 0.04113048 0.1427592 0.9889026 0.04002684 0.1394639 0.9894179 0.7471671 0.3094901 0.5881813 0.82143 0.3402474 0.4576948 -0.4939621 -0.7392671 0.4576961 0.7392675 0.4939627 0.4576948 -0.3094848 -0.7471715 0.5881785 -0.3402473 -0.8214296 0.4576955 0.5718564 0.5718606 0.58818 0.6286958 0.6286948 0.4576947 -0.1734567 -0.8720246 0.4576964 -0.3094848 0.7471716 0.5881784 -0.3402473 0.8214296 0.4576956 0.4939621 0.7392671 0.457696 0 -0.8087315 0.5881779 -1.834e-7 -0.8891089 0.4576959 0.1577754 -0.7931907 0.5881798 0 -0.9942283 0.1072856 0.1909713 -0.9600785 -0.2044001 0.1939626 -0.975125 0.1072842 -0.379004 -0.9149981 -0.1383274 -0.1950902 -0.9807854 0 -0.1932154 -0.9713566 -0.1383273 0.3804746 0.9185474 0.1072837 0.1909717 0.9600783 -0.2044007 0.193965 0.975125 0.1072797 -0.5523635 0.826672 0.1072763 -0.3746046 0.9043735 -0.2044014 -0.5438408 0.8139151 -0.2044001 -0.1939648 -0.9751248 0.1072826 0 -0.978886 -0.2044072 0.7030258 0.7030262 0.1072797 0.5438406 0.813915 -0.2044017 0.552364 0.8266716 0.1072772 -0.3804748 0.9185469 0.1072871 -0.3804746 -0.918547 0.1072866 -0.1909719 -0.9600783 -0.2044004 0.8266717 0.5523631 0.1072796 0.6921775 0.6921772 -0.2044044 -0.5523645 -0.8266709 0.1072783 -0.374604 -0.9043735 -0.204403 0.9043725 0.3746061 -0.2044033 0.8139144 0.5438409 -0.2044028 -0.7030258 -0.7030263 0.1072797 -0.5438404 -0.8139154 -0.2044 0.9751251 0.1939636 0.1072821 0.9185481 0.3804731 0.107283 0.3746044 0.9043729 -0.2044044 -0.8266717 -0.5523631 0.1072796 -0.6921777 -0.6921769 -0.2044045 0.9942285 0 0.1072843 0.960078 0.1909707 -0.2044025 -0.9043725 -0.3746061 -0.2044033 -0.8139144 -0.5438409 -0.2044028 0.9751248 -0.1939648 0.1072813 0.9788866 1.92256e-7 -0.2044042 -0.9751251 -0.1939636 0.1072821 -0.9185481 -0.3804731 0.107283 0.9185476 -0.380474 0.1072839 0.960078 -0.1909716 -0.2044024 -0.9942285 0 0.1072843 -0.960078 -0.1909707 -0.2044025 0.8266716 -0.5523637 0.1072785 0.9043731 -0.3746043 -0.2044041 -0.9751248 0.1939648 0.1072813 -0.9788866 -1.92256e-7 -0.2044042 0.703025 -0.703027 0.10728 0.8139146 -0.5438409 -0.2044022 -0.9185476 0.380474 0.1072839 -0.960078 0.1909716 -0.2044024 0.5523633 -0.8266718 0.1072778 0.6921769 -0.6921778 -0.2044043 -0.8266716 0.5523637 0.1072785 -0.9043731 0.3746043 -0.2044041 0.3746031 -0.9043732 -0.2044059 0.5438411 -0.8139147 -0.2044013 -0.7030252 0.7030267 0.1072803 -0.8139146 0.5438409 -0.2044022 0.3804748 -0.9185469 0.1072872 -0.6921769 0.6921778 -0.2044043 0 -0.9903864 -0.1383284 0.1950903 -0.9807853 0 0.1932147 -0.9713568 -0.1383261 -0.55023 -0.8234754 -0.1383307 -0.3826833 -0.9238796 0 -0.7003087 -0.7003096 -0.1383265 -0.5555703 -0.8314697 0 -0.8234759 -0.5502297 -0.1383292 -0.707107 -0.7071067 0 -0.9149969 -0.3790065 -0.1383293 -0.8314699 -0.55557 0 -0.9713566 -0.1932148 -0.138327 -0.9238795 -0.3826836 0 -0.9903867 4.17858e-7 -0.1383269 -0.9807852 -0.1950908 0 -0.9713562 0.1932168 -0.1383277 -1 -8.10243e-7 0 -0.9149975 0.379005 -0.1383291 -0.9807854 0.1950897 0 -0.8234757 0.5502298 -0.1383291 -0.9238796 0.3826832 0 -0.7003098 0.7003086 -0.1383265 -0.8314698 0.55557 0 -0.5502287 0.8234769 -0.1383268 -0.7071067 0.707107 0 -0.3790044 0.9149977 -0.1383291 -0.5555701 0.8314697 0 -0.1950902 0.9807854 0 -0.3826835 0.9238795 0 0 0.9903866 -0.1383274 -0.1932148 0.9713565 -0.1383287 0.193215 0.9713564 -0.1383287 0 1 0 0.3790041 0.914998 -0.1383284 0.1950904 0.9807853 0 0.5502298 0.8234757 -0.1383301 0.3826835 0.9238796 0 0.7003086 0.7003097 -0.1383265 0.55557 0.8314698 0 0.8234759 0.5502297 -0.1383292 0.7071068 0.7071068 0 0.9149969 0.3790065 -0.1383293 0.8314699 0.55557 0 0.9713566 0.1932148 -0.138327 0.9238795 0.3826836 0 0.9903867 -4.17858e-7 -0.1383269 0.9807852 0.1950908 0 0.9713562 -0.1932168 -0.1383277 1 8.10243e-7 0 0.9149975 -0.379005 -0.1383291 0.9807854 -0.1950897 0 0.8234757 -0.5502298 -0.1383291 0.9238796 -0.3826832 0 0.7003093 -0.7003092 -0.1383259 0.8314698 -0.55557 0 0.55023 -0.8234755 -0.1383295 0.7071067 -0.707107 0 0.3790053 -0.9149973 -0.1383293 0.5555698 -0.8314699 0 0.3826833 -0.9238796 0 0 0.978886 -0.2044073 -0.0163908 -0.1441691 -0.9894174 0.01209843 0.1436392 -0.9895562 0.01615637 0.1432372 -0.9895565 0.7789649 0.322658 -0.5376853 0.7010502 0.4684265 -0.5376851 0.7010501 0.4684264 -0.5376854 0.06646674 0.1289781 -0.9894174 -0.06974148 -0.126153 -0.9895563 0.07031685 0.1269216 -0.9894173 -0.1289799 -0.0664668 -0.9894173 0.1261537 0.06974142 -0.9895562 0.1280736 0.06614547 -0.9895564 0.09372395 0.1107642 -0.9894176 -0.08986151 -0.1127105 -0.9895561 -0.09301519 -0.1101232 -0.989556 -0.1381978 -0.0442022 -0.9894179 0.1385186 0.03988808 -0.9895563 -0.1394662 -0.04002761 -0.9894176 0.110763 0.09372448 -0.9894177 -0.1127099 -0.08986139 -0.9895561 0.1135333 0.09035098 -0.9894175 -0.1441668 -0.01639163 -0.9894177 0.1436434 0.01209825 -0.9895556 -0.1445939 -0.01204925 -0.9894177 0.1289799 0.0664668 -0.9894173 -0.1261537 -0.06974142 -0.9895562 -0.1280736 -0.06614547 -0.9895564 -0.1441662 0.01639163 -0.9894177 0.1436435 -0.01209849 -0.9895556 0.1432366 -0.01615631 -0.9895566 0.1381978 0.0442022 -0.9894179 -0.1385186 -0.03988808 -0.9895563 0.1394662 0.04002761 -0.9894176 -0.1381976 0.0442022 -0.9894178 0.1385175 -0.03988701 -0.9895564 0.1373343 -0.04379016 -0.9895563 0.1441668 0.01639163 -0.9894177 -0.1436434 -0.01209825 -0.9895556 0.1445939 0.01204925 -0.9894177 -0.1269199 0.070315 -0.9894176 0.1280767 -0.06614625 -0.989556 0.126151 -0.06974154 -0.9895566 0.1441662 -0.01639163 -0.9894177 -0.1436435 0.01209849 -0.9895556 -0.1432366 0.01615631 -0.9895566 -0.113533 0.09035193 -0.9894174 0.1101218 -0.09301239 -0.9895564 -0.1107633 0.09372442 -0.9894177 0.1381976 -0.0442022 -0.9894178 -0.1385175 0.03988701 -0.9895564 -0.1373343 0.04379016 -0.9895563 -0.09372252 0.1107652 -0.9894176 0.08986121 -0.1127098 -0.9895562 -0.0903508 0.1135333 -0.9894175 0.1269199 -0.070315 -0.9894176 -0.1280767 0.06614625 -0.989556 -0.126151 0.06974154 -0.9895566 -0.06646764 0.128977 -0.9894175 0.06974041 -0.1261525 -0.9895564 0.06614649 -0.1280747 -0.9895563 0.01639121 -0.1441687 -0.9894174 -0.01209872 0.1436386 -0.9895563 0.01204878 -0.1445959 -0.9894175 0.113533 -0.09035193 -0.9894174 -0.1101226 0.09301239 -0.9895564 0.1107636 -0.09372442 -0.9894176 -0.04002565 0.1394665 -0.9894176 0.043792 -0.1373347 -0.9895563 0.03988915 -0.1385197 -0.9895561 -0.04420077 -0.1382004 -0.9894175 0.0398876 0.1385198 -0.9895561 0.04379141 0.1373337 -0.9895564 0.09372401 -0.1107646 -0.9894175 -0.0898596 0.112708 -0.9895566 0.09034997 -0.1135329 -0.9894176 -0.01639121 0.1441687 -0.9894174 0.01209884 -0.143639 -0.9895562 -0.01204842 0.1445959 -0.9894175 -0.06646674 -0.1289781 -0.9894174 0.06974124 0.1261528 -0.9895564 -0.07031393 -0.1269222 -0.9894174 0.06646656 -0.1289783 -0.9894174 -0.06973952 0.1261523 -0.9895564 -0.06614661 0.1280748 -0.9895562 0.01639086 0.1441697 -0.9894173 -0.01209843 -0.1436389 -0.9895563 -0.01615637 -0.1432375 -0.9895565 -0.09034967 -0.1135327 -0.9894177 0.09301483 0.1101222 -0.9895562 -0.09372448 -0.1107647 -0.9894176 0.04420179 -0.1382004 -0.9894174 -0.03988784 0.1385191 -0.9895562 0.04002785 -0.1394659 -0.9894176 0.04420173 0.1382004 -0.9894174 -0.03988879 -0.1385195 -0.9895561 -0.04379034 -0.1373341 -0.9895564 -0.1107628 -0.09372442 -0.9894177 0.1127099 0.08986139 -0.9895561 -0.1135333 -0.09035098 -0.9894175 -1.00889e-6 0 -1 -3.67081e-7 0 -1 0 0 -1 -0.8269448 0.1644895 -0.5376853 -0.8431456 0 -0.5376853 -0.8431457 0 -0.5376853 0.8269448 0.1644895 -0.5376853 0.7789653 0.3226573 -0.5376853 -0.7789652 0.3226574 -0.5376852 -0.8269449 0.1644896 -0.5376851 0.8431457 -3.472e-7 -0.5376853 0.8269448 0.1644902 -0.5376851 -0.7010502 0.4684265 -0.5376852 -0.7789651 0.3226578 -0.5376853 0.8269449 -0.1644896 -0.5376852 0.8431457 1.3953e-6 -0.5376852 -0.5961945 0.5961938 -0.5376851 -0.7010505 0.4684261 -0.5376852 0.7789651 -0.3226577 -0.5376853 0.8269449 -0.1644896 -0.5376853 -0.4684265 0.7010502 -0.5376852 -0.5961939 0.5961941 -0.5376853 0.7010502 -0.4684264 -0.5376853 0.7789649 -0.322658 -0.5376853 -0.322658 0.778965 -0.5376852 -0.4684264 0.7010501 -0.5376853 -0.1644896 -0.8269448 -0.5376853 0 -0.8431457 -0.5376852 0 -0.8431457 -0.5376853 0.5961937 -0.5961946 -0.537685 0.7010499 -0.4684268 -0.5376852 -0.1644896 0.8269449 -0.5376852 -0.3226575 0.7789652 -0.5376853 -0.3226578 -0.7789651 -0.5376853 -0.1644895 -0.826945 -0.5376851 0.4684265 -0.7010501 -0.5376852 0.596194 -0.596194 -0.5376854 0 0.8431457 -0.5376852 -0.1644895 0.8269449 -0.5376852 -0.4684264 -0.7010501 -0.5376853 -0.3226582 -0.778965 -0.537685 0.3226581 -0.7789651 -0.5376851 0.4684262 -0.7010504 -0.5376853 0.1644896 0.8269449 -0.5376852 0 0.8431457 -0.5376852 -0.596194 -0.5961939 -0.5376853 -0.4684268 -0.70105 -0.537685 0.1644896 -0.8269449 -0.5376851 0.3226578 -0.7789651 -0.5376853 0.3226578 0.7789649 -0.5376854 0.1644896 0.8269449 -0.5376852 -0.7010501 -0.4684265 -0.5376853 -0.5961942 -0.596194 -0.5376851 0.1644896 -0.8269449 -0.5376852 0.322658 0.7789651 -0.5376852 0.4684262 0.7010504 -0.5376853 -0.7789651 -0.3226577 -0.5376853 -0.7010501 -0.4684268 -0.537685 0.4684264 0.7010501 -0.5376853 0.5961939 0.5961945 -0.537685 -0.8269449 -0.1644895 -0.5376853 -0.778965 -0.322658 -0.5376852 0.596194 0.596194 -0.5376854 -0.8269449 -0.1644896 -0.5376852 -0.003595471 0.1325286 0.9911727 0.02676069 0.5166066 0.8558047 0.01205152 0.1445948 0.9894176 0.003596484 0.1325322 0.9911723 -0.04437029 0.4684435 0.8823786 -0.02675879 0.5166095 0.855803 -0.01204985 0.1445957 0.9894175 -0.01062858 0.8809815 0.4730316 0.04437106 0.4684435 0.8823786 0.01062911 0.8809849 0.473025 2.08631e-7 0.9903869 0.1383261 0 0.7440805 0.66809 0.07454019 0.511902 0.8558038 0.02938091 0.1292812 0.9911726 0.01639235 0.1441658 0.9894179 0.1614497 0.8661267 0.4730314 0.1349064 0.450785 0.8823794 0.1823023 0.8619833 0.473023 0.04787206 0.4680936 0.8823813 0.1451672 0.7297819 0.6680905 0.02232915 0.1306835 0.9911727 0.1270277 0.501456 0.8558071 0.1729781 0.4875222 0.8558042 0.05403983 0.1210672 0.9911723 0.3273174 0.8179883 0.4730313 0.2202597 0.4158017 0.8823801 0.3469589 0.8098552 0.4730266 0.1382722 0.4497661 0.8823782 0.2847461 0.6874466 0.6680845 0.047396 0.1238176 0.9911726 0.2224219 0.4670462 0.8558016 0.2647641 0.4444124 0.8558024 0.07661819 0.1081963 0.9911727 0.4806107 0.7384163 0.4730272 0.2971458 0.3648458 0.8823786 0.4982861 0.7266052 0.4730283 0.2233591 0.4141459 0.8823797 0.4133889 0.6186802 0.6680902 0.07064056 0.1121909 0.9911727 0.3092586 0.414678 0.8558044 0.3463753 0.3842191 0.8558036 0.09625375 0.09117078 0.9911726 0.09372258 0.1107625 0.9894179 0.6154325 0.630467 0.4730267 0.3626111 0.2998667 0.8823792 0.6304642 0.6154355 0.4730265 0.2998676 0.3626154 0.8823773 0.5261464 0.5261448 0.668088 0.09117019 0.09625375 0.9911727 0.384219 0.3463758 0.8558035 0.4146764 0.3092615 0.8558043 0.1121948 0.07064116 0.9911721 0.7266041 0.4982887 0.4730275 0.4141485 0.2233561 0.8823792 0.7384144 0.480615 0.4730258 0.3648473 0.2971445 0.8823785 0.618683 0.4133899 0.668087 0.1081976 0.07661944 0.9911725 0.4444122 0.2647652 0.8558021 0.4670426 0.2224206 0.8558039 0.1238188 0.04739624 0.9911724 0.1289773 0.06646513 0.9894177 0.8098524 0.346962 0.4730291 0.4497627 0.1382702 0.8823803 0.8179892 0.3273208 0.4730272 0.4158083 0.2202543 0.8823784 0.6874426 0.2847549 0.6680848 0.1210629 0.05403864 0.9911729 0.4875243 0.1729745 0.8558037 0.5014614 0.1270277 0.8558039 0.1306871 0.02232861 0.9911723 0.8619831 0.1822956 0.4730259 0.4680967 0.04787111 0.8823798 0.8661305 0.1614464 0.4730254 0.4507852 0.1349073 0.882379 0.7297843 0.1451646 0.6680886 0.1292783 0.02938181 0.991173 0.511902 0.07454359 0.8558035 0.5166065 0.02675539 0.8558049 0.1325298 -0.003596782 0.9911725 0.1445949 0.01204901 0.9894176 0.8809835 0.01062756 0.4730277 0.468443 -0.04437601 0.8823786 0.8809846 -0.01063072 0.4730257 0.4684445 0.04436981 0.8823781 0.7440845 -4.09122e-6 0.6680855 0.1325314 0.003595471 0.9911723 0.5166081 -0.02675861 0.8558039 0.5119056 -0.07454103 0.8558015 0.1292787 -0.02938121 0.991173 0.8661299 -0.1614494 0.4730256 0.4507847 -0.1349087 0.8823791 0.8619839 -0.1822968 0.473024 0.4680953 -0.047872 0.8823805 0.7297852 -0.1451682 0.6680867 0.1306828 -0.02232873 0.9911728 0.5014626 -0.1270304 0.8558028 0.487523 -0.1729764 0.855804 0.1210675 -0.0540412 0.9911723 0.1381991 -0.0442034 0.9894176 0.8179877 -0.3273202 0.4730302 0.4158035 -0.2202621 0.8823787 0.8098547 -0.3469607 0.4730262 0.4497624 -0.1382731 0.88238 0.687442 -0.2847536 0.6680861 0.1238177 -0.04739487 0.9911726 0.4670454 -0.2224203 0.8558025 0.4444116 -0.2647618 0.8558035 0.1081995 -0.07661926 0.9911723 0.738415 -0.4806125 0.4730275 0.3648461 -0.297146 0.8823784 0.7266064 -0.4982854 0.4730273 0.4141466 -0.2233592 0.8823794 0.6186795 -0.4133896 0.6680904 0.1121923 -0.0706399 0.9911726 0.4146751 -0.3092607 0.8558051 0.3842188 -0.346376 0.8558035 0.0911706 -0.09625411 0.9911726 0.6304627 -0.6154348 0.4730295 0.2998635 -0.3626187 0.8823773 0.6154332 -0.6304661 0.4730271 0.3626111 -0.2998654 0.8823798 0.526148 -0.5261476 0.6680846 0.09625256 -0.09117025 0.9911729 0.3463719 -0.3842192 0.8558049 0.3092608 -0.4146771 0.8558042 0.07064235 -0.112192 0.9911724 0.4982851 -0.7266059 0.4730285 0.2233576 -0.4141473 0.8823794 0.4806116 -0.7384132 0.4730314 0.2971462 -0.364845 0.8823788 0.4133898 -0.6186824 0.6680876 0.07661789 -0.1081965 0.9911727 0.2647639 -0.4444112 0.8558031 0.2224174 -0.4670392 0.8558066 0.04739528 -0.1238177 0.9911726 0.06646662 -0.1289781 0.9894174 0.3469606 -0.8098553 0.4730252 0.1382686 -0.4497608 0.8823816 0.3273188 -0.8179879 0.4730309 0.2202603 -0.4158055 0.8823782 0.2847464 -0.6874437 0.6680875 0.05404007 -0.1210667 0.9911723 0.1729776 -0.4875192 0.855806 0.1270282 -0.5014573 0.8558063 0.02232939 -0.1306835 0.9911727 0.1823018 -0.8619847 0.4730206 0.04787027 -0.4680938 0.8823813 0.1614521 -0.8661281 0.473028 0.1349068 -0.4507841 0.8823797 0.1451712 -0.7297827 0.6680887 0.02938103 -0.1292808 0.9911727 0.07453936 -0.5119033 0.8558031 0.0267592 -0.5166065 0.8558049 -0.003595352 -0.1325312 0.9911723 0.01204901 -0.1445944 0.9894177 0.01063114 -0.880985 0.4730249 -0.04437005 -0.4684455 0.8823776 -0.01063108 -0.8809841 0.4730265 0.04436767 -0.4684457 0.8823776 -2.59245e-6 -0.7440795 0.668091 0.003595769 -0.1325293 0.9911726 -0.02675855 -0.5166058 0.8558052 -0.07454019 -0.5119015 0.8558041 -0.02938103 -0.1292817 0.9911726 -0.1614497 -0.8661267 0.4730315 -0.1349064 -0.4507847 0.8823794 -0.1823025 -0.8619844 0.4730211 -0.04787176 -0.4680929 0.8823816 -0.1451666 -0.7297806 0.668092 -0.02232915 -0.1306835 0.9911727 -0.1270269 -0.5014538 0.8558086 -0.1729781 -0.4875221 0.8558042 -0.05404067 -0.1210672 0.9911723 -0.04420346 -0.1382001 0.9894174 -0.3273179 -0.8179885 0.4730307 -0.2202605 -0.4158023 0.8823797 -0.3469586 -0.8098569 0.473024 -0.1382713 -0.4497646 0.8823792 -0.2847462 -0.6874434 0.6680877 -0.04739606 -0.1238172 0.9911725 -0.222419 -0.4670424 0.8558044 -0.2647649 -0.4444109 0.8558029 -0.0766195 -0.1081964 0.9911726 -0.480611 -0.7384147 0.4730295 -0.2971467 -0.3648452 0.8823785 -0.4982862 -0.7266052 0.4730283 -0.2233592 -0.4141439 0.8823807 -0.4133893 -0.6186777 0.6680922 -0.07063758 -0.1121907 0.9911729 -0.3092575 -0.4146752 0.8558063 -0.3463777 -0.3842188 0.8558028 -0.09625428 -0.09116935 0.9911727 -0.6154366 -0.6304621 0.4730279 -0.3626183 -0.2998657 0.8823767 -0.6304674 -0.6154317 0.4730271 -0.2998656 -0.3626168 0.8823773 -0.526151 -0.5261462 0.6680834 -0.09116983 -0.09625381 0.9911727 -0.3842182 -0.3463761 0.8558038 -0.4146764 -0.3092615 0.8558043 -0.1121948 -0.07064116 0.9911721 -0.7266041 -0.4982887 0.4730275 -0.4141485 -0.2233561 0.8823792 -0.7384144 -0.480615 0.4730258 -0.3648473 -0.2971445 0.8823785 -0.618683 -0.4133899 0.668087 -0.1081976 -0.07661944 0.9911725 -0.4444122 -0.2647652 0.8558021 -0.4670426 -0.2224206 0.8558039 -0.1238188 -0.04739624 0.9911724 -0.1289773 -0.06646513 0.9894177 -0.8098524 -0.346962 0.4730291 -0.4497627 -0.1382702 0.8823803 -0.8179892 -0.3273208 0.4730272 -0.4158083 -0.2202543 0.8823784 -0.6874426 -0.2847549 0.6680848 -0.1210629 -0.05403864 0.9911729 -0.4875243 -0.1729745 0.8558037 -0.5014614 -0.1270277 0.8558039 -0.1306871 -0.02232861 0.9911723 -0.8619831 -0.1822956 0.4730259 -0.4680967 -0.04787111 0.8823798 -0.8661305 -0.1614464 0.4730254 -0.4507852 -0.1349073 0.882379 -0.7297843 -0.1451646 0.6680886 -0.1292783 -0.02938181 0.991173 -0.511902 -0.07454359 0.8558035 -0.5166065 -0.02675539 0.8558049 -0.1325298 0.003596782 0.9911725 -0.1445949 -0.01204901 0.9894176 -0.8809835 -0.01062756 0.4730277 -0.468443 0.04437601 0.8823786 -0.8809846 0.01063072 0.4730257 -0.4684445 -0.04436981 0.8823781 -0.7440845 4.09122e-6 0.6680855 -0.1325314 -0.003595471 0.9911723 -0.5166081 0.02675861 0.8558039 -0.5119056 0.07454103 0.8558015 -0.1292787 0.02938121 0.991173 -0.8661299 0.1614494 0.4730256 -0.4507847 0.1349087 0.8823791 -0.8619839 0.1822968 0.473024 -0.4680953 0.047872 0.8823805 -0.7297852 0.1451682 0.6680867 -0.1306828 0.02232873 0.9911728 -0.5014626 0.1270304 0.8558028 -0.487523 0.1729764 0.855804 -0.1210675 0.0540412 0.9911723 -0.1381991 0.0442034 0.9894176 -0.8179877 0.3273202 0.4730302 -0.4158035 0.2202621 0.8823787 -0.8098547 0.3469607 0.4730262 -0.4497624 0.1382731 0.88238 -0.687442 0.2847536 0.6680861 -0.1238177 0.04739487 0.9911726 -0.4670454 0.2224203 0.8558025 -0.4444116 0.2647618 0.8558035 -0.1081982 0.07661926 0.9911724 -0.738415 0.4806125 0.4730275 -0.3648461 0.297146 0.8823784 -0.7266064 0.4982854 0.4730273 -0.4141466 0.2233592 0.8823794 -0.6186795 0.4133896 0.6680904 -0.1121905 0.07063996 0.9911727 -0.4146751 0.3092607 0.8558051 -0.3842183 0.3463777 0.8558031 -0.09116971 0.09625434 0.9911727 -0.6304619 0.615438 0.4730262 -0.299864 0.3626208 0.8823762 -0.6154301 0.6304693 0.4730266 -0.3626087 0.2998617 0.8823819 -0.5261479 0.5261545 0.6680793 -0.09625303 0.0911684 0.991173 -0.3463777 0.3842175 0.8558034 -0.309262 0.4146754 0.8558045 -0.07063961 0.1121892 0.991173 -0.4982855 0.7266058 0.4730281 -0.2233589 0.4141435 0.8823809 -0.4806123 0.7384135 0.47303 -0.2971481 0.3648458 0.8823779 -0.4133876 0.6186832 0.6680882 -0.07662141 0.1081974 0.9911723 -0.2647638 0.4444113 0.855803 -0.2224179 0.46704 0.8558061 -0.04739457 0.1238179 0.9911725 -0.06646692 0.1289778 0.9894174 -0.3469603 0.8098552 0.4730255 -0.1382685 0.4497592 0.8823823 -0.3273183 0.8179877 0.4730317 -0.2202613 0.4158052 0.8823781 -0.2847458 0.6874417 0.6680898 -0.05403995 0.1210674 0.9911723 -0.1729775 0.4875199 0.8558056 -0.1270315 0.5014591 0.8558048 -0.02233034 0.1306843 0.9911726 -0.1823009 0.861983 0.4730239 -0.04787164 0.4680895 0.8823836 -0.1614517 0.8661327 0.4730195 -0.1349069 0.4507871 0.8823782 -0.1451669 0.7297894 0.6680823 -0.02938216 0.1292818 0.9911726 -0.0745418 0.5119053 0.8558017 -0.01164853 0.1304301 0.9913892 -0.05351787 0.5227634 0.8507964 0.06463676 0.4563221 0.8874639 -0.06463992 0.4563252 0.8874621 0.0535202 0.5227704 0.8507919 0.01164799 0.130429 0.9913892 0.01249122 0.1480452 0.9889017 0.08665955 0.8817873 0.4636177 -0.08666002 0.8817933 0.4636062 -1.62805e-7 0.7392103 0.6734748 0.1544747 0.502282 0.850794 0.03686904 0.1256486 0.9913895 0.2570228 0.8479439 0.463606 0.1524105 0.4349384 0.8874681 0.08703583 0.8817554 0.4636079 0.02563023 0.4601575 0.8874673 0.1442123 0.7250021 0.6734796 0.01402103 0.1301972 0.991389 0.04949796 0.5231621 0.8507946 0.01663267 0.1476328 0.9889024 0.2494975 0.4624917 0.8507952 0.06067705 0.116043 0.9913892 0.4175092 0.7815045 0.4636127 0.2343395 0.3968434 0.8874686 0.2573828 0.8478312 0.4636123 0.1149085 0.4463143 0.8874681 0.2828812 0.682934 0.6734831 0.03914964 0.1249583 0.9913893 0.1506113 0.5034538 0.8507941 0.04511398 0.1415497 0.9889026 0.3349317 0.4049327 0.850794 0.08214908 0.1019743 0.9913893 0.5619527 0.6850387 0.4636067 0.3072549 0.3435024 0.8874686 0.4178433 0.7813315 0.4636034 0.1997721 0.4153234 0.887467 0.4106813 0.6146295 0.6734771 0.0627759 0.1149191 0.9913893 0.2459358 0.4643959 0.850795 0.07186162 0.1300308 0.9889024 0.4074938 0.3318098 0.8507944 0.1004644 0.08399128 0.9913892 0.6848016 0.5622422 0.463606 0.3683681 0.2769575 0.887468 0.5622431 0.6848011 0.4636058 0.2769591 0.3683681 0.8874676 0.5227034 0.5226959 0.6734762 0.08399194 0.1004653 0.991389 0.3318094 0.4074974 0.8507929 0.4643971 0.2459346 0.8507946 0.1149189 0.0627762 0.9913893 0.78133 0.4178419 0.4636073 0.4153248 0.1997721 0.8874663 0.6850387 0.5619516 0.4636081 0.343502 0.3072577 0.8874679 0.6146299 0.4106797 0.6734778 0.101976 0.08214884 0.9913892 0.4049285 0.334932 0.8507958 0.1161531 0.09263259 0.9889023 0.5034508 0.150606 0.8507968 0.1249558 0.03914999 0.9913896 0.8478325 0.2573815 0.4636108 0.4463132 0.1149087 0.8874687 0.7815053 0.4175105 0.4636104 0.3968452 0.2343425 0.8874669 0.6829378 0.2828897 0.6734757 0.116046 0.0606755 0.9913889 0.46249 0.2494985 0.8507958 0.5231635 0.04949653 0.8507939 0.1301926 0.01401966 0.9913896 0.8817542 0.08703291 0.4636107 0.4601565 0.0256257 0.887468 0.8479425 0.2570232 0.4636083 0.4349408 0.1524156 0.8874661 0.7250025 0.1442092 0.6734799 0.1256541 0.0368703 0.9913888 0.5022791 0.1544758 0.8507956 0.1427597 0.0411306 0.9889025 0.5227677 -0.05352056 0.8507934 0.1304297 -0.01165008 0.9913891 0.8817912 -0.08666086 0.46361 0.4563171 -0.06463867 0.8874664 0.8817905 0.08665972 0.4636117 0.4563191 0.06464064 0.8874653 0.7392069 -2.17355e-6 0.6734784 0.1304302 0.01164978 0.991389 0.5227647 0.05352008 0.8507954 0.502279 -0.1544733 0.850796 0.1256477 -0.03686916 0.9913896 0.847942 -0.257022 0.4636098 0.4349346 -0.1524115 0.8874698 0.8817535 -0.08703517 0.4636117 0.4601583 -0.02562874 0.887467 0.7250016 -0.1442121 0.6734802 0.130193 -0.01402032 0.9913896 0.5231633 -0.04949736 0.8507939 0.1476342 -0.01663255 0.9889022 0.4624921 -0.2494985 0.8507947 0.1160451 -0.0606746 0.991389 0.7815059 -0.4175091 0.4636106 0.3968473 -0.2343383 0.8874672 0.8478317 -0.2573856 0.4636101 0.446315 -0.114911 0.8874674 0.6829401 -0.2828844 0.6734755 0.1249578 -0.03915143 0.9913893 0.5034539 -0.1506106 0.8507941 0.4049333 -0.3349336 0.8507929 0.1019759 -0.08214855 0.9913892 0.6850413 -0.5619512 0.4636048 0.3435056 -0.3072575 0.8874666 0.7813304 -0.417842 0.4636064 0.4153256 -0.1997714 0.8874661 0.6146314 -0.4106773 0.673478 0.1149209 -0.0627768 0.9913892 0.4643977 -0.2459349 0.8507942 0.1300314 -0.07186287 0.9889022 0.3318088 -0.407495 0.8507943 0.08399236 -0.1004657 0.991389 0.5622428 -0.6847991 0.4636089 0.2769584 -0.368367 0.8874683 0.6848 -0.5622446 0.4636055 0.3683691 -0.2769602 0.8874669 0.5227028 -0.5226992 0.6734741 0.100466 -0.08398991 0.9913891 0.4074946 -0.3318055 0.8507958 0.1135165 -0.09584951 0.9889019 0.245936 -0.4643999 0.8507927 0.06277424 -0.1149184 0.9913895 0.4178427 -0.7813327 0.463602 0.199772 -0.4153187 0.8874692 0.5619516 -0.6850379 0.4636092 0.3072568 -0.3434985 0.8874696 0.4106827 -0.6146265 0.673479 0.08214879 -0.1019752 0.9913893 0.3349283 -0.4049302 0.8507965 0.09263014 -0.1161527 0.9889025 0.1506067 -0.5034504 0.8507969 0.03914952 -0.1249588 0.9913893 0.2573821 -0.8478303 0.4636144 0.1149078 -0.4463148 0.887468 0.4175097 -0.7815033 0.4636144 0.2343411 -0.3968468 0.8874666 0.2828847 -0.6829402 0.6734753 0.060678 -0.1160451 0.9913888 0.249497 -0.46249 0.8507962 0.04949802 -0.523166 0.8507922 0.01402038 -0.130195 0.9913893 0.08702987 -0.8817561 0.4636077 0.02562665 -0.4601619 0.8874651 0.2570223 -0.8479447 0.4636047 0.1524161 -0.4349357 0.8874685 0.1442077 -0.7250149 0.6734669 0.03687059 -0.1256481 0.9913895 0.154479 -0.5022794 0.8507949 0.04113256 -0.1427585 0.9889026 -0.05352002 -0.5227694 0.8507925 -0.01164823 -0.1304281 0.9913893 -0.08666211 -0.8817915 0.4636093 -0.06463807 -0.4563204 0.8874648 0.08666139 -0.8817894 0.4636135 0.06463998 -0.4563195 0.8874651 6.30874e-7 -0.73921 0.673475 0.01165014 -0.1304305 0.991389 0.05351769 -0.5227681 0.8507934 -0.1544747 -0.5022823 0.8507938 -0.03686904 -0.1256486 0.9913895 -0.2570219 -0.8479411 0.4636119 -0.1524105 -0.4349385 0.8874681 -0.08703583 -0.8817556 0.4636076 -0.02563023 -0.4601576 0.8874673 -0.1442123 -0.7250015 0.6734802 -0.01402091 -0.1301964 0.9913892 -0.0494979 -0.5231621 0.8507946 -0.01663267 -0.1476334 0.9889023 -0.2494975 -0.4624912 0.8507955 -0.06067603 -0.1160421 0.9913893 -0.4175109 -0.7815049 0.4636107 -0.2343428 -0.3968479 0.8874656 -0.2573834 -0.8478322 0.4636102 -0.1149105 -0.4463173 0.8874664 -0.2828856 -0.6829432 0.6734719 -0.03915083 -0.1249569 0.9913895 -0.1506115 -0.5034536 0.8507942 -0.3349318 -0.4049325 0.8507939 -0.08214646 -0.1019759 0.9913895 -0.5619525 -0.6850379 0.4636082 -0.3072573 -0.3435059 0.8874664 -0.4178445 -0.7813308 0.4636034 -0.199777 -0.4153271 0.8874641 -0.4106819 -0.61463 0.6734763 -0.06277692 -0.1149187 0.9913893 -0.2459345 -0.464397 0.8507949 -0.07186162 -0.1300308 0.9889025 -0.4074938 -0.3318098 0.8507944 -0.1004653 -0.08399128 0.9913891 -0.6848016 -0.5622422 0.463606 -0.3683681 -0.2769575 0.887468 -0.5622429 -0.6848012 0.4636058 -0.2769591 -0.3683681 0.8874676 -0.5227034 -0.5226959 0.6734762 -0.08399391 -0.1004653 0.9913889 -0.3318084 -0.4074968 0.8507936 -0.09584522 -0.1135117 0.9889029 -0.4643971 -0.2459346 0.8507946 -0.1149189 -0.0627762 0.9913893 -0.78133 -0.4178419 0.4636073 -0.4153248 -0.1997721 0.8874663 -0.6850387 -0.5619516 0.4636081 -0.343502 -0.3072577 0.8874679 -0.6146299 -0.4106797 0.6734778 -0.101976 -0.08214884 0.9913892 -0.4049285 -0.334932 0.8507958 -0.1161531 -0.09263259 0.9889023 -0.5034508 -0.150606 0.8507968 -0.1249558 -0.03914999 0.9913896 -0.8478325 -0.2573815 0.4636108 -0.4463132 -0.1149087 0.8874687 -0.7815053 -0.4175105 0.4636104 -0.3968452 -0.2343425 0.8874669 -0.6829378 -0.2828897 0.6734757 -0.116046 -0.0606755 0.9913889 -0.46249 -0.2494985 0.8507958 -0.5231635 -0.04949653 0.8507939 -0.1301926 -0.01401966 0.9913896 -0.8817542 -0.08703291 0.4636107 -0.4601565 -0.0256257 0.887468 -0.8479425 -0.2570232 0.4636083 -0.4349408 -0.1524156 0.8874661 -0.7250025 -0.1442092 0.6734799 -0.1256541 -0.0368703 0.9913888 -0.5022791 -0.1544758 0.8507956 -0.1427597 -0.0411306 0.9889025 -0.5227677 0.05352056 0.8507934 -0.1304297 0.01165008 0.9913891 -0.8817912 0.08666086 0.46361 -0.4563171 0.06463867 0.8874664 -0.8817905 -0.08665972 0.4636117 -0.4563191 -0.06464064 0.8874653 -0.7392069 2.17355e-6 0.6734784 -0.1304302 -0.01164978 0.991389 -0.5227647 -0.05352008 0.8507954 -0.502279 0.1544733 0.850796 -0.1256477 0.03686916 0.9913896 -0.847942 0.257022 0.4636098 -0.4349346 0.1524115 0.8874698 -0.8817535 0.08703517 0.4636117 -0.4601583 0.02562874 0.887467 -0.7250016 0.1442121 0.6734802 -0.130193 0.01402032 0.9913896 -0.5231633 0.04949736 0.8507939 -0.1476342 0.01663255 0.9889022 -0.4624921 0.2494985 0.8507947 -0.1160451 0.0606746 0.991389 -0.7815059 0.4175091 0.4636106 -0.3968473 0.2343383 0.8874672 -0.8478317 0.2573856 0.4636101 -0.446315 0.114911 0.8874674 -0.6829401 0.2828844 0.6734755 -0.1249578 0.03915143 0.9913893 -0.5034539 0.1506106 0.8507941 -0.4049333 0.3349336 0.8507929 -0.1019741 0.08214855 0.9913894 -0.6850413 0.5619512 0.4636048 -0.3435056 0.3072575 0.8874666 -0.7813304 0.417842 0.4636064 -0.4153256 0.1997714 0.8874661 -0.6146314 0.4106773 0.673478 -0.1149188 0.0627768 0.9913893 -0.4643977 0.2459349 0.8507942 -0.1300318 0.07186287 0.9889022 -0.3318095 0.4074932 0.8507948 -0.08399236 0.1004657 0.991389 -0.5622417 0.6848011 0.4636074 -0.2769563 0.3683682 0.8874685 -0.6848008 0.5622439 0.4636053 -0.3683682 0.2769598 0.8874673 -0.5226989 0.5227073 0.6734709 -0.1004666 0.08399057 0.991389 -0.4074946 0.3318055 0.8507958 -0.1135157 0.09584951 0.988902 -0.2459362 0.4643977 0.8507938 -0.06277781 0.1149187 0.9913892 -0.4178431 0.7813313 0.463604 -0.1997739 0.4153214 0.8874675 -0.5619511 0.6850389 0.4636083 -0.3072562 0.343505 0.8874672 -0.4106772 0.6146267 0.6734822 -0.08214646 0.1019736 0.9913897 -0.3349339 0.4049323 0.8507933 -0.09263008 0.1161524 0.9889026 -0.1506066 0.5034502 0.850797 -0.03914946 0.1249587 0.9913893 -0.2573822 0.8478306 0.4636138 -0.1149074 0.4463142 0.8874683 -0.4175105 0.7815034 0.4636135 -0.2343423 0.3968471 0.8874661 -0.2828852 0.6829401 0.6734752 -0.06067812 0.1160452 0.9913888 -0.2494976 0.4624907 0.8507958 -0.04950088 0.5231644 0.8507931 -0.014023 0.130197 0.991389 -0.08703225 0.8817532 0.4636127 -0.02562975 0.4601573 0.8874675 -0.2570213 0.8479447 0.4636052 -0.1524111 0.4349389 0.8874678 -0.1442067 0.7250092 0.6734733 -0.03687018 0.1256495 0.9913893 -0.1544775 0.502281 0.850794 -0.04113256 0.1427585 0.9889026 1.34398e-7 0.9419344 0.3357973 0.1837623 0.9238351 0.3357977 0 0.9825317 0.1860952 0.1916825 0.9636527 0.1860947 0.3604629 0.8702346 0.3357952 0.3759989 0.9077419 0.1860908 0.5233103 0.78319 0.3357977 0.6660493 0.6660481 0.335795 0.5458653 0.8169452 0.1860956 0.8169453 0.5458656 0.1860944 0.6947548 0.694755 0.1860945 0.7831898 0.5233108 0.335797 0.9077411 0.3759987 0.1860942 0.8702342 0.360463 0.3357961 0.923835 0.1837624 0.335798 0.982532 2.35483e-7 0.1860939 0.9636533 0.1916824 0.1860919 0.9419349 0 0.3357956 0.9238349 -0.1837623 0.3357984 0.9636532 -0.1916826 0.186092 0.8702342 -0.360463 0.3357961 0.9077411 -0.3759987 0.1860942 0.7831898 -0.5233108 0.335797 0.6660493 -0.6660481 0.335795 0.8169453 -0.5458656 0.1860944 0.5458653 -0.8169453 0.1860956 0.6947548 -0.694755 0.1860945 0.5233103 -0.7831899 0.3357977 0.3759989 -0.9077419 0.1860908 0.3604629 -0.8702346 0.3357952 0.1837625 -0.9238348 0.3357984 0 -0.9825317 0.1860952 0.1916824 -0.9636531 0.1860929 -1.34398e-7 -0.9419344 0.3357973 -0.1837623 -0.9238351 0.3357977 -0.1916825 -0.9636527 0.1860947 -0.3604629 -0.8702346 0.3357952 -0.3759989 -0.9077419 0.1860908 -0.5233103 -0.78319 0.3357977 -0.6660493 -0.6660481 0.335795 -0.5458653 -0.8169452 0.1860956 -0.8169453 -0.5458656 0.1860944 -0.6947548 -0.694755 0.1860945 -0.7831898 -0.5233108 0.335797 -0.9077411 -0.3759987 0.1860942 -0.8702342 -0.360463 0.3357961 -0.923835 -0.1837624 0.335798 -0.982532 -2.35483e-7 0.1860939 -0.9636533 -0.1916824 0.1860919 -0.9419349 0 0.3357956 -0.9238349 0.1837623 0.3357984 -0.9636532 0.1916826 0.186092 -0.8702342 0.360463 0.3357961 -0.9077411 0.3759987 0.1860942 -0.7831898 0.5233108 0.335797 -0.6660493 0.6660481 0.335795 -0.8169453 0.5458656 0.1860944 -0.5458653 0.8169453 0.1860956 -0.6947548 0.694755 0.1860945 -0.5233103 0.7831899 0.3357977 -0.3759989 0.9077419 0.1860908 -0.3604629 0.8702346 0.3357952 -0.1837625 0.9238348 0.3357984 -0.1916824 0.9636531 0.1860929 0 0.8087315 0.588178 0.123538 0.6210731 0.7739551 0.1577753 0.7931908 0.5881797 0 0.633243 0.7739531 0.07025861 0.3532205 0.9328982 0 0.3601416 0.9328977 0.02067792 0.1039419 0.9943684 0.242329 0.5850411 0.7739533 0.1378195 0.3327268 0.9328981 0.4493089 0.6724355 0.5881769 0.3518147 0.526522 0.7739515 0.2000895 0.2994464 0.9328966 0.05888533 0.08811807 0.9943681 0.4477682 0.4477707 0.7739542 0.2546575 0.2546583 0.9328981 0.07493728 0.07493811 0.9943686 0.6724383 0.4493062 0.5881757 0.5265232 0.3518104 0.7739526 0.2994496 0.2000837 0.9328969 0.08812808 0.05887848 0.9943675 0.5850355 0.2423328 0.7739563 0.3327197 0.1378201 0.9329004 0.6210774 0.1235383 0.7739517 0.3532276 0.07025992 0.9328954 0.1039475 0.0206753 0.9943679 0.633245 0 0.7739515 0.3601468 0 0.9328957 0.1059863 0 0.9943676 0.6210774 -0.1235383 0.7739517 0.7931941 -0.1577745 0.5881755 0.353218 -0.0702601 0.9328991 0.1039439 -0.0206753 0.9943683 0.5850355 -0.2423328 0.7739564 0.3327197 -0.1378201 0.9329006 0.09790706 -0.04055619 0.9943689 0.6724383 -0.4493064 0.5881758 0.5265232 -0.3518104 0.7739526 0.2994496 -0.2000837 0.9328969 0.08813071 -0.05887848 0.9943673 0.4477705 -0.4477702 0.7739531 0.2546575 -0.2546583 0.9328981 0.07493102 -0.07493817 0.994369 0.3518106 -0.5265232 0.7739527 0.4493055 -0.6724367 0.588178 0.2000895 -0.2994463 0.9328966 0.05888533 -0.08811807 0.9943681 0.242329 -0.5850411 0.7739533 0.1378195 -0.3327268 0.9328981 0.04055523 -0.09791117 0.9943685 0.123538 -0.6210732 0.7739552 0.07025861 -0.3532205 0.9328982 0.02067613 -0.1039419 0.9943684 0 -0.633243 0.7739531 0 -0.3601416 0.9328977 7.30462e-7 -0.1059792 0.9943684 -0.1235384 -0.621075 0.7739536 -0.1577755 -0.7931919 0.5881783 -0.07025885 -0.3532212 0.9328979 -0.02067798 -0.1039422 0.9943684 -0.2423281 -0.5850407 0.7739539 -0.1378179 -0.332726 0.9328985 -0.4493107 -0.6724349 0.5881761 -0.3518158 -0.5265213 0.7739517 -0.2000812 -0.2994464 0.9328985 -0.05887848 -0.08811849 0.9943684 -0.4477665 -0.4477713 0.7739549 -0.2546595 -0.2546584 0.9328975 -0.07494848 -0.07493811 0.9943677 -0.6724383 -0.4493063 0.5881757 -0.5265237 -0.3518105 0.7739525 -0.2994433 -0.200084 0.9328988 -0.08812373 -0.05887854 0.9943679 -0.5850355 -0.2423328 0.7739563 -0.3327197 -0.13782 0.9329004 -0.09790694 -0.04055613 0.9943689 -0.6210774 -0.1235383 0.7739517 -0.353218 -0.0702601 0.9328991 -0.1039439 -0.0206753 0.9943683 -0.633245 0 0.7739515 -0.3601468 0 0.9328957 -0.1059926 0 0.994367 -0.6210774 0.1235383 0.7739517 -0.7931941 0.1577745 0.5881755 -0.3532276 0.07025992 0.9328954 -0.103951 0.02067524 0.9943675 -0.5850354 0.2423329 0.7739564 -0.3327245 0.13782 0.9328987 -0.09791153 0.04055613 0.9943685 -0.6724381 0.4493061 0.588176 -0.5265234 0.3518103 0.7739526 -0.2994441 0.200084 0.9328986 -0.08812212 0.05887854 0.9943681 -0.4477709 0.4477699 0.7739531 -0.2546592 0.2546582 0.9328977 -0.07494175 0.07493811 0.9943681 -0.3518107 0.5265221 0.7739534 -0.4493062 0.6724361 0.5881782 -0.2000812 0.2994464 0.9328985 -0.05887317 0.08811849 0.9943687 -0.2423281 0.5850407 0.7739539 -0.1378179 0.3327261 0.9328985 -0.04055523 0.09791094 0.9943686 -0.1235384 0.621075 0.7739537 -0.07025885 0.3532212 0.9328979 -0.02067625 0.1039422 0.9943685 -7.30462e-7 0.1059792 0.9943684 0.01062673 -0.8809841 -0.4730265 -0.01062709 -0.880985 -0.4730249 -0.04437345 -0.4684442 -0.8823782 -3.2406e-7 -0.7440866 -0.6680832 -0.003596067 -0.1325312 -0.9911723 0.02675765 -0.5166099 -0.8558028 0.003596067 -0.1325305 -0.9911724 -0.02675855 -0.516611 -0.8558021 -0.01204878 -0.1445959 -0.9894175 0.04437309 -0.4684423 -0.8823791 -0.02938038 -0.1292828 -0.9911724 -0.07454115 -0.511902 -0.8558039 -0.04787033 -0.4680977 -0.8823792 -0.1349081 -0.4507852 -0.882379 -0.1270303 -0.5014643 -0.8558019 -0.02232897 -0.1306858 -0.9911724 -0.04002642 -0.1394665 -0.9894175 -0.1822968 -0.8619835 -0.4730249 -0.1614478 -0.8661288 -0.4730283 -0.1451616 -0.729786 -0.6680871 -0.05403709 -0.1210641 -0.9911729 -0.1729785 -0.4875237 -0.8558033 -0.04739385 -0.1238166 -0.9911727 -0.2202619 -0.4158022 -0.8823793 -0.2224171 -0.467047 -0.8558025 -0.3469578 -0.8098573 -0.4730239 -0.1382716 -0.4497671 -0.8823779 -0.3273192 -0.8179907 -0.4730258 -0.2847524 -0.6874461 -0.6680823 -0.07661843 -0.1081982 -0.9911724 -0.2647645 -0.4444126 -0.8558021 -0.07063883 -0.1121924 -0.9911726 -0.2971497 -0.3648443 -0.8823779 -0.3092617 -0.414682 -0.8558015 -0.4982882 -0.7266048 -0.4730268 -0.2233611 -0.4141476 -0.8823785 -0.4806134 -0.738415 -0.4730268 -0.4133983 -0.6186846 -0.6680804 -0.09625416 -0.09117037 -0.9911726 -0.3463786 -0.3842214 -0.8558013 -0.09117019 -0.09625571 -0.9911724 -0.362616 -0.2998627 -0.8823787 -0.3842196 -0.3463797 -0.8558017 -0.6304658 -0.615435 -0.4730252 -0.2998636 -0.3626136 -0.8823792 -0.6154344 -0.6304666 -0.473025 -0.5261475 -0.5261452 -0.668087 -0.1121918 -0.07063955 -0.9911726 -0.4146813 -0.30926 -0.8558024 -0.3648453 -0.2971512 -0.882377 -0.4141499 -0.2233576 -0.8823782 -0.4444097 -0.2647689 -0.8558023 -0.1081966 -0.07662183 -0.9911724 -0.126919 -0.07031464 -0.9894178 -0.7384144 -0.4806134 -0.4730276 -0.7266063 -0.4982879 -0.4730249 -0.6186846 -0.4133949 -0.6680824 -0.1238179 -0.04739499 -0.9911726 -0.4670473 -0.2224179 -0.8558021 -0.4158058 -0.2202619 -0.8823777 -0.449764 -0.1382686 -0.8823798 -0.4875241 -0.1729782 -0.855803 -0.1210652 -0.05403929 -0.9911726 -0.8179889 -0.3273217 -0.4730274 -0.8098549 -0.3469583 -0.4730274 -0.687443 -0.2847468 -0.6680878 -0.1306817 -0.02232801 -0.9911729 -0.5014631 -0.1270292 -0.8558028 -0.4507862 -0.1349096 -0.8823782 -0.468097 -0.0478636 -0.88238 -0.5119039 -0.07454466 -0.8558023 -0.1292811 -0.02938234 -0.9911726 -0.8661306 -0.1614491 -0.4730243 -0.8619841 -0.1822953 -0.4730242 -0.7297879 -0.1451622 -0.668085 -0.1325305 0.00359565 -0.9911725 -0.5166097 -0.02675843 -0.8558029 -0.4684436 -0.04437088 -0.8823785 -0.4684485 0.04437261 -0.8823758 -0.5166139 0.02675789 -0.8558003 -0.1325296 -0.003595829 -0.9911726 -0.1445997 0.01204919 -0.9894169 -0.8809844 0.01062941 -0.4730259 -0.8809846 -0.01062959 -0.4730256 -0.7440813 0 -0.6680891 -0.1292816 0.02938216 -0.9911726 -0.5119016 0.07454341 -0.8558038 -0.4680993 0.04786652 -0.8823785 -0.450788 0.1349086 -0.8823774 -0.5014649 0.1270289 -0.8558018 -0.1306834 0.02232903 -0.9911727 -0.139467 0.04002666 -0.9894175 -0.8619837 0.1822967 -0.4730243 -0.8661296 0.1614493 -0.4730262 -0.7297874 0.1451603 -0.6680861 -0.1210657 0.05403953 -0.9911726 -0.4875233 0.172978 -0.8558035 -0.1238178 0.04739558 -0.9911724 -0.4158067 0.2202598 -0.8823778 -0.4670462 0.2224208 -0.8558019 -0.1289792 0.06646674 -0.9894174 -0.8098545 0.3469583 -0.4730281 -0.4497666 0.1382699 -0.8823783 -0.8179899 0.3273181 -0.473028 -0.6874409 0.2847465 -0.6680901 -0.1081967 0.07662069 -0.9911724 -0.4444099 0.2647664 -0.855803 -0.1121921 0.0706399 -0.9911726 -0.3648423 0.2971506 -0.8823785 -0.4146812 0.3092604 -0.8558024 -0.7266061 0.4982879 -0.4730252 -0.4141466 0.2233576 -0.8823797 -0.7384139 0.480613 -0.4730288 -0.6186819 0.413395 -0.6680849 -0.09117078 0.09625506 -0.9911726 -0.3842209 0.3463777 -0.8558019 -0.3626133 0.2998632 -0.8823796 -0.2998663 0.3626143 -0.8823781 -0.3463774 0.3842198 -0.8558025 -0.0962544 0.09116977 -0.9911727 -0.6154352 0.6304647 -0.4730263 -0.6304671 0.6154327 -0.4730263 -0.5261455 0.5261434 -0.6680899 -0.07064253 0.1121938 -0.9911721 -0.3092615 0.4146817 -0.8558016 -0.07662034 0.108196 -0.9911726 -0.2233591 0.4141495 -0.8823781 -0.2647634 0.4444089 -0.8558043 -0.0703141 0.1269206 -0.9894176 -0.4806101 0.7384176 -0.4730259 -0.297141 0.364844 -0.8823809 -0.498285 0.7266063 -0.4730278 -0.4133896 0.6186829 -0.6680872 -0.04739397 0.1238162 -0.9911727 -0.2224198 0.4670476 -0.8558014 -0.2202601 0.4158038 -0.882379 -0.13827 0.4497656 -0.8823788 -0.1729784 0.4875271 -0.8558014 -0.05403697 0.1210645 -0.9911728 -0.0442025 0.1381993 -0.9894176 -0.327318 0.817991 -0.473026 -0.3469591 0.8098568 -0.4730237 -0.2847537 0.6874459 -0.668082 -0.02232873 0.1306859 -0.9911724 -0.1270303 0.5014649 -0.8558015 -0.02938115 0.1292831 -0.9911724 -0.04787033 0.4680985 -0.8823788 -0.07454115 0.5119038 -0.8558026 -0.1614475 0.866129 -0.4730278 -0.1349076 0.4507864 -0.8823785 -0.1822961 0.8619831 -0.4730257 -0.1451627 0.7297869 -0.668086 0.003596186 0.1325312 -0.9911724 -0.02675849 0.5166118 -0.8558015 -0.00359553 0.1325296 -0.9911726 0.04437267 0.4684438 -0.8823783 0.0267567 0.5166122 -0.8558014 0.01204913 0.1445959 -0.9894174 0.01062899 0.8809852 -0.4730248 -0.04437142 0.4684444 -0.8823781 -0.01062744 0.8809847 -0.4730255 6.66344e-6 0.7440855 -0.6680845 0.02938151 0.1292831 -0.9911724 0.0745424 0.5119057 -0.8558015 0.04787176 0.4681004 -0.8823776 0.1349097 0.450787 -0.8823778 0.12703 0.5014652 -0.8558015 0.02232956 0.1306858 -0.9911724 0.04002642 0.1394664 -0.9894175 0.1822968 0.8619835 -0.4730246 0.1614472 0.8661285 -0.4730288 0.1451646 0.7297856 -0.6680871 0.05403798 0.1210643 -0.9911728 0.1729791 0.4875247 -0.8558025 0.04739385 0.1238167 -0.9911727 0.2202622 0.4158028 -0.8823789 0.222417 0.4670469 -0.8558025 0.3469579 0.8098573 -0.4730238 0.1382713 0.4497659 -0.8823784 0.3273193 0.8179904 -0.4730263 0.2847523 0.6874458 -0.6680828 0.07662081 0.1081973 -0.9911724 0.2647671 0.444411 -0.8558022 0.07063794 0.1121928 -0.9911727 0.2971516 0.3648449 -0.882377 0.3092608 0.4146823 -0.8558016 0.09034973 0.1135329 -0.9894177 0.4982872 0.7266055 -0.4730268 0.2233604 0.4141499 -0.8823775 0.4806122 0.7384149 -0.4730278 0.4133963 0.6186848 -0.6680814 0.09625405 0.09117054 -0.9911726 0.3463785 0.3842198 -0.8558021 0.09116977 0.0962556 -0.9911725 0.3626157 0.2998647 -0.8823781 0.3842208 0.3463786 -0.8558017 0.6304658 0.6154351 -0.4730249 0.2998648 0.362615 -0.8823783 0.6154333 0.6304675 -0.4730249 0.5261434 0.5261504 -0.6680861 0.1121918 0.07063955 -0.9911726 0.4146813 0.30926 -0.8558024 0.3648453 0.2971512 -0.882377 0.4141499 0.2233576 -0.8823782 0.4444097 0.2647689 -0.8558023 0.1081966 0.07662183 -0.9911724 0.126919 0.07031464 -0.9894178 0.7384144 0.4806134 -0.4730276 0.7266063 0.4982879 -0.4730249 0.6186846 0.4133949 -0.6680824 0.1238179 0.04739499 -0.9911726 0.4670473 0.2224179 -0.8558021 0.4158058 0.2202619 -0.8823777 0.449764 0.1382686 -0.8823798 0.4875241 0.1729782 -0.855803 0.1210652 0.05403929 -0.9911726 0.8179889 0.3273217 -0.4730274 0.8098549 0.3469583 -0.4730274 0.687443 0.2847468 -0.6680878 0.1306817 0.02232801 -0.9911729 0.5014631 0.1270292 -0.8558028 0.4507862 0.1349096 -0.8823782 0.468097 0.0478636 -0.88238 0.5119039 0.07454466 -0.8558023 0.1292811 0.02938234 -0.9911726 0.8661306 0.1614491 -0.4730243 0.8619841 0.1822953 -0.4730242 0.7297879 0.1451622 -0.668085 0.1325305 -0.00359565 -0.9911725 0.5166097 0.02675843 -0.8558029 0.4684436 0.04437088 -0.8823785 0.4684485 -0.04437261 -0.8823758 0.5166139 -0.02675789 -0.8558003 0.1325296 0.003595829 -0.9911726 0.1445997 -0.01204919 -0.9894169 0.8809844 -0.01062941 -0.4730259 0.8809846 0.01062959 -0.4730256 0.7440813 0 -0.6680891 0.1292816 -0.02938216 -0.9911726 0.5119016 -0.07454341 -0.8558038 0.4680993 -0.04786652 -0.8823785 0.450788 -0.1349086 -0.8823774 0.5014649 -0.1270289 -0.8558018 0.1306834 -0.02232903 -0.9911727 0.139467 -0.04002666 -0.9894175 0.8619837 -0.1822967 -0.4730243 0.8661296 -0.1614493 -0.4730262 0.7297874 -0.1451603 -0.6680861 0.1210657 -0.05403953 -0.9911726 0.4875233 -0.172978 -0.8558035 0.1238178 -0.04739558 -0.9911724 0.4158067 -0.2202598 -0.8823778 0.4670462 -0.2224208 -0.8558019 0.1289792 -0.06646674 -0.9894174 0.8098545 -0.3469583 -0.4730281 0.4497666 -0.1382699 -0.8823783 0.8179899 -0.3273181 -0.473028 0.6874409 -0.2847465 -0.6680901 0.1081967 -0.07662069 -0.9911724 0.4444099 -0.2647664 -0.855803 0.1121921 -0.0706399 -0.9911726 0.3648423 -0.2971506 -0.8823785 0.4146812 -0.3092604 -0.8558024 0.7266061 -0.4982879 -0.4730252 0.4141466 -0.2233576 -0.8823797 0.7384139 -0.480613 -0.4730288 0.6186819 -0.413395 -0.6680849 0.0911712 -0.09625566 -0.9911724 0.3842207 -0.3463794 -0.8558012 0.096255 -0.09117019 -0.9911726 0.2998648 -0.3626164 -0.8823778 0.3463793 -0.3842201 -0.8558015 0.6154362 -0.6304658 -0.4730236 0.3626174 -0.2998635 -0.8823779 0.6304665 -0.6154346 -0.4730248 0.5261467 -0.5261462 -0.6680866 0.07063883 -0.1121925 -0.9911726 0.3092612 -0.4146801 -0.8558025 0.297151 -0.3648427 -0.8823782 0.22336 -0.4141455 -0.8823797 0.2647643 -0.4444118 -0.8558026 0.07661873 -0.1081981 -0.9911725 0.07031351 -0.1269217 -0.9894175 0.4806154 -0.738413 -0.4730275 0.4982873 -0.7266048 -0.4730277 0.4133995 -0.6186798 -0.668084 0.04739582 -0.1238179 -0.9911725 0.2224209 -0.467045 -0.8558025 0.2202603 -0.4158046 -0.8823786 0.1382711 -0.4497614 -0.8823808 0.1729761 -0.4875257 -0.8558025 0.05403846 -0.1210654 -0.9911726 0.3273226 -0.8179883 -0.4730274 0.3469594 -0.8098552 -0.4730261 0.2847545 -0.6874424 -0.6680852 0.02232879 -0.1306865 -0.9911724 0.1270313 -0.5014631 -0.8558025 0.02937901 -0.1292825 -0.9911726 0.04786652 -0.4680973 -0.8823796 0.0745446 -0.5119045 -0.8558019 0.1614477 -0.8661301 -0.4730258 0.1349027 -0.4507852 -0.8823797 0.182296 -0.8619838 -0.4730245 0.1451587 -0.7297863 -0.6680876 0.01115608 0.127051 -0.9918335 0.05099701 0.4968539 -0.8663345 -0.06011861 0.4341443 -0.8988351 0.06011813 0.4341419 -0.8988362 -0.05099684 0.4968509 -0.8663362 -0.01115536 0.1270511 -0.9918335 -0.08191657 0.8452347 -0.5280796 0.08191663 0.845235 -0.528079 -9.97562e-7 0.7007749 -0.7133826 0.2452412 0.8130149 -0.5280755 0.08455443 0.8449786 -0.5280737 0.1436576 0.4140679 -0.8988383 0.136715 0.6873039 -0.713388 0.03572678 0.1224325 -0.9918336 0.1469448 0.4773552 -0.8663367 0.02573645 0.4375261 -0.8988375 0.04691648 0.4972526 -0.8663365 0.01384735 0.126784 -0.9918337 0.3991392 0.7495471 -0.5280787 0.2477786 0.8122444 -0.5280765 0.2216813 0.3780879 -0.8988366 0.268176 0.6474258 -0.7133874 0.05892711 0.1131123 -0.9918333 0.2372506 0.4395167 -0.8663356 0.06614744 0.1280758 -0.9895561 0.03831374 0.1216495 -0.9918334 0.1430231 0.478546 -0.866336 0.1105988 0.4241001 -0.8988365 0.5377018 0.6572774 -0.5280752 0.4014775 0.7483014 -0.528073 0.2911818 0.3275743 -0.8988372 0.3893274 0.5826699 -0.7133864 0.07985985 0.09944152 -0.9918336 0.3184371 0.3847864 -0.8663355 0.08985984 0.1127082 -0.9895565 0.1912106 0.3943759 -0.898836 0.2336373 0.4414498 -0.8663347 0.06130909 0.1118367 -0.9918335 0.655599 0.5397466 -0.5280755 0.5397493 0.6555967 -0.5280756 0.3494952 0.2644751 -0.8988359 0.4955249 0.4955186 -0.7133839 0.09773004 0.08195227 -0.991833 0.3873893 0.3152694 -0.8663342 0.1101259 0.09301334 -0.989556 0.2644737 0.3494942 -0.8988368 0.3152702 0.3873873 -0.8663347 0.08195149 0.09772628 -0.9918335 0.7483023 0.401476 -0.5280727 0.6572766 0.5377023 -0.5280755 0.3943738 0.1912091 -0.8988373 0.5826736 0.3893266 -0.7133837 0.1118372 0.06131041 -0.9918334 0.4414514 0.2336361 -0.8663342 0.3275759 0.2911822 -0.8988366 0.3847866 0.318439 -0.8663349 0.09944266 0.0798614 -0.9918333 0.812245 0.2477791 -0.5280754 0.7495467 0.3991408 -0.528078 0.4241006 0.1105993 -0.8988363 0.6474291 0.2681711 -0.7133862 0.1216495 0.03831499 -0.9918333 0.4785479 0.1430242 -0.8663349 0.1373353 0.04379075 -0.9895562 0.1131118 0.05892598 -0.9918334 0.4395144 0.2372514 -0.8663365 0.3780922 0.2216792 -0.8988353 0.844978 0.08455145 -0.528075 0.8130153 0.2452396 -0.5280756 0.4375243 0.02573198 -0.8988384 0.6873049 0.1367087 -0.7133883 0.126786 0.01384556 -0.9918335 0.4972544 0.04691427 -0.8663355 0.1432372 0.01615673 -0.9895565 0.1224316 0.03572762 -0.9918337 0.4773552 0.146947 -0.8663364 0.4140679 0.1436592 -0.8988381 0.8452365 -0.08191925 -0.5280764 0.8452364 0.08191853 -0.5280766 0.4341395 -0.06011819 -0.8988375 0.700773 -5.08859e-7 -0.7133844 0.127051 -0.01115512 -0.9918335 0.4968537 -0.05099689 -0.8663347 0.4341415 0.06012064 -0.8988363 0.496853 0.050996 -0.8663351 0.1270521 0.011155 -0.9918333 0.8130134 -0.2452418 -0.5280773 0.8449769 -0.084553 -0.5280765 0.4140692 -0.1436601 -0.8988373 0.6873043 -0.1367144 -0.7133877 0.1224336 -0.03572672 -0.9918335 0.4773539 -0.1469445 -0.8663375 0.4375236 -0.02573609 -0.8988387 0.497251 -0.04691582 -0.8663374 0.1267837 -0.01384711 -0.9918338 0.7495471 -0.3991408 -0.5280774 0.8122454 -0.2477771 -0.5280756 0.3780881 -0.2216827 -0.898836 0.6474282 -0.2681785 -0.7133843 0.1131122 -0.05892676 -0.9918333 0.4395179 -0.2372506 -0.8663349 0.1216471 -0.03831422 -0.9918337 0.4785466 -0.1430222 -0.8663358 0.4240982 -0.1105991 -0.8988373 0.6572777 -0.5376998 -0.5280768 0.748302 -0.4014768 -0.5280725 0.327577 -0.2911826 -0.8988359 0.5826735 -0.3893266 -0.7133839 0.09944289 -0.07986158 -0.9918333 0.3847861 -0.3184386 -0.8663351 0.1127129 -0.08986097 -0.9895559 0.1118358 -0.06131023 -0.9918336 0.441451 -0.2336344 -0.8663349 0.3943756 -0.1912115 -0.8988361 0.5397476 -0.6555969 -0.5280771 0.655597 -0.5397483 -0.528076 0.2644723 -0.3494979 -0.8988357 0.4955198 -0.4955205 -0.7133859 0.08195275 -0.09772753 -0.9918332 0.3152702 -0.3873888 -0.866334 0.09301745 -0.1101233 -0.9895558 0.3494919 -0.2644776 -0.8988365 0.3873866 -0.3152688 -0.8663356 0.09772557 -0.08195161 -0.9918336 0.4014787 -0.7483014 -0.5280718 0.5377016 -0.6572762 -0.5280768 0.1912118 -0.3943738 -0.8988368 0.3893287 -0.5826669 -0.713388 0.06131076 -0.1118374 -0.9918335 0.2336357 -0.4414502 -0.8663348 0.2911821 -0.3275751 -0.8988368 0.3184357 -0.3847877 -0.8663356 0.07986092 -0.09944385 -0.9918333 0.2477763 -0.8122448 -0.5280771 0.3991373 -0.7495489 -0.5280776 0.1105973 -0.424102 -0.8988359 0.2681758 -0.647433 -0.7133809 0.0383147 -0.1216484 -0.9918336 0.1430208 -0.4785475 -0.8663356 0.2216808 -0.3780888 -0.8988363 0.237252 -0.4395166 -0.8663352 0.0589267 -0.113111 -0.9918335 0.08455312 -0.844978 -0.5280747 0.2452415 -0.8130145 -0.528076 0.02573299 -0.4375234 -0.8988388 0.1367087 -0.6873008 -0.7133922 0.01384752 -0.1267847 -0.9918336 0.04691851 -0.4972532 -0.8663359 0.01615887 -0.1432366 -0.9895566 0.03572595 -0.1224346 -0.9918334 0.1469439 -0.4773551 -0.8663369 0.1436564 -0.4140697 -0.8988377 -0.08191788 -0.8452333 -0.5280817 0.08191794 -0.8452344 -0.5280798 -0.06011903 -0.4341415 -0.8988364 -3.52171e-6 -0.70077 -0.7133873 -0.01115518 -0.1270528 -0.9918332 -0.05099427 -0.4968526 -0.8663355 0.01115596 -0.1270523 -0.9918333 0.05099731 -0.4968532 -0.866335 0.06011885 -0.4341416 -0.8988364 -0.2452415 -0.8130152 -0.5280749 -0.08455532 -0.8449777 -0.5280749 -0.1436563 -0.4140698 -0.8988378 -0.1367164 -0.6873034 -0.7133883 -0.03572762 -0.1224336 -0.9918335 -0.1469459 -0.4773561 -0.866336 -0.02573591 -0.4375243 -0.8988382 -0.04691505 -0.4972531 -0.8663362 -0.01384752 -0.1267848 -0.9918336 -0.3991394 -0.7495474 -0.5280782 -0.2477781 -0.8122463 -0.5280739 -0.2216815 -0.3780874 -0.8988366 -0.2681764 -0.6474256 -0.7133874 -0.05892682 -0.1131119 -0.9918333 -0.2372504 -0.439517 -0.8663355 -0.06614732 -0.1280757 -0.9895561 -0.03831332 -0.121649 -0.9918335 -0.1430227 -0.4785466 -0.8663358 -0.1105974 -0.4241001 -0.8988368 -0.5376994 -0.6572778 -0.5280771 -0.4014794 -0.7483001 -0.5280732 -0.2911796 -0.3275768 -0.8988371 -0.389327 -0.5826671 -0.7133889 -0.07986176 -0.099442 -0.9918333 -0.3184365 -0.3847842 -0.8663368 -0.06131064 -0.111837 -0.9918335 -0.2336371 -0.4414489 -0.8663352 -0.1912105 -0.3943762 -0.898836 -0.6555988 -0.5397472 -0.5280751 -0.5397483 -0.6555972 -0.5280758 -0.3494938 -0.2644742 -0.8988367 -0.4955232 -0.4955222 -0.7133824 -0.09772783 -0.08195167 -0.9918333 -0.3873898 -0.3152685 -0.8663343 -0.1101257 -0.0930134 -0.989556 -0.2644704 -0.3494968 -0.8988367 -0.3152689 -0.3873876 -0.8663351 -0.08195024 -0.09772747 -0.9918334 -0.7483023 -0.401476 -0.5280727 -0.6572766 -0.5377023 -0.5280755 -0.3943738 -0.1912091 -0.8988373 -0.5826736 -0.3893266 -0.7133837 -0.1118372 -0.06131041 -0.9918334 -0.4414514 -0.2336361 -0.8663342 -0.3275759 -0.2911822 -0.8988366 -0.3847866 -0.318439 -0.8663349 -0.09944266 -0.0798614 -0.9918333 -0.812245 -0.2477791 -0.5280754 -0.7495467 -0.3991408 -0.528078 -0.4241006 -0.1105993 -0.8988363 -0.6474291 -0.2681711 -0.7133862 -0.1216495 -0.03831499 -0.9918333 -0.4785479 -0.1430242 -0.8663349 -0.1373353 -0.04379075 -0.9895562 -0.1131118 -0.05892598 -0.9918334 -0.4395144 -0.2372514 -0.8663365 -0.3780922 -0.2216792 -0.8988353 -0.844978 -0.08455145 -0.528075 -0.8130153 -0.2452396 -0.5280756 -0.4375243 -0.02573198 -0.8988384 -0.6873049 -0.1367087 -0.7133883 -0.126786 -0.01384556 -0.9918335 -0.4972544 -0.04691427 -0.8663355 -0.1432372 -0.01615673 -0.9895565 -0.1224316 -0.03572762 -0.9918337 -0.4773552 -0.146947 -0.8663364 -0.4140679 -0.1436592 -0.8988381 -0.8452365 0.08191925 -0.5280764 -0.8452364 -0.08191853 -0.5280766 -0.4341395 0.06011819 -0.8988375 -0.700773 5.08859e-7 -0.7133844 -0.127051 0.01115512 -0.9918335 -0.4968537 0.05099689 -0.8663347 -0.4341415 -0.06012064 -0.8988363 -0.496853 -0.050996 -0.8663351 -0.1270521 -0.011155 -0.9918333 -0.8130134 0.2452418 -0.5280773 -0.8449769 0.084553 -0.5280765 -0.4140692 0.1436601 -0.8988373 -0.6873043 0.1367144 -0.7133877 -0.1224336 0.03572672 -0.9918335 -0.4773539 0.1469445 -0.8663375 -0.4375236 0.02573609 -0.8988387 -0.497251 0.04691582 -0.8663374 -0.1267837 0.01384711 -0.9918338 -0.7495471 0.3991408 -0.5280774 -0.8122454 0.2477771 -0.5280756 -0.3780881 0.2216827 -0.898836 -0.6474282 0.2681785 -0.7133843 -0.1131122 0.05892676 -0.9918333 -0.4395179 0.2372506 -0.8663349 -0.1216471 0.03831422 -0.9918337 -0.4785466 0.1430222 -0.8663358 -0.4240982 0.1105991 -0.8988373 -0.6572777 0.5376998 -0.5280768 -0.748302 0.4014768 -0.5280725 -0.327577 0.2911826 -0.8988359 -0.5826735 0.3893266 -0.7133839 -0.09944289 0.07986158 -0.9918333 -0.3847861 0.3184386 -0.8663351 -0.1127129 0.08986097 -0.9895559 -0.1118358 0.06131023 -0.9918336 -0.441451 0.2336344 -0.8663349 -0.3943756 0.1912115 -0.8988361 -0.5397478 0.6555965 -0.5280774 -0.655597 0.5397483 -0.528076 -0.2644723 0.3494979 -0.8988357 -0.4955198 0.4955205 -0.7133859 -0.08195167 0.09772759 -0.9918333 -0.3152704 0.3873875 -0.8663346 -0.0930171 0.1101233 -0.9895558 -0.3494919 0.2644776 -0.8988365 -0.3873866 0.3152688 -0.8663356 -0.09772574 0.08195161 -0.9918335 -0.401479 0.748301 -0.5280723 -0.5376998 0.6572783 -0.5280759 -0.1912101 0.3943748 -0.8988366 -0.3893257 0.5826687 -0.7133883 -0.06130951 0.1118371 -0.9918335 -0.2336356 0.4414497 -0.8663352 -0.0798608 0.09944152 -0.9918336 -0.3184353 0.3847864 -0.8663362 -0.2911801 0.3275752 -0.8988374 -0.24778 0.812247 -0.5280719 -0.3991401 0.7495469 -0.5280783 -0.1105994 0.4240998 -0.8988367 -0.268178 0.6474246 -0.7133877 -0.0383141 0.1216484 -0.9918336 -0.143023 0.4785485 -0.8663348 -0.0437901 0.1373343 -0.9895564 -0.2216804 0.3780882 -0.8988365 -0.2372508 0.4395162 -0.8663358 -0.05892598 0.1131118 -0.9918334 -0.08455264 0.8449795 -0.5280727 -0.2452403 0.813014 -0.5280771 -0.02573215 0.4375271 -0.8988371 -0.1367081 0.6873036 -0.7133895 -0.01384484 0.1267862 -0.9918335 -0.04691535 0.4972547 -0.8663353 -0.01615619 0.1432393 -0.9895562 -0.1436589 0.4140673 -0.8988384 -0.1469451 0.477353 -0.8663378 -0.0357272 0.1224324 -0.9918337 0 -1 0 0 0 -1 -6.7465e-7 0 -1 -2.02394e-5 0 -1 0 0 -1 2.02394e-5 0 -1 2.06824e-6 0 -1 1.30068e-5 0 -1 9.20129e-7 0 -1 6.74653e-7 0 -1 -2.02392e-5 0 -1 1.25378e-5 0 -1 9.11206e-7 0 -1 2.19058e-7 0 -1 2.02393e-5 0 -1 -1.25378e-5 0 -1 -9.11203e-7 0 -1 -2.64249e-5 0 -1 -1.82241e-6 0 -1 2.02394e-5 0 -1 -1.25378e-5 0 -1 -9.11202e-7 0 -1</float_array>
          <technique_common>
            <accessor source="#Cylinder_003-mesh-normals-array" count="1912" stride="3">
              <param name="X" type="float"/>
              <param name="Y" type="float"/>
              <param name="Z" type="float"/>
            </accessor>
          </technique_common>
        </source>
        <source id="Cylinder_003-mesh-map-0">
          <float_array id="Cylinder_003-mesh-map-0-array" count="22248">0.6255855 0.4049825 0.6208056 0.389205 0.6277908 0.4048587 0.6280475 0.4060866 0.6257961 0.4214186 0.6257961 0.406213 0.6298163 0.4059379 0.6280475 0.4212921 0.6280475 0.4060866 0.7011367 0.4049931 0.7029055 0.3899363 0.7029055 0.4051418 0.6988855 0.4048667 0.7011367 0.3897876 0.7011367 0.4049931 0.6962382 0.4047673 0.6988855 0.3896611 0.6988855 0.4048667 0.6932967 0.4046989 0.6962382 0.3895618 0.6962382 0.4047673 0.6901741 0.404664 0.6932967 0.3894934 0.6932967 0.4046989 0.6869902 0.404664 0.6901741 0.3894585 0.6901741 0.404664 0.6838676 0.4046989 0.6869903 0.3894585 0.6869902 0.404664 0.6809261 0.4047673 0.6838676 0.3894934 0.6838676 0.4046989 0.6782789 0.4048667 0.6809261 0.3895618 0.6809261 0.4047673 0.7432846 0.403991 0.7460924 0.3905618 0.7460924 0.404578 0.7402378 0.4036295 0.7432846 0.3899747 0.7432846 0.403991 0.7370693 0.4035074 0.7402378 0.3896132 0.7402378 0.4036295 0.7339009 0.4036295 0.7370693 0.3894912 0.7370693 0.4035074 0.7308541 0.403991 0.7339009 0.3896132 0.7339009 0.4036295 0.7280462 0.404578 0.7308541 0.3899747 0.7308541 0.403991 0.7687177 0.4047673 0.771365 0.3896611 0.771365 0.4048667 0.7657763 0.4046989 0.7687177 0.3895618 0.7687177 0.4047673 0.7626536 0.404664 0.7657763 0.3894934 0.7657763 0.4046989 0.7594698 0.404664 0.7626536 0.3894585 0.7626536 0.404664 0.7563471 0.4046989 0.7594698 0.3894585 0.7594698 0.404664 0.7534057 0.4047673 0.7563471 0.3894934 0.7563471 0.4046989 0.7507584 0.4048667 0.7534057 0.3895618 0.7534057 0.4047673 0.7485072 0.4049931 0.7507584 0.3896611 0.7507584 0.4048667 0.6078369 0.4063124 0.6051896 0.4214186 0.6051896 0.406213 0.6107783 0.4063808 0.6078369 0.4215179 0.6078369 0.4063124 0.613901 0.4064157 0.6107783 0.4215863 0.6107783 0.4063808 0.6170848 0.4064157 0.613901 0.4216212 0.613901 0.4064157 0.6174879 0.3893294 0.6229924 0.4050799 0.6201111 0.4051468 0.6202074 0.4063808 0.6170848 0.4216212 0.6170848 0.4064157 0.6231489 0.4063123 0.6202074 0.4215863 0.6202074 0.4063808 0.5362383 0.4040278 0.5366302 0.4015101 0.5367329 0.4015412 0.5571553 0.4219635 0.5546792 0.4225649 0.5546687 0.4224581 0.5684372 0.4008564 0.5675616 0.3984636 0.5685399 0.4008253 0.5424565 0.3929753 0.5445139 0.3914722 0.5445645 0.3915668 0.5445645 0.4204483 0.5423884 0.4191227 0.5424565 0.4190397 0.5684372 0.4111586 0.5675616 0.4135515 0.567467 0.4135009 0.5546687 0.389557 0.5571864 0.3899489 0.5571552 0.3900516 0.5361682 0.4047399 0.5360614 0.4072857 0.5360614 0.4047294 0.55784 0.4217558 0.5602328 0.4208802 0.5578711 0.4218585 0.5657212 0.3957751 0.5672243 0.3978325 0.5671297 0.3978831 0.5419033 0.3934292 0.5400277 0.3951539 0.5418353 0.3933463 0.5451956 0.4207856 0.5475067 0.4218585 0.545145 0.4208802 0.5691395 0.4079873 0.5687476 0.410505 0.5686449 0.4104738 0.5539565 0.3894868 0.5514107 0.38938 0.5539671 0.38938 0.5367329 0.4104738 0.5361315 0.4079978 0.5362383 0.4079873 0.5629214 0.4190397 0.5608639 0.4205429 0.5608133 0.4204483 0.5652672 0.395222 0.5635426 0.3933463 0.5653501 0.3951539 0.5382481 0.3978831 0.5395737 0.395707 0.5396566 0.3957751 0.5507091 0.4224581 0.5481914 0.4220662 0.5482226 0.4219635 0.5692096 0.4072751 0.5693164 0.4047294 0.5693164 0.4072857 0.5482226 0.3900516 0.5506986 0.3894501 0.5507091 0.389557 0.8415158 0.4103458 0.8381705 0.4071785 0.8414707 0.4072576 0.5634745 0.4185858 0.5653501 0.4168612 0.5635426 0.4186688 0.5608133 0.3915668 0.5629894 0.3928924 0.5629214 0.3929753 0.5369406 0.4008564 0.5378162 0.3984636 0.5379108 0.3985142 0.5514213 0.4225283 0.5539671 0.422635 0.5514107 0.422635 0.5686449 0.4015412 0.5692463 0.4040173 0.5691395 0.4040278 0.5475378 0.3902593 0.545145 0.3911348 0.5475067 0.3901566 0.5369406 0.4111586 0.5378162 0.4135515 0.5368379 0.4111897 0.832872 0.4018675 0.8280657 0.4013941 0.8340149 0.3902639 0.5671297 0.4141319 0.5658041 0.416308 0.5657212 0.4162399 0.55784 0.3902593 0.5602328 0.3911348 0.5601823 0.3912295 0.6134978 0.3893294 0.6139335 0.4051811 0.6108747 0.4051468 0.7384102 0.422477 0.7370693 0.4047582 0.7401731 0.4048778 0.6079933 0.4050799 0.6134978 0.3893294 0.6108747 0.4051468 0.7431575 0.4052319 0.7384102 0.422477 0.7401731 0.4048778 0.6111328 0.3892585 0.6079933 0.4050799 0.6054002 0.4049825 0.7408877 0.4228783 0.7431575 0.4052319 0.745908 0.4058069 0.7509691 0.4060971 0.7557489 0.4218747 0.7487637 0.406221 0.7483188 0.4065808 0.7408877 0.4228783 0.745908 0.4058069 0.7578219 0.4217792 0.7509691 0.4060971 0.7535622 0.4059998 0.6865871 0.4217502 0.6810826 0.4059998 0.683964 0.4059328 0.7590667 0.4217502 0.7535622 0.4059998 0.7564435 0.4059328 0.6870228 0.4058986 0.6865871 0.4217502 0.683964 0.4059328 0.760388 0.4217354 0.7564435 0.4059328 0.7595024 0.4058986 0.6892558 0.4217355 0.6870228 0.4058986 0.6901415 0.4058986 0.7626211 0.4058986 0.760388 0.4217354 0.7595024 0.4058986 0.6905772 0.4217502 0.6901415 0.4058986 0.6932004 0.4059328 0.7630568 0.4217502 0.7626211 0.4058986 0.7656799 0.4059328 0.5419033 0.4185858 0.5400277 0.4168612 0.5401106 0.4167931 0.6918219 0.4217792 0.6932004 0.4059328 0.6960817 0.4059998 0.7685613 0.4059998 0.7630568 0.4217502 0.7656799 0.4059328 0.6986748 0.4060971 0.6918219 0.4217792 0.6960817 0.4059998 0.733251 0.4228783 0.7258198 0.4065808 0.7282307 0.4058069 0.6938949 0.4218747 0.6986748 0.4060971 0.7008801 0.406221 0.7309812 0.4052319 0.733251 0.4228783 0.7282307 0.4058069 0.6161665 0.3893442 0.6201111 0.4051468 0.6170522 0.4051811 0.7026128 0.4063667 0.6938949 0.4218747 0.7008801 0.406221 0.7357285 0.422477 0.7309812 0.4052319 0.7339656 0.4048778 0.6139335 0.4051811 0.6161665 0.3893442 0.6170522 0.4051811 0.6208056 0.389205 0.6295235 0.404713 0.6277908 0.4048587 0.7370693 0.4224253 0.7339656 0.4048778 0.7370693 0.4047582 0.8277792 0.4179845 0.8246679 0.4146585 0.8276511 0.4146585 0.7842236 0.4182671 0.786755 0.4002407 0.786755 0.4177379 0.8417082 0.4154898 0.8382945 0.4129865 0.841596 0.4131255 0.8414914 0.4006375 0.8381624 0.4039338 0.838191 0.4006259 0.8281587 0.4211828 0.8247948 0.4179506 0.8277792 0.4179845 0.8460568 0.3909915 0.8428896 0.3893215 0.8461933 0.3891331 0.8414707 0.4072576 0.8381624 0.4039338 0.8414624 0.4039795 0.8287749 0.4241302 0.8251704 0.4211162 0.8281587 0.4211828 0.8459491 0.393356 0.8427546 0.3911608 0.8460568 0.3909915 0.8337815 0.4076832 0.8305893 0.4050076 0.8338921 0.4049046 0.8459491 0.393356 0.8425738 0.3962527 0.842648 0.3935012 0.8337028 0.4107708 0.8304799 0.4077578 0.8337815 0.4076832 0.845835 0.3992241 0.8425738 0.3962527 0.8458742 0.3961358 0.8418482 0.4173479 0.8384056 0.4153267 0.8417082 0.4154898 0.8336589 0.4140486 0.830402 0.4108139 0.8337028 0.4107708 0.8458331 0.4025022 0.842535 0.3993095 0.845835 0.3992241 0.8336589 0.4140486 0.8303511 0.4173663 0.8303585 0.4140583 0.8458684 0.4058442 0.8425331 0.4025542 0.8458331 0.4025022 0.8336807 0.4206687 0.8303511 0.4173663 0.8336514 0.4173907 0.8459396 0.4091215 0.842568 0.405862 0.8458684 0.4058442 0.8337456 0.4237566 0.8303801 0.4206109 0.8336807 0.4206687 0.8460441 0.4122083 0.8426386 0.4091059 0.8459396 0.4091215 0.8338437 0.4265357 0.8304443 0.4236672 0.8337456 0.4237566 0.8461778 0.414986 0.842742 0.4121612 0.8460441 0.4122083 0.8417833 0.3914951 0.8386316 0.389239 0.8419365 0.3891331 0.8281587 0.4081342 0.8257803 0.4052833 0.8287749 0.4051867 0.841655 0.394273 0.8384799 0.3915768 0.8417833 0.3914951 0.8281587 0.4081342 0.8247948 0.4113664 0.8251704 0.4082008 0.8415564 0.39736 0.8383529 0.3943264 0.841655 0.394273 0.8276511 0.4146585 0.8247948 0.4113664 0.8277792 0.4113324 0.8414914 0.4006375 0.8382554 0.3973819 0.8415564 0.39736 0.7895019 0.4174119 0.7923584 0.3998048 0.7923584 0.4173019 0.7074103 0.3896554 0.7050237 0.4085475 0.7050237 0.3895658 0.7100623 0.3897171 0.7074103 0.4086371 0.7074103 0.3896554 0.7128775 0.3897485 0.7100623 0.4086988 0.7100623 0.3897171 0.715748 0.3897485 0.7128775 0.4087303 0.7128775 0.3897485 0.7185632 0.3897171 0.715748 0.4087303 0.715748 0.3897485 0.7212151 0.3896554 0.7185632 0.4086988 0.7185632 0.3897171 0.7236018 0.3895658 0.7212151 0.4086371 0.7212151 0.3896554 0.6560763 0.3896808 0.6540467 0.4085486 0.6540467 0.3895668 0.658463 0.3897704 0.6560763 0.4086626 0.6560763 0.3896808 0.6611149 0.3898321 0.658463 0.4087522 0.658463 0.3897704 0.6639302 0.3898635 0.6611149 0.4088138 0.6611149 0.3898321 0.6668006 0.3898635 0.6639302 0.4088453 0.6639302 0.3898635 0.6668006 0.3898635 0.6696159 0.4088138 0.6668006 0.4088453 0.6722678 0.3897704 0.6696159 0.4088138 0.6696159 0.3898321 0.6746544 0.3896808 0.6722678 0.4087522 0.6722678 0.3897704 0.6766842 0.3895668 0.6746544 0.4086626 0.6746544 0.3896808 0.6782789 0.3894328 0.6766842 0.4085486 0.6766842 0.3895668 0.6523039 0.4238175 0.6540467 0.4049828 0.6538975 0.423964 0.6502752 0.4236875 0.6524531 0.4048362 0.6523039 0.4238175 0.6478893 0.4235792 0.6504243 0.4047063 0.6502752 0.4236875 0.645238 0.4234967 0.6480384 0.404598 0.6478893 0.4235792 0.642423 0.4234431 0.6453871 0.4045155 0.645238 0.4234967 0.6395527 0.4234206 0.6425722 0.4044619 0.642423 0.4234431 0.6367373 0.4234299 0.6397018 0.4044394 0.6395527 0.4234206 0.6340849 0.4234707 0.6368864 0.4044487 0.6367373 0.4234299 0.6316977 0.4235416 0.6342341 0.4044896 0.6340849 0.4234707 0.7979618 0.4177379 0.8004933 0.40077 0.8004933 0.4182671 0.795215 0.4174119 0.7979618 0.4002407 0.7979618 0.4177379 0.7923584 0.4173019 0.795215 0.3999148 0.795215 0.4174119 0.841596 0.4131255 0.8382151 0.4102352 0.8415158 0.4103458 0.5824258 0.4205424 0.5840559 0.4218485 0.5821449 0.4214684 0.6480384 0.404598 0.6441106 0.3892151 0.6504243 0.4047063 0.593956 0.392706 0.5960323 0.392935 0.5954184 0.3936831 0.571885 0.4108192 0.5717046 0.4129003 0.5709589 0.4111002 0.5976101 0.3957048 0.5969805 0.3937131 0.5983582 0.3950909 0.5715289 0.4096455 0.5702227 0.4080154 0.5711858 0.4079205 0.5983883 0.3966529 0.6002188 0.3976591 0.5993654 0.3981153 0.5710656 0.4066999 0.5701025 0.4048463 0.5710656 0.4049412 0.6006166 0.4008219 0.600797 0.3987408 0.6015427 0.4005409 0.5715289 0.4019956 0.5702227 0.4036257 0.5706028 0.4017146 0.6009726 0.4019955 0.6022788 0.4036257 0.6013157 0.4037205 0.572558 0.399197 0.5709589 0.400541 0.5717046 0.3987408 0.601436 0.4049412 0.602399 0.4067947 0.601436 0.4066999 0.5741133 0.3966529 0.5722827 0.3976591 0.5733652 0.396039 0.6009727 0.4096455 0.6022788 0.4080154 0.6018987 0.4099264 0.5748914 0.3957048 0.5755211 0.3937131 0.576135 0.3944612 0.5999435 0.4124441 0.6015427 0.4111002 0.600797 0.4129003 0.5770832 0.3936831 0.5780893 0.3918525 0.5785455 0.392706 0.5983883 0.4149881 0.6002188 0.413982 0.5991363 0.415602 0.5812521 0.3914547 0.579171 0.3912743 0.5809712 0.3905287 0.5871301 0.4210057 0.5852766 0.4219688 0.5853714 0.4210057 0.5976101 0.4159362 0.5969805 0.4179279 0.5963665 0.4171799 0.5841508 0.3907555 0.5821449 0.3901726 0.5840559 0.3897925 0.5796272 0.4195133 0.5809712 0.4211124 0.5791711 0.4203668 0.5954184 0.417958 0.5944122 0.4197885 0.5939561 0.4189351 0.5853714 0.3906353 0.587225 0.3896723 0.5871301 0.3906353 0.5785455 0.4189351 0.5764693 0.4187061 0.5770832 0.417958 0.5912495 0.4201864 0.5933305 0.4203668 0.5915304 0.4211124 0.5900757 0.3910987 0.5884456 0.3897925 0.5903567 0.3901726 0.576135 0.4171799 0.5741434 0.4165502 0.5748914 0.4159363 0.5900757 0.4205424 0.5884457 0.4218485 0.5883508 0.4208855 0.5928743 0.3921278 0.5915304 0.3905287 0.5933305 0.3912743 0.5741133 0.4149882 0.5722827 0.413982 0.5731362 0.4135258 0.8092751 0.4018391 0.8089377 0.4052656 0.8062762 0.4074499 0.7236018 0.4085475 0.7164334 0.4240162 0.7212151 0.4086371 0.6453871 0.4045155 0.6433776 0.3891818 0.6480384 0.404598 0.7236018 0.4085475 0.7177901 0.4239537 0.7171666 0.4239887 0.6425722 0.4044619 0.642563 0.3891565 0.6453871 0.4045155 0.658463 0.4087522 0.6625115 0.4241037 0.6560763 0.4086626 0.6397018 0.4044394 0.6416982 0.38914 0.6425722 0.4044619 0.658463 0.4087522 0.6640595 0.4241502 0.6632448 0.4241312 0.6368864 0.4044487 0.6408163 0.3891331 0.6397018 0.4044394 0.6639302 0.4088453 0.6640595 0.4241502 0.6611149 0.4088138 0.6342341 0.4044896 0.6399514 0.389136 0.6368864 0.4044487 0.6668006 0.4088453 0.6649245 0.4241598 0.6639302 0.4088453 0.8035351 0.4177169 0.8054112 0.4076219 0.8064055 0.4177169 0.6342341 0.4044896 0.6384031 0.3891703 0.6391365 0.3891485 0.6696159 0.4088138 0.6658063 0.4241598 0.6668006 0.4088453 0.7050237 0.4085475 0.7108353 0.4239537 0.702994 0.4084336 0.6298162 0.4046584 0.6384031 0.3891703 0.6318468 0.4045604 0.6696159 0.4088138 0.667486 0.4241312 0.6666712 0.4241502 0.7074103 0.4086371 0.7114589 0.4239887 0.7050237 0.4085475 0.8118727 0.4160585 0.8078241 0.4066224 0.8142594 0.4144638 0.6746544 0.4086626 0.667486 0.4241312 0.6722678 0.4087522 0.7100623 0.4086988 0.7121921 0.4240162 0.7074103 0.4086371 0.7923584 0.3998048 0.7932361 0.3891669 0.795215 0.3999148 0.6746544 0.4086626 0.6688428 0.4240687 0.6682192 0.4241037 0.7128775 0.4087303 0.7130069 0.4240351 0.7100623 0.4086988 0.7895019 0.3999148 0.7923584 0.3891331 0.7923584 0.3998048 0.8092207 0.3891331 0.8070909 0.3991776 0.8062762 0.3988401 0.715748 0.4087303 0.7138718 0.4240448 0.7128775 0.4087303 0.8118727 0.3902316 0.8078241 0.3996676 0.8070909 0.3991776 0.7185632 0.4086988 0.7147537 0.4240448 0.715748 0.4087303 0.6504243 0.4047063 0.6447339 0.389255 0.6524531 0.4048362 0.7185632 0.4086988 0.7164334 0.4240162 0.7156186 0.4240351 0.5381306 0.4139376 0.5383365 0.4139486 0.5382482 0.4141319 0.5380071 0.4137066 0.5382496 0.4138122 0.5381306 0.4139376 0.5381123 0.4135293 0.5380071 0.4137066 0.5379108 0.4135009 0.5382771 0.4135883 0.5381775 0.4136773 0.5381123 0.4135293 0.6232642 0.4216921 0.6230736 0.4216978 0.6231489 0.4215179 0.6232642 0.4216921 0.6232976 0.4218397 0.623187 0.4217778 0.5382496 0.4138122 0.5381775 0.4136773 0.5382942 0.4137017 0.5398598 0.4162285 0.5397913 0.4164229 0.5396566 0.41624 0.5400329 0.4162542 0.5399526 0.416361 0.5398598 0.4162285 0.6259066 0.4215915 0.6257396 0.4215992 0.6257961 0.4214186 0.5401701 0.4164213 0.5400497 0.4164792 0.5400719 0.4163621 0.5399574 0.4166254 0.5401614 0.4165961 0.5401106 0.4167931 0.5397913 0.4164229 0.5400497 0.4164792 0.5399574 0.4166254 0.5399526 0.416361 0.5400719 0.4163621 0.5400497 0.4164792 0.5421004 0.418535 0.5420711 0.418739 0.5419033 0.4185858 0.5422751 0.4185264 0.5422172 0.4186468 0.5421004 0.418535 0.6281488 0.4214639 0.6280117 0.4214733 0.6280475 0.4212921 0.5424422 0.4186635 0.5423355 0.4187438 0.5423344 0.4186246 0.5422735 0.4189051 0.5424679 0.4188366 0.5424565 0.4190397 0.5422735 0.4189051 0.5422172 0.4186468 0.5423355 0.4187438 0.5422172 0.4186468 0.5423344 0.4186246 0.5423355 0.4187438 0.5447478 0.42036 0.5447589 0.4205658 0.5445645 0.4204483 0.5449176 0.4203175 0.5448842 0.4204469 0.5447478 0.42036 0.7028921 0.3897548 0.7029939 0.3897655 0.7029055 0.3899363 0.5451081 0.4204193 0.5450191 0.4205189 0.5449948 0.4204022 0.5449898 0.4206893 0.5451671 0.4205841 0.5451956 0.4207856 0.5449898 0.4206893 0.5448842 0.4204469 0.5450191 0.4205189 0.5448842 0.4204469 0.5449948 0.4204022 0.5450191 0.4205189 0.5477004 0.4216334 0.5477514 0.4218332 0.5475378 0.4217558 0.5478586 0.4215586 0.5478512 0.421692 0.5477004 0.4216334 0.701101 0.3896064 0.7012381 0.3896158 0.7011367 0.3897876 0.5480654 0.4216213 0.5479975 0.4217364 0.5479509 0.4216267 0.548002 0.4219092 0.5481554 0.4217715 0.5482226 0.4219635 0.5477514 0.4218332 0.5479975 0.4217364 0.548002 0.4219092 0.5478512 0.421692 0.5479509 0.4216267 0.5479975 0.4217364 0.5508447 0.4223064 0.5509337 0.4224923 0.5507091 0.4224581 0.5509853 0.4222022 0.551004 0.4223344 0.5508447 0.4223064 0.6988288 0.3894805 0.6989959 0.3894882 0.6988855 0.3896611 0.5512004 0.4222233 0.5511562 0.4223495 0.5510891 0.4222509 0.5511943 0.422518 0.5513179 0.422353 0.5514213 0.4225283 0.5509337 0.4224923 0.5511562 0.4223495 0.5511943 0.422518 0.551004 0.4223344 0.5510891 0.4222509 0.5511562 0.4223495 0.5540599 0.422353 0.5541835 0.422518 0.5539565 0.4225283 0.6963535 0.3893876 0.6963868 0.3892399 0.6965233 0.3892557 0.6961629 0.3893818 0.6963535 0.3893876 0.6962382 0.3895618 0.5543925 0.4222022 0.5543738 0.4223344 0.5542888 0.4222509 0.5544441 0.4224923 0.5545331 0.4223064 0.5546687 0.4224581 0.5544441 0.4224923 0.5542216 0.4223495 0.5543738 0.4223344 0.5542216 0.4223495 0.5542888 0.4222509 0.5543738 0.4223344 0.5572224 0.4217715 0.5573758 0.4219092 0.5571553 0.4219635 0.6934124 0.3893179 0.6934199 0.38917 0.6935706 0.3891842 0.6932056 0.3893144 0.6934124 0.3893179 0.6932967 0.3894934 0.6932056 0.3893144 0.6932736 0.3891675 0.6933202 0.3892331 0.5576264 0.4218332 0.5576774 0.4216334 0.55784 0.4217558 0.5576264 0.4218332 0.5573803 0.4217364 0.5575267 0.421692 0.5573803 0.4217364 0.5574269 0.4216267 0.5575267 0.421692 0.5602107 0.4205841 0.560388 0.4206893 0.5601823 0.4207856 0.6902858 0.3892817 0.690267 0.3891339 0.6904264 0.3891464 0.6900707 0.3892806 0.6902858 0.3892817 0.6901741 0.3894585 0.6900707 0.3892806 0.6901149 0.3891331 0.690182 0.3891981 0.5606189 0.4205658 0.56063 0.42036 0.5608133 0.4204483 0.560388 0.4206893 0.5604936 0.4204468 0.5606189 0.4205658 0.5603587 0.4205189 0.560383 0.4204022 0.5604936 0.4204468 0.5629099 0.4188366 0.5631043 0.4189051 0.5629214 0.4190397 0.6870936 0.3892806 0.6870495 0.3891331 0.6872112 0.3891438 0.6868786 0.3892817 0.6870936 0.3892806 0.6869903 0.3894585 0.6868786 0.3892817 0.6868972 0.3891339 0.6869823 0.3891981 0.5633068 0.418739 0.5632774 0.4185349 0.5634745 0.4185858 0.5631043 0.4189051 0.5631606 0.4186468 0.5633068 0.418739 0.5630424 0.4187438 0.5630435 0.4186246 0.5631606 0.4186468 0.5652164 0.4165961 0.5654204 0.4166254 0.5652672 0.4167931 0.2727033 0.4197512 0.2726064 0.419587 0.2727033 0.4195528 0.6837518 0.3893179 0.6839587 0.3893144 0.6838676 0.3894934 0.6837518 0.3893179 0.6837444 0.38917 0.6838442 0.3892331 0.5655865 0.4164229 0.565518 0.4162285 0.5657212 0.4162399 0.5654204 0.4166254 0.5654252 0.416361 0.5655865 0.4164229 0.5653282 0.4164792 0.565306 0.4163621 0.5654252 0.416361 0.5670414 0.4139486 0.5672472 0.4139376 0.5671297 0.4141319 0.2728264 0.4195529 0.2727199 0.4193987 0.2728264 0.4193431 0.6808108 0.3893876 0.6810014 0.3893818 0.6809261 0.3895618 0.6808108 0.3893876 0.6807774 0.3892399 0.680888 0.3893018 0.5673707 0.4137066 0.5672655 0.4135293 0.567467 0.4135009 0.5672472 0.4139376 0.5672003 0.4136773 0.5673707 0.4137066 0.5671283 0.4138122 0.5670836 0.4137017 0.5672003 0.4136773 0.5683148 0.410996 0.5685145 0.410945 0.5684372 0.4111586 0.7462059 0.3904101 0.7462518 0.3902317 0.746379 0.3902808 0.7460262 0.3903632 0.7462059 0.3904101 0.7460924 0.3905618 0.7460262 0.3903632 0.7461246 0.3901984 0.7461373 0.3902996 0.5685906 0.4106944 0.5684528 0.4105411 0.5686449 0.4104738 0.5685906 0.4106944 0.5683734 0.4108453 0.5684178 0.4106989 0.5683734 0.4108453 0.5683081 0.4107456 0.5684178 0.4106989 0.5689878 0.4078517 0.5691737 0.4077627 0.5691395 0.4079873 0.7434006 0.3898143 0.7434211 0.3896332 0.7435654 0.3896719 0.743201 0.3897819 0.7434006 0.3898143 0.7432846 0.3899747 0.743201 0.3897819 0.7432798 0.3896104 0.7433155 0.3897096 0.5691994 0.4075021 0.5690344 0.4073786 0.5692096 0.4072751 0.5691737 0.4077627 0.5690308 0.4075402 0.5691994 0.4075021 0.5690159 0.4076924 0.5689323 0.4076074 0.5690308 0.4075402 0.5690344 0.4046365 0.5691994 0.404513 0.5692096 0.4047399 0.7403521 0.3894439 0.7403464 0.3892623 0.7405022 0.3892894 0.7401401 0.3894274 0.7403521 0.3894439 0.7402378 0.3896132 0.7401401 0.3894274 0.7401965 0.3892506 0.7402536 0.3893463 0.5691737 0.4042524 0.5689878 0.4041634 0.5691395 0.4040278 0.5691737 0.4042524 0.5690308 0.4044748 0.5690159 0.4043226 0.5690308 0.4044748 0.5689323 0.4044077 0.5690159 0.4043226 0.5684528 0.401474 0.5685905 0.4013206 0.5686449 0.4015412 0.7371774 0.3893133 0.7371458 0.3891331 0.7373071 0.3891479 0.7369613 0.3893133 0.7371774 0.3893133 0.7370693 0.3894912 0.7369613 0.3893133 0.7369928 0.3891331 0.7370693 0.3892236 0.5685145 0.40107 0.5683148 0.401019 0.5684372 0.4008564 0.5685145 0.40107 0.5684178 0.4013161 0.5683734 0.4011698 0.5684178 0.4013161 0.5683081 0.4012695 0.5683734 0.4011698 0.5672655 0.3984857 0.5673707 0.3983085 0.567467 0.3985142 0.7339985 0.3894274 0.7339422 0.3892506 0.7341028 0.3892531 0.7337866 0.3894439 0.7339985 0.3894274 0.7339009 0.3896132 0.7337866 0.3894439 0.7337923 0.3892623 0.7338851 0.3893463 0.5672472 0.3980775 0.5670413 0.3980664 0.5671297 0.3978831 0.5673707 0.3983085 0.5671283 0.3982028 0.5672472 0.3980775 0.5672003 0.3983377 0.5670836 0.3983134 0.5671283 0.3982028 0.565518 0.3957865 0.5655865 0.3955921 0.5657212 0.3957751 0.7309377 0.3897819 0.7308588 0.3896104 0.7310125 0.3896007 0.7307381 0.3898143 0.7309377 0.3897819 0.7308541 0.3899747 0.7307381 0.3898143 0.7307175 0.3896332 0.7308232 0.3897096 0.5654204 0.3953897 0.5652164 0.395419 0.5652672 0.395222 0.5655865 0.3955921 0.5653282 0.3955358 0.5654204 0.3953897 0.5654252 0.395654 0.565306 0.395653 0.5653282 0.3955358 0.5632774 0.3934801 0.5633068 0.393276 0.5634745 0.3934292 0.7281125 0.3903632 0.7280141 0.3901984 0.728155 0.3901774 0.7279328 0.3904101 0.7281125 0.3903632 0.7280462 0.3905618 0.7279328 0.3904101 0.7278869 0.3902317 0.7280014 0.3902996 0.5631043 0.3931099 0.5629099 0.3931785 0.5629214 0.3929753 0.5631043 0.3931099 0.5631606 0.3933683 0.5630424 0.3932712 0.5631606 0.3933683 0.5630435 0.3933905 0.5630424 0.3932712 0.56063 0.391655 0.5606189 0.3914492 0.5608133 0.3915668 0.7688331 0.3893876 0.7688664 0.3892399 0.7690028 0.3892557 0.7686424 0.3893818 0.7688331 0.3893876 0.7687177 0.3895618 0.2727033 0.4193431 0.2725967 0.4194972 0.2725801 0.4193657 0.560388 0.3913258 0.5602107 0.3914309 0.5601823 0.3912295 0.560388 0.3913258 0.5604936 0.3915682 0.5603587 0.3914961 0.5604936 0.3915682 0.560383 0.3916128 0.5603587 0.3914961 0.5576774 0.3903816 0.5576264 0.3901819 0.55784 0.3902593 0.765892 0.3893179 0.7658994 0.38917 0.7660502 0.3891842 0.7656852 0.3893144 0.765892 0.3893179 0.7657763 0.3894934 0.2728189 0.4195528 0.2727221 0.4197171 0.2727033 0.4195899 0.5573758 0.3901059 0.5572224 0.3902436 0.5571552 0.3900516 0.5573758 0.3901059 0.5575267 0.3903231 0.5573803 0.3902786 0.5575267 0.3903231 0.5574269 0.3903884 0.5573803 0.3902786 0.5545331 0.3897086 0.5544441 0.3895227 0.5546687 0.389557 0.7627653 0.3892817 0.7627466 0.3891339 0.7629059 0.3891464 0.7625502 0.3892805 0.7627653 0.3892817 0.7626536 0.3894585 0.7625502 0.3892805 0.7625944 0.3891331 0.7626615 0.389198 0.5541835 0.3894971 0.5540599 0.389662 0.5539565 0.3894868 0.5544441 0.3895227 0.5542216 0.3896656 0.5541835 0.3894971 0.5543738 0.3896806 0.5542888 0.3897641 0.5542216 0.3896656 0.5513179 0.389662 0.5511943 0.3894971 0.5514213 0.3894868 0.7595732 0.3892805 0.759529 0.3891331 0.7596907 0.3891438 0.7593581 0.3892817 0.7595732 0.3892805 0.7594698 0.3894585 0.7593581 0.3892817 0.7593768 0.3891339 0.7594619 0.389198 0.5509337 0.3895227 0.5508447 0.3897086 0.5507091 0.389557 0.5509337 0.3895227 0.5511562 0.3896656 0.551004 0.3896806 0.5511562 0.3896656 0.5510891 0.3897641 0.551004 0.3896806 0.5481554 0.3902436 0.548002 0.3901059 0.5482226 0.3900516 0.7564382 0.3893144 0.7563703 0.3891675 0.7565282 0.3891764 0.7562314 0.3893179 0.7564382 0.3893144 0.7563471 0.3894934 0.7562314 0.3893179 0.7562239 0.38917 0.7563237 0.3892331 0.5477514 0.3901819 0.5477004 0.3903816 0.5475378 0.3902593 0.5477514 0.3901819 0.5479975 0.3902786 0.5478512 0.3903231 0.5479975 0.3902786 0.5479509 0.3903884 0.5478512 0.3903231 0.5451671 0.3914309 0.5449898 0.3913258 0.5451955 0.3912295 0.5451081 0.3915957 0.5450191 0.3914961 0.5451671 0.3914309 0.7532904 0.3893876 0.753481 0.3893818 0.7534057 0.3895618 0.7532904 0.3893876 0.753257 0.3892399 0.7533676 0.3893018 0.5447589 0.3914492 0.5447478 0.391655 0.5445645 0.3915668 0.5449898 0.3913258 0.5448842 0.3915682 0.5447589 0.3914492 0.5450191 0.3914961 0.5449948 0.3916128 0.5448842 0.3915682 0.5424679 0.3931785 0.5422735 0.3931099 0.5424565 0.3929753 0.5424422 0.3933516 0.5423354 0.3932712 0.5424679 0.3931785 0.750648 0.3894882 0.750815 0.3894805 0.7507584 0.3896611 0.5422751 0.3934887 0.5422172 0.3933683 0.5423344 0.3933905 0.5420711 0.393276 0.5421004 0.3934801 0.5419033 0.3934292 0.5422735 0.3931099 0.5422172 0.3933683 0.5420711 0.393276 0.5423354 0.3932712 0.5423344 0.3933905 0.5422172 0.3933683 0.5401614 0.395419 0.5399574 0.3953897 0.5401106 0.395222 0.54017 0.3955938 0.5400497 0.3955358 0.5401614 0.395419 0.6052462 0.4215992 0.6050791 0.4215915 0.6051896 0.4214186 0.5400329 0.3957608 0.5399526 0.395654 0.5400719 0.395653 0.5397913 0.3955921 0.5398598 0.3957865 0.5396566 0.3957751 0.5399574 0.3953897 0.5399526 0.395654 0.5397913 0.3955921 0.5400497 0.3955358 0.5400719 0.395653 0.5399526 0.395654 0.5383365 0.3980664 0.5381306 0.3980775 0.5382481 0.3978831 0.6077215 0.4216921 0.6076882 0.4218397 0.6075518 0.4218239 0.6079121 0.4216978 0.6077215 0.4216921 0.6078369 0.4215179 0.5382771 0.3984268 0.5381775 0.3983377 0.5382942 0.3983134 0.5380071 0.3983085 0.5381123 0.3984857 0.5379108 0.3985142 0.5381306 0.3980775 0.5381775 0.3983377 0.5380071 0.3983085 0.5382496 0.3982028 0.5382942 0.3983134 0.5381775 0.3983377 0.537063 0.401019 0.5368633 0.40107 0.5369406 0.4008564 0.6106626 0.4217618 0.6106551 0.4219096 0.6105044 0.4218955 0.6108694 0.4217653 0.6106626 0.4217618 0.6107783 0.4215863 0.6108694 0.4217653 0.6108015 0.4219121 0.6107549 0.4218466 0.5367873 0.4013206 0.536925 0.401474 0.5367329 0.4015412 0.5367873 0.4013206 0.5370044 0.4011698 0.53696 0.4013161 0.5370044 0.4011698 0.5370697 0.4012695 0.53696 0.4013161 0.53639 0.4041634 0.5362041 0.4042524 0.5362383 0.4040278 0.6137893 0.4217979 0.613808 0.4219458 0.6136487 0.4219332 0.6140043 0.4217991 0.6137893 0.4217979 0.613901 0.4216212 0.6140043 0.4217991 0.6139602 0.4219466 0.613893 0.4218816 0.5361784 0.404513 0.5363435 0.4046365 0.5361682 0.4047399 0.5361784 0.404513 0.536362 0.4043226 0.536347 0.4044748 0.536362 0.4043226 0.5364455 0.4044077 0.536347 0.4044748 0.5363435 0.4073786 0.5361784 0.4075021 0.5361682 0.4072751 0.6169814 0.4217991 0.6170256 0.4219466 0.6168639 0.4219359 0.6171965 0.4217979 0.6169814 0.4217991 0.6170848 0.4216212 0.6171965 0.4217979 0.6171777 0.4219458 0.6170927 0.4218816 0.5362041 0.4077627 0.53639 0.4078517 0.5362383 0.4079873 0.5361784 0.4075021 0.536362 0.4076924 0.5362041 0.4077627 0.536347 0.4075402 0.5364455 0.4076074 0.536362 0.4076924 0.536925 0.4105411 0.5367873 0.4106944 0.5367329 0.4104738 0.6201164 0.4217653 0.6201843 0.4219121 0.6200264 0.4219032 0.6203231 0.4217618 0.6201164 0.4217653 0.6202074 0.4215863 0.6203231 0.4217618 0.6203306 0.4219096 0.6202309 0.4218466 0.5368633 0.410945 0.537063 0.410996 0.5369406 0.4111586 0.5368633 0.410945 0.53696 0.4106989 0.5370044 0.4108453 0.53696 0.4106989 0.5370697 0.4107456 0.5370044 0.4108453 0.5379126 0.4137572 0.5377048 0.4137331 0.5378162 0.4135515 0.5379126 0.4137572 0.537858 0.4140257 0.5377824 0.4138844 0.5379406 0.4141742 0.538036 0.4139881 0.5381535 0.4141826 0.5377592 0.4141241 0.537858 0.4140257 0.5379406 0.4141742 0.8416912 0.4102149 0.8416957 0.4104272 0.8415158 0.4103458 0.8416912 0.4102149 0.8418393 0.4101887 0.8417763 0.4103044 0.5377824 0.4138844 0.537858 0.4140257 0.537735 0.4140006 0.5398172 0.4168946 0.5398745 0.4166935 0.5400277 0.4168612 0.5396295 0.4168808 0.5397073 0.416765 0.5398172 0.4168946 0.8417699 0.4129986 0.8417769 0.4131847 0.841596 0.4131255 0.5394768 0.4166947 0.5396056 0.4166411 0.5395817 0.4167643 0.5397083 0.416491 0.5394999 0.416508 0.5395737 0.416308 0.5398745 0.4166935 0.5396056 0.4166411 0.5397083 0.416491 0.5397073 0.416765 0.5395817 0.4167643 0.5396056 0.4166411 0.5421885 0.4191966 0.5422055 0.4189881 0.5423884 0.4191227 0.5420017 0.4192196 0.5420554 0.4190909 0.5421885 0.4191966 0.8418807 0.4153718 0.8418899 0.4155246 0.8417082 0.4154898 0.5418156 0.4190669 0.5419315 0.4189892 0.5419321 0.4191147 0.542003 0.4188219 0.5418019 0.4188792 0.5418353 0.4186688 0.542003 0.4188219 0.5420554 0.4190909 0.5419315 0.4189892 0.5420554 0.4190909 0.5419321 0.4191147 0.5419315 0.4189892 0.5449633 0.4209916 0.5449392 0.4207839 0.545145 0.4208802 0.5447846 0.4210507 0.5448121 0.4209139 0.5449633 0.4209916 0.8420193 0.4172434 0.8420303 0.417357 0.8418482 0.4173479 0.5445724 0.4209372 0.5446708 0.4208384 0.5446959 0.4209614 0.5447083 0.4206604 0.5445222 0.4207559 0.5445139 0.4205429 0.5447083 0.4206604 0.5448121 0.4209139 0.5446708 0.4208384 0.5448121 0.4209139 0.5446959 0.4209614 0.5446708 0.4208384 0.548035 0.4222109 0.5479709 0.4220119 0.5481914 0.4220662 0.5478712 0.4223037 0.5478715 0.4221642 0.548035 0.4222109 0.8462384 0.3909563 0.8462296 0.3911091 0.8460568 0.3909915 0.5476409 0.4222338 0.5477182 0.4221177 0.5477668 0.4222335 0.5477203 0.4219358 0.5475564 0.4220657 0.5475067 0.4218585 0.5477203 0.4219358 0.5478715 0.4221642 0.5477182 0.4221177 0.5478715 0.4221642 0.5477668 0.4222335 0.5477182 0.4221177 0.5512855 0.4228075 0.5511838 0.4226248 0.5514107 0.422635 0.5511431 0.4229305 0.5511161 0.4227936 0.5512855 0.4228075 0.8461299 0.3932964 0.8461233 0.3934825 0.8459491 0.393356 0.5509036 0.4229069 0.5509567 0.4227779 0.5510269 0.422882 0.5509232 0.4225991 0.5507878 0.4227585 0.5506986 0.4225649 0.5511838 0.4226248 0.5509567 0.4227779 0.5509232 0.4225991 0.5511161 0.4227936 0.5510269 0.422882 0.5509567 0.4227779 0.55459 0.4227585 0.5544546 0.4225991 0.5546792 0.4225649 0.8460499 0.3962664 0.8461981 0.3962923 0.8461844 0.3964436 0.846054 0.396054 0.8460499 0.3962664 0.8458742 0.3961358 0.5542348 0.4229305 0.5542617 0.4227936 0.5543509 0.422882 0.554194 0.4226248 0.5540923 0.4228075 0.5539671 0.422635 0.5544546 0.4225991 0.5542617 0.4227936 0.554194 0.4226248 0.5544211 0.4227779 0.5543509 0.422882 0.5542617 0.4227936 0.5578214 0.4220657 0.5576575 0.4219358 0.5578711 0.4218585 0.8460122 0.3993536 0.8461602 0.3993523 0.8461484 0.3995159 0.8460137 0.3991232 0.8460122 0.3993536 0.845835 0.3992241 0.5575066 0.4223037 0.5575063 0.4221642 0.557611 0.4222335 0.5574069 0.4220119 0.5573428 0.4222109 0.5571864 0.4220662 0.5574069 0.4220119 0.5576596 0.4221177 0.5575063 0.4221642 0.5576596 0.4221177 0.557611 0.4222335 0.5575063 0.4221642 0.5608556 0.4207559 0.5606696 0.4206604 0.5608639 0.4205429 0.8460115 0.4026256 0.8461592 0.4025971 0.8461493 0.4027666 0.8460103 0.402386 0.8460115 0.4026256 0.8458331 0.4025022 0.8460103 0.402386 0.8461584 0.4024376 0.8460939 0.4025086 0.5604386 0.4207839 0.5604146 0.4209916 0.5602328 0.4208802 0.5604386 0.4207839 0.560707 0.4208384 0.5605657 0.4209139 0.560707 0.4208384 0.5606819 0.4209614 0.5605657 0.4209139 0.5635759 0.4188792 0.5633748 0.4188219 0.5635426 0.4186688 0.8460481 0.4059566 0.846195 0.4059019 0.846187 0.4060708 0.8460443 0.4057171 0.8460481 0.4059566 0.8458684 0.4058442 0.8460443 0.4057171 0.8461924 0.4057424 0.846129 0.4058323 0.5631724 0.4189881 0.5631893 0.4191965 0.5629894 0.4191227 0.5633748 0.4188219 0.5633225 0.4190909 0.5631724 0.4189881 0.5634464 0.4189892 0.5634457 0.4191147 0.5633225 0.4190909 0.5658779 0.416508 0.5656695 0.416491 0.5658041 0.416308 0.2728268 0.4193431 0.2727225 0.4191807 0.2728268 0.4191291 0.846114 0.4089883 0.8461204 0.4092186 0.8459396 0.4091215 0.846114 0.4089883 0.846262 0.4089865 0.8461999 0.4090918 0.5655034 0.4166935 0.5655606 0.4168946 0.5653501 0.4168612 0.5655034 0.4166935 0.5657722 0.4166411 0.5656706 0.4167649 0.5657722 0.4166411 0.5657961 0.4167643 0.5656706 0.4167649 0.567673 0.4137331 0.5674653 0.4137572 0.5675616 0.4135515 0.8297474 0.4027277 0.8299247 0.4027937 0.8298684 0.4029158 0.846217 0.412074 0.8462256 0.4122862 0.8460441 0.4122083 0.846217 0.412074 0.8463646 0.412045 0.8463038 0.4121619 0.5673418 0.4139881 0.5674372 0.4141742 0.5672243 0.4141826 0.5673418 0.4139881 0.5675954 0.4138844 0.5675198 0.4140257 0.5675954 0.4138844 0.5676428 0.4140006 0.5675198 0.4140257 0.5688923 0.4106615 0.5686932 0.4107255 0.5687476 0.410505 0.8289279 0.4053177 0.8291094 0.4053585 0.8290633 0.4055013 0.8289803 0.4051176 0.8289279 0.4053177 0.8287749 0.4051867 0.8289803 0.4051176 0.8291442 0.4052253 0.8290406 0.4052382 0.5686172 0.4109762 0.5687471 0.41114 0.5685399 0.4111897 0.5686172 0.4109762 0.5688456 0.4108249 0.5687991 0.4109782 0.5688456 0.4108249 0.5689148 0.4109296 0.5687991 0.4109782 0.5694889 0.4074109 0.5693061 0.4075126 0.5693164 0.4072857 0.8283219 0.4082667 0.8285054 0.4082807 0.828471 0.4084388 0.8283579 0.4080443 0.8283219 0.4082667 0.8281587 0.4081342 0.8283579 0.4080443 0.8285294 0.4081326 0.8284277 0.4081696 0.5692805 0.4077732 0.5694399 0.4079086 0.5692463 0.4079978 0.5692805 0.4077732 0.569475 0.4075803 0.5694593 0.4077398 0.569475 0.4075803 0.5695633 0.4076695 0.5694593 0.4077398 0.5694399 0.4041064 0.5692805 0.4042418 0.5692463 0.4040173 0.8279525 0.4114613 0.828136 0.411448 0.8281141 0.4116151 0.8279708 0.4112253 0.8279525 0.4114613 0.8277792 0.4113324 0.8279708 0.4112253 0.8281483 0.4112908 0.8280503 0.4113505 0.5693061 0.4045025 0.5694889 0.4046041 0.5693164 0.4047294 0.5692805 0.4042418 0.569475 0.4044348 0.5693061 0.4045025 0.5694593 0.4042753 0.5695633 0.4043455 0.569475 0.4044348 0.5687471 0.400875 0.5686172 0.4010389 0.5685399 0.4008253 0.827834 0.4147788 0.8280155 0.4147386 0.8280065 0.4149085 0.827834 0.4145382 0.827834 0.4147788 0.8276511 0.4146585 0.827834 0.4145382 0.8280155 0.4145783 0.8279229 0.4146585 0.5686932 0.4012895 0.5688923 0.4013536 0.5687476 0.4015101 0.5686932 0.4012895 0.5687991 0.4010368 0.5688456 0.4011902 0.5687991 0.4010368 0.5689148 0.4010854 0.5688456 0.4011902 0.5674372 0.3978408 0.5673418 0.3980269 0.5672243 0.3978325 0.8279708 0.4180917 0.8281483 0.4180262 0.8281522 0.4181923 0.8279525 0.4178556 0.8279708 0.4180917 0.8277792 0.4179845 0.8279525 0.4178556 0.828136 0.417869 0.8280503 0.4179664 0.5674653 0.3982579 0.567673 0.3982819 0.5675616 0.3984636 0.5674653 0.3982579 0.5675198 0.3979894 0.5675954 0.3981307 0.5675198 0.3979894 0.5676428 0.3980145 0.5675954 0.3981307 0.5655606 0.3951205 0.5655033 0.3953216 0.5653501 0.3951539 0.8283579 0.4212726 0.8285294 0.4211843 0.8285458 0.4213402 0.8283219 0.4210502 0.8283579 0.4212726 0.8281587 0.4211828 0.8283219 0.4210502 0.8285054 0.4210363 0.8284277 0.4211473 0.5656695 0.395524 0.5658779 0.3955071 0.5658041 0.395707 0.5655033 0.3953216 0.5657722 0.395374 0.5656695 0.395524 0.5656706 0.3952501 0.5657961 0.3952507 0.5657722 0.395374 0.5631893 0.3928185 0.5631724 0.393027 0.5629894 0.3928924 0.8289803 0.4241993 0.8291442 0.4240916 0.829172 0.4242314 0.8289279 0.4239992 0.8289803 0.4241993 0.8287749 0.4241302 0.8289279 0.4239992 0.8291094 0.4239584 0.8290406 0.4240788 0.5633748 0.3931931 0.5635759 0.3931358 0.5635426 0.3933463 0.5633748 0.3931931 0.5633225 0.3929242 0.5634464 0.3930258 0.5633225 0.3929242 0.5634457 0.3929003 0.5634464 0.3930258 0.5604146 0.3910234 0.5604386 0.3912311 0.5602328 0.3911348 0.8339555 0.407816 0.8341034 0.4078438 0.8340878 0.407995 0.8339624 0.4076038 0.8339555 0.407816 0.8337815 0.4076832 0.8297474 0.4265892 0.8299247 0.4265232 0.8298654 0.4266482 0.5606696 0.3913546 0.5608556 0.3912592 0.5608639 0.3914722 0.5606696 0.3913546 0.5605657 0.3911011 0.560707 0.3911766 0.5605657 0.3911011 0.5606819 0.3910536 0.560707 0.3911766 0.5573428 0.3898041 0.5574069 0.3900032 0.5571864 0.3899489 0.8338783 0.4109025 0.8340263 0.4109031 0.8340125 0.4110665 0.8338827 0.4106722 0.8338783 0.4109025 0.8337028 0.4107708 0.2725909 0.4191291 0.2724866 0.4192914 0.2724674 0.4191584 0.5576575 0.3900792 0.5578214 0.3899493 0.5578711 0.3901566 0.5576575 0.3900792 0.5575063 0.3898508 0.5576596 0.3898974 0.5575063 0.3898508 0.557611 0.3897815 0.5576596 0.3898974 0.5540923 0.3892076 0.554194 0.3893903 0.5539671 0.38938 0.8338358 0.4141742 0.8339837 0.4141476 0.8339717 0.414317 0.8338376 0.4139347 0.8338358 0.4141742 0.8336589 0.4140486 0.8338376 0.4139347 0.833985 0.4139882 0.8339196 0.4140583 0.5544546 0.3894159 0.55459 0.3892565 0.5546792 0.3894501 0.554194 0.3893903 0.5544211 0.3892372 0.5544546 0.3894159 0.5542617 0.3892214 0.5543509 0.3891331 0.5544211 0.3892372 0.5507878 0.3892565 0.5509232 0.3894159 0.5506986 0.3894501 0.8338297 0.4175055 0.8339772 0.4174526 0.8339671 0.4176215 0.8338289 0.4172659 0.8338297 0.4175055 0.8336514 0.4173907 0.8338289 0.4172659 0.8339767 0.4172932 0.8339121 0.4173822 0.5511838 0.3893903 0.5512855 0.3892076 0.5514107 0.38938 0.5509232 0.3894159 0.5511161 0.3892214 0.5511838 0.3893903 0.5509567 0.3892372 0.5510269 0.3891331 0.5511161 0.3892214 0.5475564 0.3899493 0.5477203 0.3900792 0.5475067 0.3901566 0.5476409 0.3897812 0.5477182 0.3898974 0.5475564 0.3899493 0.8338567 0.4205378 0.8338602 0.4207681 0.8336807 0.4206687 0.8338567 0.4205378 0.8340048 0.4205378 0.8339413 0.4206424 0.5479709 0.3900032 0.548035 0.3898041 0.5481914 0.3899489 0.5479709 0.3900032 0.5477182 0.3898974 0.5478715 0.3898508 0.5477182 0.3898974 0.5477668 0.3897816 0.5478715 0.3898508 0.5445222 0.3912592 0.5447083 0.3913546 0.5445139 0.3914722 0.5445724 0.3910778 0.5446708 0.3911766 0.5445222 0.3912592 0.8339202 0.4236246 0.8339261 0.4238368 0.8337456 0.4237566 0.8339202 0.4236246 0.8340682 0.4235974 0.8340058 0.4237135 0.5449392 0.3912311 0.5449633 0.3910234 0.545145 0.3911348 0.5449392 0.3912311 0.5446708 0.3911766 0.5448121 0.3911011 0.5446708 0.3911766 0.5446959 0.3910536 0.5448121 0.3911011 0.5418019 0.3931358 0.542003 0.3931931 0.5418353 0.3933463 0.5418156 0.3929481 0.5419315 0.3930258 0.5418019 0.3931358 0.8340168 0.4264077 0.834025 0.4265938 0.8338437 0.4265357 0.5420017 0.3927955 0.5420554 0.3929242 0.5419321 0.3929003 0.5422055 0.393027 0.5421885 0.3928185 0.5423884 0.3928924 0.542003 0.3931931 0.5420554 0.3929242 0.5422055 0.393027 0.5419315 0.3930258 0.5419321 0.3929003 0.5420554 0.3929242 0.5394999 0.3955071 0.5397083 0.395524 0.5395737 0.395707 0.5394768 0.3953203 0.5396056 0.395374 0.5394999 0.3955071 0.8419652 0.391439 0.841955 0.391625 0.8417833 0.3914951 0.5396295 0.3951343 0.5397073 0.3952501 0.5395817 0.3952507 0.5398745 0.3953216 0.5398172 0.3951205 0.5400277 0.3951539 0.5398745 0.3953216 0.5396056 0.395374 0.5397073 0.3952501 0.5396056 0.395374 0.5395817 0.3952507 0.5397073 0.3952501 0.5377048 0.3982819 0.5379126 0.3982579 0.5378162 0.3984636 0.8418281 0.3944069 0.8419758 0.3944357 0.8419592 0.3945867 0.8418363 0.3941947 0.8418281 0.3944069 0.841655 0.394273 0.5377592 0.397891 0.537858 0.3979894 0.537735 0.3980145 0.538036 0.3980269 0.5379406 0.3978408 0.5381535 0.3978325 0.538036 0.3980269 0.5377824 0.3981307 0.537858 0.3979894 0.5377824 0.3981307 0.537735 0.3980145 0.537858 0.3979894 0.5364855 0.4013536 0.5366846 0.4012895 0.5366302 0.4015101 0.841731 0.3974928 0.841879 0.3974944 0.8418641 0.3976577 0.8417369 0.3972626 0.841731 0.3974928 0.8415564 0.39736 0.5364626 0.4009596 0.5365787 0.4010368 0.536463 0.4010854 0.5367606 0.4010389 0.5366307 0.400875 0.5368379 0.4008253 0.5367606 0.4010389 0.5365322 0.4011902 0.5365787 0.4010368 0.5365322 0.4011902 0.536463 0.4010854 0.5365787 0.4010368 0.5358889 0.4046041 0.5360717 0.4045025 0.5360614 0.4047294 0.8416674 0.4007642 0.8418156 0.4007385 0.8418025 0.4009078 0.8416709 0.4005247 0.8416674 0.4007642 0.8414914 0.4006375 0.8416709 0.4005247 0.8418179 0.4005791 0.841752 0.4006488 0.5360973 0.4042418 0.535938 0.4041064 0.5361315 0.4040173 0.5360973 0.4042418 0.5359028 0.4044348 0.5359185 0.4042753 0.5359028 0.4044348 0.5358145 0.4043455 0.5359185 0.4042753 0.535938 0.4079086 0.5360973 0.4077732 0.5361315 0.4079978 0.8416399 0.4040953 0.8417878 0.4040434 0.8417766 0.4042122 0.8416407 0.4038558 0.8416399 0.4040953 0.8414624 0.4039795 0.8416407 0.4038558 0.8417884 0.403884 0.8417232 0.4039726 0.5360717 0.4075126 0.5358889 0.4074109 0.5360614 0.4072857 0.5360973 0.4077732 0.5359028 0.4075803 0.5360717 0.4075126 0.5359185 0.4077398 0.5358145 0.4076695 0.5359028 0.4075803 0.5366307 0.41114 0.5367606 0.4109762 0.5368379 0.4111897 0.5364626 0.4110555 0.5365787 0.4109782 0.5366307 0.41114 0.8416475 0.4071277 0.8416495 0.4073581 0.8414707 0.4072576 0.8416475 0.4071277 0.8417956 0.4071288 0.8417314 0.4072329 0.5366846 0.4107255 0.5364855 0.4106615 0.5366302 0.410505 0.5366846 0.4107255 0.5365787 0.4109782 0.5365322 0.4108249 0.5365787 0.4109782 0.536463 0.4109296 0.5365322 0.4108249 0.6257961 0.4214186 0.6232642 0.4216921 0.6231489 0.4215179 0.5400329 0.4162542 0.5383365 0.4139486 0.538379 0.4137789 0.5398598 0.4162285 0.5382482 0.4141319 0.5383365 0.4139486 0.6257961 0.4214186 0.6280117 0.4214733 0.6259066 0.4215915 0.5422751 0.4185264 0.5401614 0.4165961 0.5401701 0.4164213 0.5421004 0.418535 0.5401106 0.4167931 0.5401614 0.4165961 0.6298163 0.4211434 0.6281488 0.4214639 0.6280475 0.4212921 0.5424422 0.4186635 0.5447478 0.42036 0.5424679 0.4188366 0.5447478 0.42036 0.5424565 0.4190397 0.5424679 0.4188366 0.7011367 0.3897876 0.7028921 0.3897548 0.7029055 0.3899363 0.5451081 0.4204193 0.5477004 0.4216334 0.5451671 0.4205841 0.5477004 0.4216334 0.5451956 0.4207856 0.5451671 0.4205841 0.6988855 0.3896611 0.701101 0.3896064 0.7011367 0.3897876 0.5480654 0.4216213 0.5508447 0.4223064 0.5481554 0.4217715 0.5481554 0.4217715 0.5507091 0.4224581 0.5482226 0.4219635 0.6988855 0.3896611 0.6963535 0.3893876 0.6988288 0.3894805 0.5512004 0.4222233 0.5540599 0.422353 0.5513179 0.422353 0.5540599 0.422353 0.5514213 0.4225283 0.5513179 0.422353 0.6932967 0.3894934 0.6961629 0.3893818 0.6962382 0.3895618 0.5543925 0.4222022 0.5572224 0.4217715 0.5545331 0.4223064 0.5545331 0.4223064 0.5571553 0.4219635 0.5546687 0.4224581 0.6901741 0.3894585 0.6932056 0.3893144 0.6932967 0.3894934 0.6902858 0.3892817 0.6931157 0.3891764 0.6932056 0.3893144 0.5576774 0.4216334 0.5601823 0.4207856 0.55784 0.4217558 0.6869903 0.3894585 0.6900707 0.3892806 0.6901741 0.3894585 0.6900707 0.3892806 0.6872112 0.3891438 0.6899532 0.3891438 0.5629099 0.4188366 0.5608133 0.4204483 0.56063 0.42036 0.6869903 0.3894585 0.6839587 0.3893144 0.6868786 0.3892817 0.6839587 0.3893144 0.686738 0.3891464 0.6868786 0.3892817 0.5652164 0.4165961 0.5634745 0.4185858 0.5632774 0.4185349 0.6809261 0.3895618 0.6837518 0.3893179 0.6838676 0.3894934 0.5669988 0.4137789 0.565518 0.4162285 0.5653449 0.4162542 0.565518 0.4162285 0.5671297 0.4141319 0.5657212 0.4162399 0.6782789 0.3896611 0.6808108 0.3893876 0.6809261 0.3895618 0.7462059 0.3904101 0.7484986 0.3909612 0.7485072 0.3911489 0.5683148 0.410996 0.567467 0.4135009 0.5672655 0.4135293 0.7460924 0.3905618 0.7434006 0.3898143 0.7460262 0.3903632 0.7460262 0.3903632 0.7435654 0.3896719 0.7459837 0.3901774 0.5689878 0.4078517 0.5686449 0.4104738 0.5684528 0.4105411 0.7402378 0.3896132 0.743201 0.3897819 0.7432846 0.3899747 0.743201 0.3897819 0.7405022 0.3892894 0.7431262 0.3896007 0.5690344 0.4046365 0.5692096 0.4072751 0.5690344 0.4073786 0.7370693 0.3894912 0.7401401 0.3894274 0.7402378 0.3896132 0.7401401 0.3894274 0.7373071 0.3891479 0.7400359 0.3892531 0.5689878 0.4041634 0.5686449 0.4015412 0.5691395 0.4040278 0.7370693 0.3894912 0.7339985 0.3894274 0.7369613 0.3893133 0.7369613 0.3893133 0.7341028 0.3892531 0.7368316 0.3891479 0.5672655 0.3984857 0.5684372 0.4008564 0.5683148 0.401019 0.7308541 0.3899747 0.7337866 0.3894439 0.7339009 0.3896132 0.7309377 0.3897819 0.7336365 0.3892894 0.7337866 0.3894439 0.565518 0.3957865 0.5671297 0.3978831 0.5670413 0.3980664 0.7308541 0.3899747 0.7281125 0.3903632 0.7307381 0.3898143 0.7281125 0.3903632 0.7305732 0.3896719 0.7307381 0.3898143 0.5632774 0.3934801 0.5652672 0.395222 0.5652164 0.395419 0.771365 0.3896611 0.7688331 0.3893876 0.7713084 0.3894805 0.7256315 0.3911489 0.7277597 0.3902808 0.7279328 0.3904101 0.56063 0.391655 0.5629214 0.3929753 0.5629099 0.3931785 0.7657763 0.3894934 0.7686424 0.3893818 0.7687177 0.3895618 0.5575192 0.3904564 0.5602107 0.3914309 0.5602697 0.3915957 0.5576774 0.3903816 0.5601823 0.3912295 0.5602107 0.3914309 0.7626536 0.3894585 0.7656852 0.3893144 0.7657763 0.3894934 0.7656852 0.3893144 0.7629059 0.3891464 0.7655952 0.3891764 0.5572224 0.3902436 0.5546687 0.389557 0.5571552 0.3900516 0.7626536 0.3894585 0.7595732 0.3892805 0.7625502 0.3892805 0.7625502 0.3892805 0.7596907 0.3891438 0.7624327 0.3891438 0.5513179 0.389662 0.5539565 0.3894868 0.5540599 0.389662 0.7563471 0.3894934 0.7593581 0.3892817 0.7594698 0.3894585 0.7593581 0.3892817 0.7565282 0.3891764 0.7592175 0.3891464 0.5508447 0.3897086 0.5482226 0.3900516 0.5507091 0.389557 0.7534057 0.3895618 0.7562314 0.3893179 0.7563471 0.3894934 0.5451081 0.3915957 0.5477004 0.3903816 0.5478586 0.3904564 0.5477004 0.3903816 0.5451955 0.3912295 0.5475378 0.3902593 0.7507584 0.3896611 0.7532904 0.3893876 0.7534057 0.3895618 0.5449176 0.3916976 0.5424679 0.3931785 0.5447478 0.391655 0.5424679 0.3931785 0.5445645 0.3915668 0.5447478 0.391655 0.7507584 0.3896611 0.7485429 0.3896064 0.750648 0.3894882 0.54017 0.3955938 0.5421004 0.3934801 0.5422751 0.3934887 0.5401614 0.395419 0.5419033 0.3934292 0.5421004 0.3934801 0.6078369 0.4215179 0.6052462 0.4215992 0.6051896 0.4214186 0.538379 0.3982362 0.5398598 0.3957865 0.5400329 0.3957608 0.5398598 0.3957865 0.5382481 0.3978831 0.5396566 0.3957751 0.6107783 0.4215863 0.6079121 0.4216978 0.6078369 0.4215179 0.5371378 0.4011772 0.5381123 0.3984857 0.5382771 0.3984268 0.537063 0.401019 0.5379108 0.3985142 0.5381123 0.3984857 0.6107783 0.4215863 0.6137893 0.4217979 0.6108694 0.4217653 0.6137893 0.4217979 0.6109594 0.4219032 0.6108694 0.4217653 0.536925 0.401474 0.5362383 0.4040278 0.5367329 0.4015412 0.6170848 0.4216212 0.6140043 0.4217991 0.613901 0.4216212 0.6169814 0.4217991 0.6141219 0.4219359 0.6140043 0.4217991 0.5363435 0.4046365 0.5361682 0.4072751 0.5361682 0.4047399 0.6202074 0.4215863 0.6171965 0.4217979 0.6170848 0.4216212 0.6171965 0.4217979 0.6200264 0.4219032 0.6173371 0.4219332 0.53639 0.4078517 0.5367329 0.4104738 0.5362383 0.4079873 0.6231489 0.4215179 0.6203231 0.4217618 0.6202074 0.4215863 0.5371378 0.4108378 0.5381123 0.4135293 0.537063 0.410996 0.5381123 0.4135293 0.5369406 0.4111586 0.537063 0.410996 0.5395737 0.395707 0.5397913 0.3955921 0.5396566 0.3957751 0.5397913 0.3955921 0.5398745 0.3953216 0.5399574 0.3953897 0.5399574 0.3953897 0.5400277 0.3951539 0.5401106 0.395222 0.5687476 0.410505 0.5685906 0.4106944 0.5686449 0.4104738 0.5685906 0.4106944 0.5686172 0.4109762 0.5685145 0.410945 0.5685145 0.410945 0.5685399 0.4111897 0.5684372 0.4111586 0.5418353 0.3933463 0.5420711 0.393276 0.5419033 0.3934292 0.542003 0.3931931 0.5422735 0.3931099 0.5420711 0.393276 0.5422735 0.3931099 0.5423884 0.3928924 0.5424565 0.3929753 0.5675616 0.4135515 0.5673707 0.4137066 0.567467 0.4135009 0.5673707 0.4137066 0.5673418 0.4139881 0.5672472 0.4139376 0.5672472 0.4139376 0.5672243 0.4141826 0.5671297 0.4141319 0.5445139 0.3914722 0.5447589 0.3914492 0.5445645 0.3915668 0.5447083 0.3913546 0.5449898 0.3913258 0.5447589 0.3914492 0.5449898 0.3913258 0.545145 0.3911348 0.5451955 0.3912295 0.5658041 0.416308 0.5655865 0.4164229 0.5657212 0.4162399 0.5655865 0.4164229 0.5655034 0.4166935 0.5654204 0.4166254 0.5654204 0.4166254 0.5653501 0.4168612 0.5652672 0.4167931 0.5475067 0.3901566 0.5477514 0.3901819 0.5475378 0.3902593 0.5477514 0.3901819 0.5479709 0.3900032 0.548002 0.3901059 0.548002 0.3901059 0.5481914 0.3899489 0.5482226 0.3900516 0.5635426 0.4186688 0.5633068 0.418739 0.5634745 0.4185858 0.5633748 0.4188219 0.5631043 0.4189051 0.5633068 0.418739 0.5631043 0.4189051 0.5629894 0.4191227 0.5629214 0.4190397 0.5506986 0.3894501 0.5509337 0.3895227 0.5507091 0.389557 0.5509232 0.3894159 0.5511943 0.3894971 0.5509337 0.3895227 0.5511943 0.3894971 0.5514107 0.38938 0.5514213 0.3894868 0.5608639 0.4205429 0.5606189 0.4205658 0.5608133 0.4204483 0.5606696 0.4206604 0.560388 0.4206893 0.5606189 0.4205658 0.560388 0.4206893 0.5602328 0.4208802 0.5601823 0.4207856 0.5539671 0.38938 0.5541835 0.3894971 0.5539565 0.3894868 0.554194 0.3893903 0.5544441 0.3895227 0.5541835 0.3894971 0.5544441 0.3895227 0.5546792 0.3894501 0.5546687 0.389557 0.5578711 0.4218585 0.5576264 0.4218332 0.55784 0.4217558 0.5576264 0.4218332 0.5574069 0.4220119 0.5573758 0.4219092 0.5573758 0.4219092 0.5571864 0.4220662 0.5571553 0.4219635 0.5571864 0.3899489 0.5573758 0.3901059 0.5571552 0.3900516 0.5573758 0.3901059 0.5576575 0.3900792 0.5576264 0.3901819 0.5576264 0.3901819 0.5578711 0.3901566 0.55784 0.3902593 0.5546792 0.4225649 0.5544441 0.4224923 0.5546687 0.4224581 0.5544546 0.4225991 0.5541835 0.422518 0.5544441 0.4224923 0.5541835 0.422518 0.5539671 0.422635 0.5539565 0.4225283 0.5602328 0.3911348 0.560388 0.3913258 0.5601823 0.3912295 0.560388 0.3913258 0.5606696 0.3913546 0.5606189 0.3914492 0.5606189 0.3914492 0.5608639 0.3914722 0.5608133 0.3915668 0.5514107 0.422635 0.5511943 0.422518 0.5514213 0.4225283 0.5511838 0.4226248 0.5509337 0.4224923 0.5511943 0.422518 0.5509337 0.4224923 0.5506986 0.4225649 0.5507091 0.4224581 0.5629894 0.3928924 0.5631043 0.3931099 0.5629214 0.3929753 0.5631043 0.3931099 0.5633748 0.3931931 0.5633068 0.393276 0.5633068 0.393276 0.5635426 0.3933463 0.5634745 0.3934292 0.5368379 0.4111897 0.5368633 0.410945 0.5369406 0.4111586 0.5368633 0.410945 0.5366846 0.4107255 0.5367873 0.4106944 0.5367873 0.4106944 0.5366302 0.410505 0.5367329 0.4104738 0.5481914 0.4220662 0.548002 0.4219092 0.5482226 0.4219635 0.5479709 0.4220119 0.5477514 0.4218332 0.548002 0.4219092 0.5477514 0.4218332 0.5475067 0.4218585 0.5475378 0.4217558 0.5653501 0.3951539 0.5654204 0.3953897 0.5652672 0.395222 0.5655033 0.3953216 0.5655865 0.3955921 0.5654204 0.3953897 0.5655865 0.3955921 0.5658041 0.395707 0.5657212 0.3957751 0.5361315 0.4079978 0.5362041 0.4077627 0.5362383 0.4079873 0.5360973 0.4077732 0.5361784 0.4075021 0.5362041 0.4077627 0.5361784 0.4075021 0.5360614 0.4072857 0.5361682 0.4072751 0.545145 0.4208802 0.5449898 0.4206893 0.5451956 0.4207856 0.5449392 0.4207839 0.5447589 0.4205658 0.5449898 0.4206893 0.5447589 0.4205658 0.5445139 0.4205429 0.5445645 0.4204483 0.5672243 0.3978325 0.5672472 0.3980775 0.5671297 0.3978831 0.5673418 0.3980269 0.5673707 0.3983085 0.5672472 0.3980775 0.5673707 0.3983085 0.5675616 0.3984636 0.567467 0.3985142 0.5360614 0.4047294 0.5361784 0.404513 0.5361682 0.4047399 0.5360717 0.4045025 0.5362041 0.4042524 0.5361784 0.404513 0.5362041 0.4042524 0.5361315 0.4040173 0.5362383 0.4040278 0.5423884 0.4191227 0.5422735 0.4189051 0.5424565 0.4190397 0.5422735 0.4189051 0.542003 0.4188219 0.5420711 0.418739 0.5420711 0.418739 0.5418353 0.4186688 0.5419033 0.4185858 0.5685399 0.4008253 0.5685145 0.40107 0.5684372 0.4008564 0.5685145 0.40107 0.5686932 0.4012895 0.5685905 0.4013206 0.5685905 0.4013206 0.5687476 0.4015101 0.5686449 0.4015412 0.5381535 0.3978325 0.5381306 0.3980775 0.538036 0.3980269 0.538036 0.3980269 0.5380071 0.3983085 0.5379126 0.3982579 0.5380071 0.3983085 0.5378162 0.3984636 0.5379126 0.3982579 0.5366302 0.4015101 0.5367873 0.4013206 0.5367329 0.4015412 0.5367873 0.4013206 0.5367606 0.4010389 0.5368633 0.40107 0.5368633 0.40107 0.5368379 0.4008253 0.5369406 0.4008564 0.5378162 0.4135515 0.5380071 0.4137066 0.5379126 0.4137572 0.5379126 0.4137572 0.5381306 0.4139376 0.538036 0.4139881 0.5381306 0.4139376 0.5381535 0.4141826 0.538036 0.4139881 0.5400277 0.4168612 0.5399574 0.4166254 0.5401106 0.4167931 0.5398745 0.4166935 0.5397913 0.4164229 0.5399574 0.4166254 0.5397913 0.4164229 0.5395737 0.416308 0.5396566 0.41624 0.5692463 0.4079978 0.5691737 0.4077627 0.5692805 0.4077732 0.5692805 0.4077732 0.5691994 0.4075021 0.5693061 0.4075126 0.5691994 0.4075021 0.5693164 0.4072857 0.5693061 0.4075126 0.5692463 0.4040173 0.5691737 0.4042524 0.5691395 0.4040278 0.5692805 0.4042418 0.5691994 0.404513 0.5691737 0.4042524 0.5691994 0.404513 0.5693164 0.4047294 0.5692096 0.4047399 0.5381535 0.4141826 0.5394999 0.416508 0.5379406 0.4141742 0.5379406 0.4141742 0.5394768 0.4166947 0.5377592 0.4141241 0.8417699 0.4129986 0.8415158 0.4103458 0.8416957 0.4104272 0.5400277 0.4168612 0.5418019 0.4188792 0.5398172 0.4168946 0.5418019 0.4188792 0.5396295 0.4168808 0.5398172 0.4168946 0.8417769 0.4131847 0.8417082 0.4154898 0.841596 0.4131255 0.5445139 0.4205429 0.5421885 0.4191966 0.5423884 0.4191227 0.5421885 0.4191966 0.5445724 0.4209372 0.5420017 0.4192196 0.8418899 0.4155246 0.8418482 0.4173479 0.8417082 0.4154898 0.545145 0.4208802 0.5475564 0.4220657 0.5449633 0.4209916 0.5475564 0.4220657 0.5447846 0.4210507 0.5449633 0.4209916 0.8463646 0.3892372 0.8460568 0.3909915 0.8461933 0.3891331 0.5506986 0.4225649 0.548035 0.4222109 0.5481914 0.4220662 0.5507878 0.4227585 0.5478712 0.4223037 0.548035 0.4222109 0.8461299 0.3932964 0.8460568 0.3909915 0.8462296 0.3911091 0.5514107 0.422635 0.5540923 0.4228075 0.5512855 0.4228075 0.5540923 0.4228075 0.5511431 0.4229305 0.5512855 0.4228075 0.8461233 0.3934825 0.8458742 0.3961358 0.8459491 0.393356 0.5571864 0.4220662 0.55459 0.4227585 0.5546792 0.4225649 0.8461515 0.3990372 0.8460499 0.3962664 0.8461844 0.3964436 0.8460137 0.3991232 0.8458742 0.3961358 0.8460499 0.3962664 0.5602328 0.4208802 0.5578214 0.4220657 0.5578711 0.4218585 0.8461468 0.4022688 0.8460122 0.3993536 0.8461484 0.3995159 0.8460122 0.3993536 0.8458331 0.4025022 0.845835 0.3992241 0.5608639 0.4205429 0.5631893 0.4191965 0.5608556 0.4207559 0.8461493 0.4027666 0.8460443 0.4057171 0.8460115 0.4026256 0.8460443 0.4057171 0.8458331 0.4025022 0.8460115 0.4026256 0.5635426 0.4186688 0.5655606 0.4168946 0.5635759 0.4188792 0.8462468 0.4088232 0.8460481 0.4059566 0.846187 0.4060708 0.8460481 0.4059566 0.8459396 0.4091215 0.8458684 0.4058442 0.5658041 0.416308 0.5674372 0.4141742 0.5658779 0.416508 0.8462601 0.4093016 0.846217 0.412074 0.8461204 0.4092186 0.846217 0.412074 0.8459396 0.4091215 0.8461204 0.4092186 0.5675616 0.4135515 0.5687471 0.41114 0.567673 0.4137331 0.829172 0.4050855 0.8297474 0.4027277 0.8298684 0.4029158 0.8462256 0.4122862 0.8461778 0.414986 0.8460441 0.4122083 0.5692463 0.4079978 0.5688923 0.4106615 0.5687476 0.410505 0.8290633 0.4055013 0.8283579 0.4080443 0.8289279 0.4053177 0.8283579 0.4080443 0.8287749 0.4051867 0.8289279 0.4053177 0.5693164 0.4072857 0.5694889 0.4046041 0.5694889 0.4074109 0.8281522 0.4111247 0.8283219 0.4082667 0.828471 0.4084388 0.8279708 0.4112253 0.8281587 0.4081342 0.8283219 0.4082667 0.5687476 0.4015101 0.5694399 0.4041064 0.5692463 0.4040173 0.8280065 0.4144084 0.8279525 0.4114613 0.8281141 0.4116151 0.827834 0.4145382 0.8277792 0.4113324 0.8279525 0.4114613 0.5675616 0.3984636 0.5687471 0.400875 0.5685399 0.4008253 0.8281141 0.4177018 0.827834 0.4147788 0.8280065 0.4149085 0.8279525 0.4178556 0.8276511 0.4146585 0.827834 0.4147788 0.5672243 0.3978325 0.5658779 0.3955071 0.5674372 0.3978408 0.8281522 0.4181923 0.8283219 0.4210502 0.8279708 0.4180917 0.8283219 0.4210502 0.8277792 0.4179845 0.8279708 0.4180917 0.5653501 0.3951539 0.5635759 0.3931358 0.5655606 0.3951205 0.8290633 0.4238156 0.8283579 0.4212726 0.8285458 0.4213402 0.8283579 0.4212726 0.8287749 0.4241302 0.8281587 0.4211828 0.5608639 0.3914722 0.5631893 0.3928185 0.5629894 0.3928924 0.829172 0.4242314 0.8297474 0.4265892 0.8289803 0.4241993 0.8340646 0.4050334 0.8337815 0.4076832 0.8338921 0.4049046 0.5578711 0.3901566 0.5604146 0.3910234 0.5602328 0.3911348 0.8340878 0.407995 0.8338827 0.4106722 0.8339555 0.407816 0.8339555 0.407816 0.8337028 0.4107708 0.8337815 0.4076832 0.5546792 0.3894501 0.5573428 0.3898041 0.5571864 0.3899489 0.8339756 0.4138193 0.8338783 0.4109025 0.8340125 0.4110665 0.8338376 0.4139347 0.8337028 0.4107708 0.8338783 0.4109025 0.5539671 0.38938 0.5512855 0.3892076 0.5540923 0.3892076 0.8339654 0.4171237 0.8338358 0.4141742 0.8339717 0.414317 0.8338358 0.4141742 0.8336514 0.4173907 0.8336589 0.4140486 0.5481914 0.3899489 0.5507878 0.3892565 0.5506986 0.3894501 0.8339917 0.4203743 0.8338297 0.4175055 0.8339671 0.4176215 0.8338567 0.4205378 0.8336514 0.4173907 0.8338297 0.4175055 0.545145 0.3911348 0.5475564 0.3899493 0.5475067 0.3901566 0.8340533 0.4234462 0.8338602 0.4207681 0.8339987 0.420853 0.8338602 0.4207681 0.8337456 0.4237566 0.8336807 0.4206687 0.5445139 0.3914722 0.5421885 0.3928185 0.5445222 0.3912592 0.5445222 0.3912592 0.5420017 0.3927955 0.5445724 0.3910778 0.8340168 0.4264077 0.8337456 0.4237566 0.8339261 0.4238368 0.5418353 0.3933463 0.5398172 0.3951205 0.5418019 0.3931358 0.5398172 0.3951205 0.5418156 0.3929481 0.5418019 0.3931358 0.8421069 0.389254 0.8417833 0.3914951 0.8419365 0.3891331 0.5395737 0.395707 0.5379406 0.3978408 0.5394999 0.3955071 0.5394999 0.3955071 0.5377592 0.397891 0.5394768 0.3953203 0.8418363 0.3941947 0.8417833 0.3914951 0.841955 0.391625 0.5378162 0.3984636 0.5366307 0.400875 0.5377048 0.3982819 0.8418764 0.3971792 0.8418281 0.3944069 0.8419592 0.3945867 0.8418281 0.3944069 0.8415564 0.39736 0.841655 0.394273 0.5366302 0.4015101 0.535938 0.4041064 0.5364855 0.4013536 0.8418095 0.4004102 0.841731 0.3974928 0.8418641 0.3976577 0.8416709 0.4005247 0.8415564 0.39736 0.841731 0.3974928 0.5360614 0.4047294 0.5358889 0.4074109 0.5358889 0.4046041 0.8417782 0.4037145 0.8416674 0.4007642 0.8418025 0.4009078 0.8416407 0.4038558 0.8414914 0.4006375 0.8416674 0.4007642 0.5366302 0.410505 0.535938 0.4079086 0.5361315 0.4079978 0.8417835 0.4069652 0.8416399 0.4040953 0.8417766 0.4042122 0.8416475 0.4071277 0.8414624 0.4039795 0.8416399 0.4040953 0.5378162 0.4135515 0.5366307 0.41114 0.5368379 0.4111897 0.8418254 0.4100374 0.8416495 0.4073581 0.8417875 0.4074439 0.8416495 0.4073581 0.8415158 0.4103458 0.8414707 0.4072576 0.5396566 0.41624 0.5381535 0.4141826 0.5382482 0.4141319 0.6255855 0.4049825 0.6230707 0.4054571 0.6229924 0.4050799 0.6256908 0.4053589 0.6231279 0.4059083 0.6230707 0.4054571 0.625768 0.4058092 0.6231489 0.4063123 0.6231279 0.4059083 0.6255855 0.4049825 0.6279191 0.4052337 0.6256908 0.4053589 0.6256908 0.4053589 0.6280131 0.4056831 0.625768 0.4058092 0.6280131 0.4056831 0.6257961 0.406213 0.625768 0.4058092 0.6277908 0.4048587 0.6296699 0.4050865 0.6279191 0.4052337 0.6296699 0.4050865 0.6280131 0.4056831 0.6279191 0.4052337 0.6280131 0.4056831 0.6298163 0.4059379 0.6280475 0.4060866 0.7026128 0.4063667 0.7010084 0.405846 0.7027592 0.4059931 0.7010084 0.405846 0.7028663 0.4055448 0.7027592 0.4059931 0.7028663 0.4055448 0.7011367 0.4049931 0.7029055 0.4051418 0.6986748 0.4060971 0.7010084 0.405846 0.7008801 0.406221 0.7010084 0.405846 0.6988572 0.4052705 0.7011024 0.4053965 0.6988572 0.4052705 0.7011367 0.4049931 0.7011024 0.4053965 0.6960817 0.4059998 0.6987801 0.4057208 0.6986748 0.4060971 0.6987801 0.4057208 0.6962172 0.4051714 0.6988572 0.4052705 0.6962172 0.4051714 0.6988855 0.4048667 0.6988572 0.4052705 0.6932004 0.4059328 0.6961599 0.4056225 0.6960817 0.4059998 0.6932485 0.4055548 0.6962172 0.4051714 0.6961599 0.4056225 0.6962172 0.4051714 0.6932967 0.4046989 0.6962382 0.4047673 0.6901415 0.4058986 0.6932485 0.4055548 0.6932004 0.4059328 0.6932485 0.4055548 0.6901697 0.4050683 0.6932838 0.4051032 0.6901697 0.4050683 0.6932967 0.4046989 0.6932838 0.4051032 0.6870228 0.4058986 0.6901578 0.4055203 0.6901415 0.4058986 0.6870065 0.4055203 0.6901697 0.4050683 0.6901578 0.4055203 0.6869946 0.4050683 0.6901741 0.404664 0.6901697 0.4050683 0.6870228 0.4058986 0.6839158 0.4055548 0.6870065 0.4055203 0.6870065 0.4055203 0.6838805 0.4051032 0.6869946 0.4050683 0.6838805 0.4051032 0.6869902 0.404664 0.6869946 0.4050683 0.683964 0.4059328 0.6810044 0.4056225 0.6839158 0.4055548 0.6810044 0.4056225 0.6838805 0.4051032 0.6839158 0.4055548 0.6838805 0.4051032 0.6809261 0.4047673 0.6838676 0.4046989 0.7483188 0.4065808 0.7460002 0.4054127 0.7484362 0.4061947 0.6783842 0.4057208 0.6809471 0.4051714 0.6810044 0.4056225 0.6809471 0.4051714 0.6782789 0.4048667 0.6809261 0.4047673 0.7431575 0.4052319 0.7460002 0.4054127 0.745908 0.4058069 0.7460002 0.4054127 0.7432675 0.4043775 0.7460677 0.4049629 0.7432675 0.4043775 0.7460924 0.404578 0.7460677 0.4049629 0.7401731 0.4048778 0.7432211 0.4048317 0.7431575 0.4052319 0.7432211 0.4048317 0.7402291 0.404017 0.7432675 0.4043775 0.7402291 0.404017 0.7432846 0.403991 0.7432675 0.4043775 0.7370693 0.4047582 0.7402055 0.4044739 0.7401731 0.4048778 0.7370693 0.404353 0.7402291 0.404017 0.7402055 0.4044739 0.7402291 0.404017 0.7370693 0.4035074 0.7402378 0.4036295 0.7339656 0.4048778 0.7370693 0.404353 0.7370693 0.4047582 0.7370693 0.404353 0.7339095 0.404017 0.7370693 0.4038953 0.7339095 0.404017 0.7370693 0.4035074 0.7370693 0.4038953 0.7309812 0.4052319 0.7339332 0.4044739 0.7339656 0.4048778 0.7309176 0.4048317 0.7339095 0.404017 0.7339332 0.4044739 0.7308712 0.4043775 0.7339009 0.4036295 0.7339095 0.404017 0.7309812 0.4052319 0.7281385 0.4054127 0.7309176 0.4048317 0.7309176 0.4048317 0.7280709 0.4049629 0.7308712 0.4043775 0.7280709 0.4049629 0.7308541 0.403991 0.7308712 0.4043775 0.7282307 0.4058069 0.7257025 0.4061947 0.7281385 0.4054127 0.7686395 0.4056225 0.7713368 0.4052705 0.7712597 0.4057208 0.7713368 0.4052705 0.7687177 0.4047673 0.771365 0.4048667 0.7685613 0.4059998 0.7657281 0.4055548 0.7686395 0.4056225 0.7657281 0.4055548 0.7686968 0.4051714 0.7686395 0.4056225 0.7686968 0.4051714 0.7657763 0.4046989 0.7687177 0.4047673 0.7626211 0.4058986 0.7657281 0.4055548 0.7656799 0.4059328 0.7657281 0.4055548 0.7626492 0.4050683 0.7657634 0.4051032 0.7626492 0.4050683 0.7657763 0.4046989 0.7657634 0.4051032 0.7595024 0.4058986 0.7626373 0.4055203 0.7626211 0.4058986 0.7626373 0.4055203 0.7594742 0.4050683 0.7626492 0.4050683 0.7594742 0.4050683 0.7626536 0.404664 0.7626492 0.4050683 0.7564435 0.4059328 0.7594861 0.4055203 0.7595024 0.4058986 0.7563953 0.4055548 0.7594742 0.4050683 0.7594861 0.4055203 0.7594742 0.4050683 0.7563471 0.4046989 0.7594698 0.404664 0.7535622 0.4059998 0.7563953 0.4055548 0.7564435 0.4059328 0.7563953 0.4055548 0.7534266 0.4051714 0.7563601 0.4051032 0.7534266 0.4051714 0.7563471 0.4046989 0.7563601 0.4051032 0.7509691 0.4060971 0.7534839 0.4056225 0.7535622 0.4059998 0.7508637 0.4057208 0.7534266 0.4051714 0.7534839 0.4056225 0.7507867 0.4052705 0.7534057 0.4047673 0.7534266 0.4051714 0.6031949 0.4048587 0.6052949 0.4053589 0.6030666 0.4052337 0.6030666 0.4052337 0.6052178 0.4058092 0.6029726 0.4056831 0.6052178 0.4058092 0.6029383 0.4060866 0.6029726 0.4056831 0.6054002 0.4049825 0.6079151 0.4054571 0.6052949 0.4053589 0.6079151 0.4054571 0.6052178 0.4058092 0.6052949 0.4053589 0.6052178 0.4058092 0.6078369 0.4063124 0.6051896 0.406213 0.6079933 0.4050799 0.6108265 0.4055249 0.6079151 0.4054571 0.6108265 0.4055249 0.6078578 0.4059083 0.6079151 0.4054571 0.6078578 0.4059083 0.6107783 0.4063808 0.6078369 0.4063124 0.6139335 0.4051811 0.6108265 0.4055249 0.6108747 0.4051468 0.6108265 0.4055249 0.6139053 0.4060113 0.6107912 0.4059765 0.6139053 0.4060113 0.6107783 0.4063808 0.6107912 0.4059765 0.6170522 0.4051811 0.6139172 0.4055594 0.6139335 0.4051811 0.6139172 0.4055594 0.6170804 0.4060113 0.6139053 0.4060113 0.6170804 0.4060113 0.613901 0.4064157 0.6139053 0.4060113 0.6201111 0.4051468 0.6170685 0.4055594 0.6170522 0.4051811 0.6201592 0.4055249 0.6170804 0.4060113 0.6170685 0.4055594 0.6170804 0.4060113 0.6202074 0.4063808 0.6170848 0.4064157 0.6229924 0.4050799 0.6201592 0.4055249 0.6201111 0.4051468 0.6201592 0.4055249 0.6231279 0.4059083 0.6201945 0.4059765 0.6231279 0.4059083 0.6202074 0.4063808 0.6201945 0.4059765 0.6257961 0.406213 0.6231489 0.4215179 0.6231489 0.4063123 0.8257276 0.4001891 0.8267719 0.40103 0.8266803 0.4011418 0.8258393 0.4000974 0.8269026 0.4008709 0.8267719 0.40103 0.8259985 0.3999667 0.8270372 0.4007068 0.8269026 0.4008709 0.8266803 0.4011418 0.8278686 0.4017629 0.8278005 0.4018903 0.8267719 0.40103 0.8279657 0.4015812 0.8278686 0.4017629 0.8269026 0.4008709 0.8280657 0.4013941 0.8279657 0.4015812 0.8290452 0.4024059 0.8278686 0.4017629 0.8290872 0.4022676 0.8290872 0.4022676 0.8279657 0.4015812 0.829147 0.4020705 0.829147 0.4020705 0.8280657 0.4013941 0.8292086 0.4018675 0.8290452 0.4024059 0.8303808 0.4025249 0.8303667 0.4026687 0.8290872 0.4022676 0.830401 0.4023199 0.8303808 0.4025249 0.829147 0.4020705 0.8304218 0.4021088 0.830401 0.4023199 0.831714 0.4026687 0.8303808 0.4025249 0.8316998 0.4025249 0.8303808 0.4025249 0.8316796 0.4023199 0.8316998 0.4025249 0.8316796 0.4023199 0.8304218 0.4021088 0.8316588 0.4021088 0.831714 0.4026687 0.8329935 0.4022676 0.8330354 0.4024059 0.8316998 0.4025249 0.8329337 0.4020705 0.8329935 0.4022676 0.8316796 0.4023199 0.832872 0.4018675 0.8329337 0.4020705 0.6905772 0.4217502 0.6917539 0.4219466 0.6905353 0.4219182 0.834212 0.4017629 0.8329337 0.4020705 0.8341149 0.4015812 0.8341149 0.4015812 0.832872 0.4018675 0.8340149 0.4013941 0.6892558 0.4217355 0.6905353 0.4219182 0.6892417 0.4219038 0.8353087 0.40103 0.8341149 0.4015812 0.835178 0.4008709 0.835178 0.4008709 0.8340149 0.4013941 0.8350434 0.4007068 0.6892558 0.4217355 0.6879227 0.4219038 0.6879085 0.4217355 0.8353087 0.40103 0.8360822 0.3999667 0.8362414 0.4000974 0.835178 0.4008709 0.8359181 0.3998321 0.8360822 0.3999667 0.6879085 0.4217355 0.686629 0.4219182 0.6865871 0.4217502 0.8362414 0.4000974 0.8367925 0.3989036 0.8369742 0.3990007 0.8360822 0.3999667 0.8366054 0.3988036 0.8367925 0.3989036 0.6853423 0.4217792 0.686629 0.4219182 0.6854104 0.4219466 0.8374789 0.3977821 0.8367925 0.3989036 0.8372818 0.3977223 0.8372818 0.3977223 0.8366054 0.3988036 0.8370788 0.3976607 0.7419291 0.4232127 0.7408074 0.4230731 0.7408877 0.4228783 0.8377362 0.3964885 0.8372818 0.3977223 0.8375313 0.3964683 0.8372818 0.3977223 0.8373201 0.3964475 0.8375313 0.3964683 0.7408877 0.4228783 0.7396441 0.4228299 0.7396994 0.42263 0.8377362 0.3951695 0.8375313 0.3964683 0.8375313 0.3951897 0.8375313 0.3951897 0.8373201 0.3964475 0.8373201 0.3952105 0.7396994 0.42263 0.738382 0.4226801 0.7384102 0.422477 0.8377362 0.3951695 0.8372818 0.3939357 0.8374789 0.3938759 0.8375313 0.3951897 0.8370788 0.3939973 0.8372818 0.3939357 0.7370693 0.4224253 0.738382 0.4226801 0.7370693 0.4226295 0.8369742 0.3926573 0.8372818 0.3939357 0.8367925 0.3927544 0.8367925 0.3927544 0.8370788 0.3939973 0.8366054 0.3928544 0.7357285 0.422477 0.7370693 0.4226295 0.7357567 0.4226801 0.8362414 0.3915606 0.8367925 0.3927544 0.8360822 0.3916913 0.8360822 0.3916913 0.8366054 0.3928544 0.8359181 0.3918259 0.7357285 0.422477 0.7344945 0.4228299 0.7344392 0.42263 0.8362414 0.3915606 0.835178 0.3907871 0.8353087 0.390628 0.8360822 0.3916913 0.8350434 0.3909512 0.835178 0.3907871 0.7344392 0.42263 0.7333313 0.4230731 0.733251 0.4228783 0.8353087 0.390628 0.8341149 0.3900768 0.834212 0.3898952 0.835178 0.3907871 0.8340149 0.3902639 0.8341149 0.3900768 0.7322095 0.4232127 0.7333313 0.4230731 0.7323117 0.4234004 0.8329935 0.3893904 0.8341149 0.3900768 0.8329337 0.3895875 0.8329337 0.3895875 0.8340149 0.3902639 0.832872 0.3897905 0.7643015 0.4217792 0.7630148 0.4219182 0.7630568 0.4217502 0.8316998 0.3891331 0.8329337 0.3895875 0.8316796 0.3893381 0.8316796 0.3893381 0.832872 0.3897905 0.8316588 0.3895492 0.7617353 0.4217354 0.7630148 0.4219182 0.7617212 0.4219037 0.8303808 0.3891331 0.8316796 0.3893381 0.830401 0.3893381 0.830401 0.3893381 0.8316588 0.3895492 0.8304218 0.3895492 0.7617353 0.4217354 0.7604022 0.4219037 0.760388 0.4217354 0.8303808 0.3891331 0.829147 0.3895875 0.8290872 0.3893904 0.830401 0.3893381 0.8292086 0.3897905 0.829147 0.3895875 0.7590667 0.4217502 0.7604022 0.4219037 0.7591086 0.4219182 0.8278687 0.3898952 0.829147 0.3895875 0.8279657 0.3900768 0.8279657 0.3900768 0.8292086 0.3897905 0.8280658 0.3902639 0.7578219 0.4217792 0.7591086 0.4219182 0.75789 0.4219465 0.8267719 0.3906279 0.8279657 0.3900768 0.8269026 0.3907871 0.8269026 0.3907871 0.8280658 0.3902639 0.8270372 0.3909512 0.8266803 0.3905162 0.8258393 0.3915606 0.8257276 0.391469 0.8267719 0.3906279 0.8259985 0.3916913 0.8258393 0.3915606 0.8269026 0.3907871 0.8261625 0.3918259 0.8259985 0.3916913 0.8257276 0.391469 0.8251065 0.3926573 0.824979 0.3925892 0.8258393 0.3915606 0.8252881 0.3927544 0.8251065 0.3926573 0.8259985 0.3916913 0.8254753 0.3928544 0.8252881 0.3927544 0.8244634 0.3938339 0.8251065 0.3926573 0.8246017 0.3938759 0.8246017 0.3938759 0.8252881 0.3927544 0.8247988 0.3939357 0.8247988 0.3939357 0.8254753 0.3928544 0.8250019 0.3939973 0.612253 0.3893005 0.6135398 0.3891615 0.6134978 0.3893294 0.8246017 0.3938759 0.8245494 0.3951897 0.8243444 0.3951695 0.8247988 0.3939357 0.8247606 0.3952105 0.8245494 0.3951897 0.6134978 0.3893294 0.6148334 0.3891759 0.6148192 0.3893442 0.8243444 0.3951695 0.8245494 0.3964683 0.8243444 0.3964885 0.8245494 0.3951897 0.8247606 0.3964475 0.8245494 0.3964683 0.6148192 0.3893442 0.6161524 0.3891759 0.6161665 0.3893442 0.8243444 0.3964885 0.8247988 0.3977223 0.8246017 0.3977821 0.8245494 0.3964683 0.8250018 0.3976607 0.8247988 0.3977223 0.6174879 0.3893294 0.6161524 0.3891759 0.617446 0.3891615 0.8251065 0.3990007 0.8247988 0.3977223 0.8252881 0.3989036 0.8252881 0.3989036 0.8250018 0.3976607 0.8254753 0.3988036 0.6187327 0.3893005 0.617446 0.3891615 0.6186646 0.3891331 0.8258393 0.4000974 0.8252881 0.3989036 0.8259985 0.3999667 0.8259985 0.3999667 0.8254753 0.3988036 0.8261625 0.3998321 0.6187327 0.3893005 0.6255855 0.4049825 0.6229924 0.4050799 0.7896693 0.4176464 0.789306 0.4176746 0.7895019 0.4174119 0.5849928 0.4204831 0.5849171 0.4206992 0.584802 0.4205303 0.5849824 0.4209882 0.5851942 0.4207053 0.5853714 0.4210057 0.5845357 0.4209441 0.5849171 0.4206992 0.5849824 0.4209882 0.5843832 0.4206255 0.5845357 0.4209441 0.5841508 0.4208855 0.5846241 0.4204468 0.5846562 0.4206735 0.5843832 0.4206255 0.584802 0.4205303 0.5849171 0.4206992 0.5846562 0.4206735 0.5820478 0.4204493 0.5823106 0.4202132 0.5824258 0.4205424 0.5820478 0.4204493 0.5817891 0.420077 0.58204 0.4201531 0.5815308 0.4199766 0.5816182 0.4203189 0.5812521 0.4201864 0.581802 0.4198483 0.5817891 0.420077 0.5815308 0.4199766 0.7868983 0.4179603 0.786556 0.4180157 0.786755 0.4177379 0.5821564 0.4199559 0.58204 0.4201531 0.5819601 0.419965 0.58204 0.4201531 0.5817891 0.420077 0.5819601 0.419965 0.5792746 0.4193482 0.5795785 0.4191679 0.5796272 0.4195133 0.5788787 0.4191366 0.5793248 0.4190562 0.5792746 0.4193482 0.5788598 0.4187838 0.5788787 0.4191366 0.5785455 0.4189351 0.5791507 0.4187109 0.5790936 0.4189327 0.5788598 0.4187838 0.7048344 0.3892624 0.7051207 0.3892756 0.7050237 0.3895658 0.5794774 0.4188855 0.5793248 0.4190562 0.5792831 0.4188562 0.5793248 0.4190562 0.5790936 0.4189327 0.5792831 0.4188562 0.5767695 0.4177273 0.5771027 0.4176098 0.5770832 0.417958 0.5764225 0.4174425 0.5768757 0.4174507 0.5767695 0.4177273 0.5764728 0.4170928 0.5764225 0.4174425 0.576135 0.4171799 0.5767723 0.417078 0.576673 0.4172844 0.5764728 0.4170928 0.7072127 0.3893541 0.7075394 0.3893639 0.7074103 0.3896554 0.5770587 0.417313 0.5768757 0.4174507 0.5768738 0.4172464 0.5768757 0.4174507 0.576673 0.4172844 0.5768738 0.4172464 0.5746288 0.4156488 0.5749785 0.4155986 0.5748914 0.4159363 0.574344 0.4153018 0.5747869 0.4153982 0.5746288 0.4156488 0.5744615 0.4149686 0.574344 0.4153018 0.5741133 0.4149882 0.5747582 0.4150126 0.5746206 0.4151956 0.5744615 0.4149686 0.7098639 0.389418 0.7102184 0.389424 0.7100623 0.3897171 0.5749933 0.4152989 0.5747869 0.4153982 0.5748249 0.4151974 0.5747869 0.4153982 0.5746206 0.4151956 0.5748249 0.4151974 0.5729348 0.4131926 0.5732876 0.4132116 0.5731362 0.4135258 0.5729348 0.4131926 0.5730151 0.4127466 0.5731387 0.4129778 0.5729034 0.4124928 0.5727231 0.4127967 0.572558 0.4124441 0.5731858 0.4125939 0.5730151 0.4127466 0.5729034 0.4124928 0.7126861 0.3894516 0.7130547 0.3894537 0.7128775 0.3897485 0.5733605 0.4129206 0.5731387 0.4129778 0.5732151 0.4127882 0.5731387 0.4129778 0.5730151 0.4127466 0.5732151 0.4127882 0.5717524 0.4104532 0.5720947 0.4105405 0.571885 0.4108192 0.5717524 0.4104532 0.5719182 0.4100313 0.5719943 0.4102821 0.5718581 0.4097607 0.5716221 0.4100236 0.5715289 0.4096455 0.5721154 0.4099149 0.5719182 0.4100313 0.5718581 0.4097607 0.7155708 0.3894537 0.7159394 0.3894516 0.715748 0.3897485 0.572223 0.4102694 0.5719943 0.4102821 0.5721063 0.4101112 0.5719943 0.4102821 0.5719182 0.4100313 0.5721063 0.4101112 0.5711272 0.4075356 0.5714459 0.4076882 0.5711858 0.4079205 0.5711272 0.4075356 0.5713721 0.4071543 0.5713978 0.4074152 0.571366 0.4068771 0.5710832 0.4070889 0.5710656 0.4066999 0.5715883 0.4070786 0.5713721 0.4071543 0.571366 0.4068771 0.7184071 0.389424 0.7187616 0.389418 0.7185632 0.3897171 0.5716246 0.4074472 0.5713978 0.4074152 0.571541 0.4072693 0.5713978 0.4074152 0.5713721 0.4071543 0.571541 0.4072693 0.5710832 0.4045522 0.571366 0.4047639 0.5710656 0.4049412 0.5710832 0.4045522 0.5713978 0.404226 0.5713721 0.4044868 0.5714459 0.4039529 0.5711272 0.4041054 0.5711858 0.4037205 0.5716246 0.4041939 0.5713978 0.404226 0.5714459 0.4039529 0.7210861 0.3893639 0.7214128 0.3893541 0.7212151 0.3896554 0.5715883 0.4045625 0.5713721 0.4044868 0.571541 0.4043717 0.5713721 0.4044868 0.5713978 0.404226 0.571541 0.4043717 0.5716221 0.4016175 0.5718581 0.4018804 0.5715289 0.4019956 0.5716221 0.4016175 0.5719943 0.4013589 0.5719182 0.4016098 0.5720947 0.4011005 0.5717524 0.401188 0.571885 0.4008219 0.572223 0.4013717 0.5719943 0.4013589 0.5720947 0.4011005 0.7235048 0.3892756 0.7237911 0.3892624 0.7236018 0.3895658 0.5721154 0.4017262 0.5719182 0.4016098 0.5721063 0.4015299 0.5719182 0.4016098 0.5719943 0.4013589 0.5721063 0.4015299 0.5727231 0.3988444 0.5729033 0.3991482 0.572558 0.399197 0.5729347 0.3984485 0.573015 0.3988946 0.5727231 0.3988444 0.5732876 0.3984295 0.5729347 0.3984485 0.5731362 0.3981153 0.5733605 0.3987205 0.5731387 0.3986634 0.5732876 0.3984295 0.655887 0.3893774 0.6561734 0.3893907 0.6560763 0.3896808 0.5731858 0.3990472 0.573015 0.3988946 0.5732151 0.3988528 0.573015 0.3988946 0.5731387 0.3986634 0.5732151 0.3988528 0.574344 0.3963393 0.5744615 0.3966725 0.5741133 0.3966529 0.5746288 0.3959923 0.5746206 0.3964455 0.574344 0.3963393 0.5749785 0.3960425 0.5746288 0.3959923 0.5748914 0.3957048 0.5749933 0.3963421 0.5747869 0.3962428 0.5749785 0.3960425 0.6582654 0.3894692 0.6585921 0.3894789 0.658463 0.3897704 0.5747582 0.3966285 0.5746206 0.3964455 0.5748249 0.3964436 0.5746206 0.3964455 0.5747869 0.3962428 0.5748249 0.3964436 0.5764225 0.3941985 0.5764728 0.3945483 0.576135 0.3944612 0.5764225 0.3941985 0.5768757 0.3941903 0.576673 0.3943567 0.5771027 0.3940313 0.5767695 0.3939138 0.5770832 0.3936831 0.5770587 0.394328 0.5768757 0.3941903 0.5771027 0.3940313 0.6609165 0.3895331 0.661271 0.3895391 0.6611149 0.3898321 0.5767723 0.394563 0.576673 0.3943567 0.5768738 0.3943947 0.576673 0.3943567 0.5768757 0.3941903 0.5768738 0.3943947 0.5788787 0.3925045 0.5788598 0.3928573 0.5785455 0.392706 0.5792746 0.3922929 0.5790936 0.3927084 0.5788787 0.3925045 0.5795785 0.3924731 0.5792746 0.3922929 0.5796272 0.3921278 0.5794774 0.3927556 0.5793247 0.3925848 0.5795785 0.3924731 0.6637387 0.3895666 0.6641074 0.3895687 0.6639302 0.3898635 0.5791507 0.3929302 0.5790936 0.3927084 0.5792831 0.3927849 0.5790936 0.3927084 0.5793247 0.3925848 0.5792831 0.3927849 0.5816182 0.3913221 0.5815308 0.3916645 0.5812521 0.3914547 0.5816182 0.3913221 0.58204 0.391488 0.5817891 0.391564 0.5823106 0.3914279 0.5820477 0.3911918 0.5824258 0.3910987 0.5821564 0.3916852 0.58204 0.391488 0.5823106 0.3914279 0.6666234 0.3895687 0.6669921 0.3895666 0.6668006 0.3898635 0.5818019 0.3917927 0.5817891 0.391564 0.5819601 0.3916761 0.5817891 0.391564 0.58204 0.391488 0.5819601 0.3916761 0.5845357 0.390697 0.5843831 0.3910157 0.5841508 0.3907555 0.5849824 0.390653 0.5846562 0.3909676 0.5845357 0.390697 0.5851942 0.3909358 0.5849824 0.390653 0.5853714 0.3906353 0.5849928 0.391158 0.5849171 0.3909419 0.5851942 0.3909358 0.6694598 0.3895391 0.6698142 0.3895331 0.6696159 0.3898321 0.5846241 0.3911944 0.5846562 0.3909676 0.584802 0.3911108 0.5846562 0.3909676 0.5849171 0.3909419 0.584802 0.3911108 0.5875191 0.390653 0.5873073 0.3909358 0.5871301 0.3906353 0.5879659 0.390697 0.5875845 0.3909419 0.5875191 0.390653 0.5881184 0.3910157 0.5879659 0.390697 0.5883508 0.3907555 0.5878775 0.3911944 0.5878454 0.3909676 0.5881184 0.3910157 0.6721388 0.3894789 0.6724655 0.3894692 0.6722678 0.3897704 0.5875088 0.391158 0.5875845 0.3909419 0.5876995 0.3911108 0.5875845 0.3909419 0.5878454 0.3909676 0.5876995 0.3911108 0.5904538 0.3911918 0.5901909 0.3914279 0.5900757 0.3910987 0.5904538 0.3911918 0.5907124 0.391564 0.5904616 0.391488 0.5909708 0.3916645 0.5908834 0.3913221 0.5912495 0.3914547 0.5906996 0.3917927 0.5907124 0.391564 0.5909708 0.3916645 0.6745575 0.3893907 0.6748438 0.3893774 0.6746544 0.3896808 0.5903452 0.3916852 0.5904616 0.391488 0.5905414 0.3916761 0.5904616 0.391488 0.5907124 0.391564 0.5905414 0.3916761 0.593227 0.3922929 0.5929231 0.3924731 0.5928743 0.3921278 0.5936228 0.3925045 0.5931768 0.3925848 0.593227 0.3922929 0.5936418 0.3928573 0.5936228 0.3925045 0.593956 0.392706 0.5933508 0.3929302 0.593408 0.3927084 0.5936418 0.3928573 0.6766229 0.3892775 0.6768579 0.3892614 0.6766842 0.3895668 0.5930241 0.3927556 0.5931768 0.3925848 0.5932185 0.3927849 0.5931768 0.3925848 0.593408 0.3927084 0.5932185 0.3927849 0.595732 0.3939138 0.5953988 0.3940313 0.5954184 0.3936831 0.596079 0.3941985 0.5956259 0.3941903 0.595732 0.3939138 0.5960288 0.3945483 0.596079 0.3941985 0.5963665 0.3944612 0.5957292 0.394563 0.5958285 0.3943567 0.5960288 0.3945483 0.6540467 0.4242724 0.6538722 0.4242526 0.6538975 0.423964 0.5954428 0.394328 0.5956259 0.3941903 0.5956277 0.3943947 0.5956259 0.3941903 0.5958285 0.3943567 0.5956277 0.3943947 0.5978727 0.3959923 0.597523 0.3960425 0.5976101 0.3957048 0.5981575 0.3963392 0.5977147 0.3962428 0.5978727 0.3959923 0.59804 0.3966725 0.5981575 0.3963392 0.5983883 0.3966529 0.5977433 0.3966284 0.597881 0.3964455 0.59804 0.3966725 0.6524753 0.4241242 0.6522405 0.4241062 0.6523039 0.4238175 0.5975083 0.3963421 0.5977147 0.3962428 0.5976766 0.3964436 0.5977147 0.3962428 0.597881 0.3964455 0.5976766 0.3964436 0.5995668 0.3984485 0.599214 0.3984295 0.5993654 0.3981153 0.5995668 0.3984485 0.5994865 0.3988945 0.5993629 0.3986634 0.5995982 0.3991482 0.5997784 0.3988444 0.5999435 0.399197 0.5993158 0.3990471 0.5994865 0.3988945 0.5995982 0.3991482 0.6504622 0.4239923 0.6501759 0.4239769 0.6502752 0.4236875 0.5991411 0.3987205 0.5993629 0.3986634 0.5992864 0.3988528 0.5993629 0.3986634 0.5994865 0.3988945 0.5992864 0.3988528 0.6007492 0.401188 0.6004068 0.4011005 0.6006166 0.4008219 0.6007492 0.401188 0.6005834 0.4016098 0.6005073 0.4013589 0.6006434 0.4018804 0.6008795 0.4016175 0.6009726 0.4019955 0.6003862 0.4017262 0.6005834 0.4016098 0.6006434 0.4018804 0.6480847 0.423882 0.647758 0.4238696 0.6478893 0.4235792 0.6002786 0.4013717 0.6005073 0.4013589 0.6003953 0.4015299 0.6005073 0.4013589 0.6005834 0.4016098 0.6003953 0.4015299 0.6013744 0.4041054 0.6010557 0.4039529 0.6013157 0.4037205 0.6013744 0.4041054 0.6011294 0.4044868 0.6011037 0.404226 0.6011356 0.4047639 0.6014184 0.4045522 0.601436 0.4049412 0.6009133 0.4045625 0.6011294 0.4044868 0.6011356 0.4047639 0.645434 0.4237973 0.6450796 0.4237884 0.645238 0.4234967 0.600877 0.4041938 0.6011037 0.404226 0.6009605 0.4043717 0.6011037 0.404226 0.6011294 0.4044868 0.6009605 0.4043717 0.6014184 0.4070889 0.6011356 0.4068771 0.601436 0.4066999 0.6014184 0.4070889 0.6011037 0.4074151 0.6011294 0.4071542 0.6010557 0.4076882 0.6013744 0.4075356 0.6013157 0.4079205 0.600877 0.4074472 0.6011037 0.4074151 0.6010557 0.4076882 0.6426122 0.4237415 0.6422435 0.4237366 0.642423 0.4234431 0.6009133 0.4070785 0.6011294 0.4071542 0.6009605 0.4072693 0.6011294 0.4071542 0.6011037 0.4074151 0.6009605 0.4072693 0.6008795 0.4100236 0.6006434 0.4097607 0.6009727 0.4096455 0.6008795 0.4100236 0.6005073 0.4102821 0.6005834 0.4100313 0.6004068 0.4105405 0.6007492 0.4104531 0.6006166 0.4108192 0.6002786 0.4102694 0.6005073 0.4102821 0.6004068 0.4105405 0.6397276 0.4237168 0.6393589 0.423716 0.6395527 0.4234206 0.6003862 0.4099149 0.6005834 0.4100313 0.6003953 0.4101112 0.6005834 0.4100313 0.6005073 0.4102821 0.6003953 0.4101112 0.5997784 0.4127967 0.5995982 0.4124928 0.5999435 0.4124441 0.5995668 0.4131926 0.5994865 0.4127466 0.5997784 0.4127967 0.599214 0.4132115 0.5995668 0.4131926 0.5993654 0.4135258 0.5991411 0.4129206 0.5993629 0.4129778 0.599214 0.4132115 0.6368911 0.4237241 0.6365366 0.4237274 0.6367373 0.4234299 0.5993158 0.4125939 0.5994865 0.4127466 0.5992864 0.4127882 0.5994865 0.4127466 0.5993629 0.4129778 0.5992864 0.4127882 0.5981575 0.4153018 0.59804 0.4149686 0.5983883 0.4149881 0.5978727 0.4156488 0.597881 0.4151956 0.5981575 0.4153018 0.597523 0.4155985 0.5978727 0.4156488 0.5976101 0.4159362 0.5975083 0.4152989 0.5977147 0.4153982 0.597523 0.4155985 0.6342117 0.4237632 0.6338849 0.4237704 0.6340849 0.4234707 0.5977433 0.4150126 0.597881 0.4151956 0.5976766 0.4151974 0.597881 0.4151956 0.5977147 0.4153982 0.5976766 0.4151974 0.5960791 0.4174425 0.5960288 0.4170928 0.5963665 0.4171799 0.595732 0.4177272 0.5958285 0.4172844 0.5960791 0.4174425 0.5953988 0.4176098 0.595732 0.4177272 0.5954184 0.417958 0.5954428 0.417313 0.5956259 0.4174507 0.5953988 0.4176098 0.6317924 0.4238325 0.631506 0.4238435 0.6316977 0.4235416 0.5957292 0.417078 0.5958285 0.4172844 0.5956277 0.4172464 0.5958285 0.4172844 0.5956259 0.4174507 0.5956277 0.4172464 0.5936229 0.4191366 0.5936418 0.4187838 0.5939561 0.4189351 0.5936229 0.4191366 0.5931768 0.4190562 0.593408 0.4189327 0.5929231 0.4191679 0.593227 0.4193482 0.5928744 0.4195133 0.5930241 0.4188855 0.5931768 0.4190562 0.5929231 0.4191679 0.7981608 0.4180157 0.7978186 0.4179603 0.7979618 0.4177379 0.5933508 0.4187109 0.593408 0.4189327 0.5932185 0.4188562 0.593408 0.4189327 0.5931768 0.4190562 0.5932185 0.4188562 0.5908834 0.4203189 0.5909708 0.4199766 0.5912495 0.4201864 0.5908834 0.4203189 0.5904616 0.4201531 0.5907124 0.420077 0.5901909 0.4202132 0.5904538 0.4204493 0.5900757 0.4205424 0.5903452 0.4199559 0.5904616 0.4201531 0.5901909 0.4202132 0.7954109 0.4176746 0.7950476 0.4176464 0.795215 0.4174119 0.5906996 0.4198483 0.5907124 0.420077 0.5905415 0.419965 0.5907124 0.420077 0.5904616 0.4201531 0.5905415 0.419965 0.5879659 0.4209441 0.5881184 0.4206254 0.5883508 0.4208855 0.5875191 0.4209882 0.5878454 0.4206735 0.5879659 0.4209441 0.5873073 0.4207053 0.5875191 0.4209882 0.5871301 0.4210057 0.5875088 0.4204831 0.5875845 0.4206992 0.5873073 0.4207053 0.7925437 0.4175499 0.7921732 0.4175499 0.7923584 0.4173019 0.5878775 0.4204468 0.5878454 0.4206735 0.5876995 0.4205303 0.5878454 0.4206735 0.5875845 0.4206992 0.5876995 0.4205303 0.5844408 0.4219072 0.5842087 0.4221898 0.5840559 0.4218485 0.5844408 0.4219072 0.5847706 0.4222479 0.5844977 0.4222211 0.5850601 0.4222736 0.5848876 0.4219512 0.5852766 0.4219688 0.5848132 0.422508 0.5847706 0.4222479 0.5850601 0.4222736 0.8379266 0.4103538 0.8379188 0.409992 0.8382151 0.4102352 0.5844052 0.4224678 0.5844977 0.4222211 0.5846168 0.4224104 0.5844977 0.4222211 0.5847706 0.4222479 0.5846168 0.4224104 0.8380074 0.4130621 0.8379955 0.4127451 0.8382945 0.4129865 0.5811929 0.4217879 0.5813319 0.4215639 0.5814117 0.4217729 0.5813373 0.421245 0.5810545 0.4214769 0.5809712 0.4211124 0.5813373 0.421245 0.5815942 0.4216435 0.5813319 0.4215639 0.5818731 0.4217252 0.5817669 0.4213753 0.5821449 0.4214684 0.5815853 0.4219069 0.5815942 0.4216435 0.5818731 0.4217252 0.5814117 0.4217729 0.5813319 0.4215639 0.5815942 0.4216435 0.8381195 0.4153563 0.838104 0.4150961 0.8384056 0.4153267 0.578175 0.4204943 0.578355 0.4203017 0.5783925 0.4205223 0.5784225 0.4199901 0.5780999 0.4201623 0.5780893 0.4197885 0.5788184 0.4202017 0.578355 0.4203017 0.5784225 0.4199901 0.5788544 0.4205656 0.5788184 0.4202017 0.5791711 0.4203668 0.5785366 0.4206876 0.5785968 0.420431 0.5788544 0.4205656 0.5783925 0.4205223 0.578355 0.4203017 0.5785968 0.420431 0.5754675 0.4186369 0.5757845 0.418897 0.5755456 0.4188649 0.5754675 0.4186369 0.5756815 0.4184831 0.5756754 0.4187067 0.5758086 0.4181905 0.5754586 0.4182966 0.5755211 0.417928 0.5758086 0.4181905 0.5758935 0.4186571 0.5756815 0.4184831 0.5761199 0.4188393 0.5761556 0.4184753 0.5764693 0.4187061 0.5757845 0.418897 0.5758935 0.4186571 0.5761199 0.4188393 0.5756754 0.4187067 0.5756815 0.4184831 0.5758935 0.4186571 0.8424534 0.3913921 0.8424685 0.3911318 0.8427546 0.3911608 0.5731744 0.4162869 0.5734143 0.4161779 0.5733646 0.416396 0.573596 0.4159157 0.5732321 0.4159514 0.5733652 0.4156021 0.573596 0.4159157 0.5735882 0.4163898 0.5734143 0.4161779 0.5737748 0.4166127 0.5738807 0.4162627 0.5741434 0.4165502 0.5734345 0.4166038 0.5735882 0.4163898 0.5737748 0.4166127 0.5733646 0.416396 0.5734143 0.4161779 0.5735882 0.4163898 0.8423494 0.3937433 0.8423607 0.3934262 0.842648 0.3935012 0.5713837 0.4135347 0.5716403 0.4134746 0.571549 0.4136788 0.5718697 0.4132529 0.5715057 0.4132169 0.5717046 0.4129003 0.5718697 0.4132529 0.5717695 0.4137164 0.5716403 0.4134746 0.571909 0.4139714 0.5720813 0.4136488 0.5722827 0.413982 0.571577 0.4138963 0.5717695 0.4137164 0.571909 0.4139714 0.571549 0.4136788 0.5716403 0.4134746 0.5717695 0.4137164 0.842278 0.3964964 0.842285 0.3961347 0.8425738 0.3962527 0.5701645 0.4104861 0.5704278 0.4104771 0.5702984 0.4106596 0.570696 0.4103045 0.5703461 0.4101982 0.5706028 0.4099264 0.5708263 0.4107341 0.5704278 0.4104771 0.570696 0.4103045 0.5705944 0.4110168 0.5708263 0.4107341 0.5709589 0.4111002 0.5702835 0.4108784 0.5705074 0.4107395 0.5705944 0.4110168 0.5702984 0.4106596 0.5704278 0.4104771 0.5705074 0.4107395 0.8422418 0.3995456 0.8422443 0.3991532 0.842535 0.3993095 0.5695633 0.4072581 0.5698234 0.4073007 0.5696609 0.4074545 0.5701201 0.4071837 0.5697976 0.4070112 0.5701025 0.4067948 0.5701641 0.4076305 0.5698234 0.4073007 0.5701201 0.4071837 0.5698815 0.4078626 0.5701641 0.4076305 0.5702227 0.4080154 0.5696035 0.4076662 0.5698503 0.4075736 0.5698815 0.4078626 0.5696609 0.4074545 0.5698234 0.4073007 0.5698503 0.4075736 0.8422421 0.4027737 0.84224 0.4023656 0.8425331 0.4025542 0.5696035 0.4039749 0.5698503 0.4040675 0.5696609 0.4041866 0.5701641 0.4040106 0.5698815 0.4037785 0.5702227 0.4036257 0.5701641 0.4040106 0.5698234 0.4043403 0.5698503 0.4040675 0.5697976 0.4046298 0.5701201 0.4044573 0.5701025 0.4048463 0.5695633 0.404383 0.5698234 0.4043403 0.5697976 0.4046298 0.5696609 0.4041866 0.5698503 0.4040675 0.5698234 0.4043403 0.8422791 0.4060567 0.8422725 0.4056487 0.842568 0.405862 0.5702834 0.4007627 0.5705074 0.4009016 0.5702984 0.4009814 0.5708263 0.400907 0.5705944 0.4006242 0.5709589 0.400541 0.5708263 0.400907 0.5704278 0.4011639 0.5705074 0.4009016 0.5703461 0.4014429 0.570696 0.4013366 0.5706028 0.4017146 0.5701645 0.4011551 0.5704278 0.4011639 0.5703461 0.4014429 0.5702984 0.4009814 0.5705074 0.4009016 0.5704278 0.4011639 0.8423512 0.4092683 0.8423404 0.4088761 0.8426386 0.4091059 0.571577 0.3977448 0.5717695 0.3979247 0.571549 0.3979623 0.5720813 0.3979923 0.571909 0.3976697 0.5722827 0.3976591 0.5718697 0.3983882 0.5717695 0.3979247 0.5720813 0.3979923 0.5715057 0.3984242 0.5718697 0.3983882 0.5717046 0.3987408 0.5713837 0.3981064 0.5716403 0.3981665 0.5715057 0.3984242 0.571549 0.3979623 0.5717695 0.3979247 0.5716403 0.3981665 0.8424558 0.4122853 0.8424411 0.4119238 0.842742 0.4121612 0.5734345 0.3950372 0.5735882 0.3952513 0.5733646 0.3952451 0.5738807 0.3953784 0.5737747 0.3950284 0.5741434 0.3950909 0.573596 0.3957254 0.5735882 0.3952513 0.5738807 0.3953784 0.573232 0.3956897 0.573596 0.3957254 0.5733652 0.396039 0.5731744 0.3953542 0.5734143 0.3954632 0.573232 0.3956897 0.5733646 0.3952451 0.5735882 0.3952513 0.5734143 0.3954632 0.8425887 0.4149916 0.8425707 0.4146748 0.8428743 0.4149105 0.5757845 0.3927441 0.5758935 0.392984 0.5756753 0.3929343 0.5761556 0.3931657 0.5761199 0.3928018 0.5764693 0.392935 0.5761556 0.3931657 0.5756815 0.393158 0.5758935 0.392984 0.5754586 0.3933445 0.5758086 0.3934505 0.5755211 0.3937131 0.5754675 0.3930042 0.5756815 0.393158 0.5754586 0.3933445 0.5756753 0.3929343 0.5758935 0.392984 0.5756815 0.393158 0.8249096 0.4084387 0.824971 0.4080599 0.8251704 0.4082008 0.5785366 0.3909535 0.5785967 0.3912101 0.5783925 0.3911188 0.5788184 0.3914394 0.5788544 0.3910755 0.579171 0.3912743 0.5788184 0.3914394 0.578355 0.3913393 0.5785967 0.3912101 0.5780999 0.3914788 0.5784225 0.391651 0.5780893 0.3918525 0.578175 0.3911468 0.578355 0.3913393 0.5780999 0.3914788 0.5783925 0.3911188 0.5785967 0.3912101 0.578355 0.3913393 0.8245519 0.4115922 0.8245832 0.41119 0.8247948 0.4113664 0.5815853 0.3897342 0.5815942 0.3899976 0.5814117 0.3898682 0.5817669 0.3902658 0.5818731 0.3899159 0.5821449 0.3901726 0.5817669 0.3902658 0.5813318 0.3900772 0.5815942 0.3899976 0.5810545 0.3901642 0.5813373 0.3903961 0.5809712 0.3905287 0.5811929 0.3898532 0.5813318 0.3900772 0.5810545 0.3901642 0.5814117 0.3898682 0.5815942 0.3899976 0.5813318 0.3900772 0.8244417 0.4148635 0.8244417 0.4144535 0.8246679 0.4146585 0.5848132 0.3891331 0.5847706 0.3893932 0.5846168 0.3892307 0.5848876 0.3896899 0.5850601 0.3893674 0.5852766 0.3896723 0.5844408 0.3897339 0.5847706 0.3893932 0.5848876 0.3896899 0.5842087 0.3894513 0.5844408 0.3897339 0.5840559 0.3897925 0.5844051 0.3891733 0.5844977 0.38942 0.5842087 0.3894513 0.5846168 0.3892307 0.5847706 0.3893932 0.5844977 0.38942 0.8245832 0.4181269 0.8245519 0.4177247 0.8247948 0.4179506 0.5880964 0.3891733 0.5880038 0.38942 0.5878847 0.3892306 0.5880607 0.3897339 0.5882928 0.3894513 0.5884456 0.3897925 0.5876139 0.3896899 0.5880038 0.38942 0.5880607 0.3897339 0.5874415 0.3893674 0.5876139 0.3896899 0.587225 0.3896723 0.5876883 0.3891331 0.587731 0.3893932 0.5874415 0.3893674 0.5878847 0.3892306 0.5880038 0.38942 0.587731 0.3893932 0.824971 0.4212571 0.8249096 0.4208782 0.8251704 0.4211162 0.5913087 0.3898532 0.5911697 0.3900772 0.5910899 0.3898682 0.5911643 0.3903961 0.5914471 0.3901642 0.5915304 0.3905287 0.5911643 0.3903961 0.5909073 0.3899976 0.5911697 0.3900772 0.5906284 0.3899158 0.5907347 0.3902658 0.5903567 0.3901726 0.5909163 0.3897342 0.5909073 0.3899976 0.5906284 0.3899158 0.5910899 0.3898682 0.5911697 0.3900772 0.5909073 0.3899976 0.8302877 0.4052458 0.830303 0.4049289 0.8305893 0.4050076 0.5943265 0.3911468 0.5941466 0.3913393 0.594109 0.3911188 0.594079 0.391651 0.5944016 0.3914788 0.5944122 0.3918525 0.5936831 0.3914394 0.5941466 0.3913393 0.594079 0.391651 0.5936471 0.3910755 0.5936831 0.3914394 0.5933305 0.3912743 0.5939649 0.3909535 0.5939048 0.3912101 0.5936471 0.3910755 0.594109 0.3911188 0.5941466 0.3913393 0.5939048 0.3912101 0.830181 0.4079977 0.8301927 0.4076362 0.8304799 0.4077578 0.597034 0.3930042 0.59682 0.393158 0.5968262 0.3929343 0.5966929 0.3934505 0.5970429 0.3933445 0.5969805 0.3937131 0.596346 0.3931657 0.59682 0.393158 0.5966929 0.3934505 0.5963817 0.3928018 0.596346 0.3931657 0.5960323 0.392935 0.5967171 0.3927441 0.5966081 0.392984 0.5963817 0.3928018 0.5968262 0.3929343 0.59682 0.393158 0.5966081 0.392984 0.8301057 0.4110462 0.8301133 0.4106539 0.830402 0.4108139 0.5993272 0.3953542 0.5990873 0.3954632 0.599137 0.3952451 0.5989056 0.3957253 0.5992695 0.3956897 0.5991363 0.396039 0.5989056 0.3957253 0.5989133 0.3952513 0.5990873 0.3954632 0.5987268 0.3950284 0.5986208 0.3953784 0.5983582 0.3950909 0.5990671 0.3950372 0.5989133 0.3952513 0.5987268 0.3950284 0.599137 0.3952451 0.5990873 0.3954632 0.5989133 0.3952513 0.8300647 0.414274 0.8300679 0.4138661 0.8303585 0.4140583 0.6011179 0.3981064 0.6008613 0.3981665 0.6009525 0.3979623 0.6006319 0.3983882 0.6009958 0.3984242 0.600797 0.3987408 0.6006319 0.3983882 0.600732 0.3979247 0.6008613 0.3981665 0.6005926 0.3976697 0.6004203 0.3979923 0.6002188 0.3976591 0.6009246 0.3977448 0.600732 0.3979247 0.6005926 0.3976697 0.6009525 0.3979623 0.6008613 0.3981665 0.600732 0.3979247 0.8300597 0.4175572 0.8300583 0.4171492 0.8303511 0.4173663 0.6023371 0.401155 0.6020737 0.4011639 0.6022031 0.4009814 0.6018056 0.4013366 0.6021555 0.4014429 0.6018987 0.4017146 0.6016752 0.400907 0.6020737 0.4011639 0.6018056 0.4013366 0.6019071 0.4006242 0.6016752 0.400907 0.6015427 0.4005409 0.6022181 0.4007626 0.6019942 0.4009016 0.6019071 0.4006242 0.6022031 0.4009814 0.6020737 0.4011639 0.6019942 0.4009016 0.8300907 0.4207696 0.8300849 0.4203772 0.8303801 0.4206109 0.6029382 0.404383 0.6026782 0.4043403 0.6028407 0.4041866 0.6023815 0.4044573 0.6027039 0.4046298 0.602399 0.4048463 0.6023374 0.4040106 0.6026782 0.4043403 0.6023815 0.4044573 0.60262 0.4037785 0.6023374 0.4040106 0.6022788 0.4036257 0.602898 0.4039749 0.6026513 0.4040675 0.60262 0.4037785 0.6028407 0.4041866 0.6026782 0.4043403 0.6026513 0.4040675 0.8301566 0.4237876 0.8301465 0.423426 0.8304443 0.4236672 0.602898 0.4076662 0.6026513 0.4075736 0.6028407 0.4074545 0.6023374 0.4076305 0.60262 0.4078626 0.6022788 0.4080154 0.6023374 0.4076305 0.6026782 0.4073007 0.6026513 0.4075736 0.6027039 0.4070112 0.6023815 0.4071837 0.602399 0.4067947 0.6029382 0.4072581 0.6026782 0.4073007 0.6027039 0.4070112 0.6028407 0.4074545 0.6026513 0.4075736 0.6026782 0.4073007 0.8302548 0.4264954 0.8302409 0.4261784 0.8305414 0.426418 0.6022181 0.4108784 0.6019942 0.4107395 0.6022031 0.4106596 0.6016753 0.410734 0.6019071 0.4110168 0.6015427 0.4111002 0.6016753 0.410734 0.6020737 0.4104771 0.6019942 0.4107395 0.6021555 0.4101982 0.6018056 0.4103045 0.6018987 0.4099264 0.6023371 0.4104861 0.6020737 0.4104771 0.6021555 0.4101982 0.6022031 0.4106596 0.6019942 0.4107395 0.6020737 0.4104771 0.8381769 0.3918132 0.8381942 0.3914963 0.8384799 0.3915768 0.6009246 0.4138963 0.600732 0.4137163 0.6009525 0.4136788 0.6004203 0.4136488 0.6005926 0.4139714 0.6002188 0.413982 0.6006319 0.4132529 0.600732 0.4137163 0.6004203 0.4136488 0.6009958 0.4132169 0.6006319 0.4132529 0.600797 0.4129003 0.6011179 0.4135347 0.6008613 0.4134746 0.6009958 0.4132169 0.6009525 0.4136788 0.600732 0.4137163 0.6008613 0.4134746 0.8380525 0.3945643 0.8380664 0.3942028 0.8383529 0.3943264 0.5990671 0.4166038 0.5989134 0.4163898 0.599137 0.416396 0.5986208 0.4162627 0.5987268 0.4166127 0.5983582 0.4165502 0.5989056 0.4159157 0.5989134 0.4163898 0.5986208 0.4162627 0.5992695 0.4159514 0.5989056 0.4159157 0.5991363 0.415602 0.5993272 0.4162869 0.5990873 0.4161778 0.5992695 0.4159514 0.599137 0.416396 0.5989134 0.4163898 0.5990873 0.4161778 0.8379576 0.3976123 0.8379676 0.39722 0.8382554 0.3973819 0.5967171 0.418897 0.5966081 0.418657 0.5968262 0.4187067 0.596346 0.4184753 0.5963817 0.4188393 0.5960323 0.4187061 0.596346 0.4184753 0.59682 0.4184831 0.5966081 0.418657 0.5970429 0.4182966 0.5966929 0.4181905 0.5969805 0.4179279 0.5970341 0.4186369 0.59682 0.4184831 0.5970429 0.4182966 0.5968262 0.4187067 0.5966081 0.418657 0.59682 0.4184831 0.8378959 0.4008398 0.8379017 0.4004318 0.838191 0.4006259 0.5939649 0.4206876 0.5939048 0.420431 0.5941091 0.4205223 0.5936831 0.4202017 0.5936471 0.4205656 0.5933305 0.4203668 0.594079 0.4199901 0.5939048 0.420431 0.5936831 0.4202017 0.5944016 0.4201623 0.594079 0.4199901 0.5944122 0.4197885 0.5943266 0.4204943 0.5941466 0.4203017 0.5944016 0.4201623 0.5941091 0.4205223 0.5939048 0.420431 0.5941466 0.4203017 0.8378697 0.4041229 0.837871 0.4037148 0.8381624 0.4039338 0.5909163 0.4219069 0.5909073 0.4216435 0.5910899 0.4217729 0.5907347 0.4213753 0.5906284 0.4217252 0.5903567 0.4214684 0.5907347 0.4213753 0.5911697 0.4215639 0.5909073 0.4216435 0.5914471 0.4214769 0.5911643 0.421245 0.5915304 0.4211124 0.5913087 0.4217879 0.5911697 0.4215639 0.5914471 0.4214769 0.5910899 0.4217729 0.5909073 0.4216435 0.5911697 0.4215639 0.83788 0.4073354 0.8378767 0.406943 0.8381705 0.4071785 0.5876883 0.422508 0.587731 0.4222479 0.5878847 0.4224104 0.5876139 0.4219512 0.5874415 0.4222736 0.587225 0.4219688 0.5876139 0.4219512 0.5880038 0.422221 0.587731 0.4222479 0.5882928 0.4221898 0.5880607 0.4219072 0.5884457 0.4218485 0.5880964 0.4224678 0.5880038 0.422221 0.5882928 0.4221898 0.5878847 0.4224104 0.587731 0.4222479 0.5880038 0.422221 0.8382945 0.4129865 0.8379266 0.4103538 0.8382151 0.4102352 0.5844052 0.4224678 0.5818731 0.4217252 0.5842087 0.4221898 0.5842087 0.4221898 0.5821449 0.4214684 0.5840559 0.4218485 0.8384056 0.4153267 0.8380074 0.4130621 0.8382945 0.4129865 0.5811929 0.4217879 0.5788544 0.4205656 0.5810545 0.4214769 0.5788544 0.4205656 0.5809712 0.4211124 0.5810545 0.4214769 0.8385442 0.4171658 0.8381195 0.4153563 0.8384056 0.4153267 0.578175 0.4204943 0.5761199 0.4188393 0.5780999 0.4201623 0.5780999 0.4201623 0.5764693 0.4187061 0.5780893 0.4197885 0.8428896 0.3893215 0.8424685 0.3911318 0.8425858 0.3895331 0.5754675 0.4186369 0.5737748 0.4166127 0.5754586 0.4182966 0.5737748 0.4166127 0.5755211 0.417928 0.5754586 0.4182966 0.842648 0.3935012 0.8424534 0.3913921 0.8427546 0.3911608 0.571577 0.4138963 0.5732321 0.4159514 0.5731744 0.4162869 0.5732321 0.4159514 0.5722827 0.413982 0.5733652 0.4156021 0.842648 0.3935012 0.842285 0.3961347 0.8423494 0.3937433 0.5702835 0.4108784 0.5715057 0.4132169 0.5713837 0.4135347 0.5705944 0.4110168 0.5717046 0.4129003 0.5715057 0.4132169 0.842535 0.3993095 0.842278 0.3964964 0.8425738 0.3962527 0.5701645 0.4104861 0.5698815 0.4078626 0.5703461 0.4101982 0.5698815 0.4078626 0.5706028 0.4099264 0.5703461 0.4101982 0.842535 0.3993095 0.84224 0.4023656 0.8422418 0.3995456 0.5695633 0.404383 0.5697976 0.4070112 0.5695633 0.4072581 0.5697976 0.4046298 0.5701025 0.4067948 0.5697976 0.4070112 0.842568 0.405862 0.8422421 0.4027737 0.8425331 0.4025542 0.5696035 0.4039749 0.5703461 0.4014429 0.5698815 0.4037785 0.5698815 0.4037785 0.5706028 0.4017146 0.5702227 0.4036257 0.8426386 0.4091059 0.8422791 0.4060567 0.842568 0.405862 0.5702834 0.4007627 0.5715057 0.3984242 0.5705944 0.4006242 0.5715057 0.3984242 0.5709589 0.400541 0.5705944 0.4006242 0.842742 0.4121612 0.8423512 0.4092683 0.8426386 0.4091059 0.571577 0.3977448 0.573232 0.3956897 0.571909 0.3976697 0.571909 0.3976697 0.5733652 0.396039 0.5722827 0.3976591 0.842742 0.4121612 0.8425707 0.4146748 0.8424558 0.4122853 0.5734345 0.3950372 0.5754586 0.3933445 0.5737747 0.3950284 0.5754586 0.3933445 0.5741434 0.3950909 0.5737747 0.3950284 0.8430304 0.4172481 0.8425887 0.4149916 0.8428743 0.4149105 0.578175 0.3911468 0.5761199 0.3928018 0.5757845 0.3927441 0.5761199 0.3928018 0.5780893 0.3918525 0.5764693 0.392935 0.8251704 0.4082008 0.8245832 0.41119 0.8249096 0.4084387 0.5811929 0.3898532 0.5788544 0.3910755 0.5785366 0.3909535 0.5810545 0.3901642 0.579171 0.3912743 0.5788544 0.3910755 0.8247948 0.4113664 0.8244417 0.4144535 0.8245519 0.4115922 0.5844051 0.3891733 0.5818731 0.3899159 0.5815853 0.3897342 0.5818731 0.3899159 0.5840559 0.3897925 0.5821449 0.3901726 0.8246679 0.4146585 0.8245519 0.4177247 0.8244417 0.4148635 0.5876883 0.3891331 0.5850601 0.3893674 0.5848132 0.3891331 0.5874415 0.3893674 0.5852766 0.3896723 0.5850601 0.3893674 0.8251704 0.4211162 0.8245832 0.4181269 0.8247948 0.4179506 0.5880964 0.3891733 0.5906284 0.3899158 0.5882928 0.3894513 0.5882928 0.3894513 0.5903567 0.3901726 0.5884456 0.3897925 0.8305893 0.4050076 0.8304218 0.4028961 0.8307259 0.4026687 0.5913087 0.3898532 0.5936471 0.3910755 0.5914471 0.3901642 0.5914471 0.3901642 0.5933305 0.3912743 0.5915304 0.3905287 0.8304799 0.4077578 0.8302877 0.4052458 0.8305893 0.4050076 0.5943265 0.3911468 0.5963817 0.3928018 0.5944016 0.3914788 0.5944016 0.3914788 0.5960323 0.392935 0.5944122 0.3918525 0.8304799 0.4077578 0.8301133 0.4106539 0.830181 0.4079977 0.597034 0.3930042 0.5987268 0.3950284 0.5970429 0.3933445 0.5987268 0.3950284 0.5969805 0.3937131 0.5970429 0.3933445 0.8303585 0.4140583 0.8301057 0.4110462 0.830402 0.4108139 0.6009246 0.3977448 0.5992695 0.3956897 0.5993272 0.3953542 0.5992695 0.3956897 0.6002188 0.3976591 0.5991363 0.396039 0.8303585 0.4140583 0.8300583 0.4171492 0.8300647 0.414274 0.6022181 0.4007626 0.6009958 0.3984242 0.6011179 0.3981064 0.6019071 0.4006242 0.600797 0.3987408 0.6009958 0.3984242 0.8303801 0.4206109 0.8300597 0.4175572 0.8303511 0.4173663 0.6023371 0.401155 0.60262 0.4037785 0.6021555 0.4014429 0.60262 0.4037785 0.6018987 0.4017146 0.6021555 0.4014429 0.8303801 0.4206109 0.8301465 0.423426 0.8300907 0.4207696 0.6029382 0.4072581 0.6027039 0.4046298 0.6029382 0.404383 0.6027039 0.4070112 0.602399 0.4048463 0.6027039 0.4046298 0.8305414 0.426418 0.8301566 0.4237876 0.8304443 0.4236672 0.602898 0.4076662 0.6021555 0.4101982 0.60262 0.4078626 0.60262 0.4078626 0.6018987 0.4099264 0.6022788 0.4080154 0.8384799 0.3915768 0.838326 0.3894644 0.8386316 0.389239 0.6022181 0.4108784 0.6009958 0.4132169 0.6019071 0.4110168 0.6009958 0.4132169 0.6015427 0.4111002 0.6019071 0.4110168 0.8383529 0.3943264 0.8381769 0.3918132 0.8384799 0.3915768 0.6009246 0.4138963 0.5992695 0.4159514 0.6005926 0.4139714 0.6005926 0.4139714 0.5991363 0.415602 0.6002188 0.413982 0.8383529 0.3943264 0.8379676 0.39722 0.8380525 0.3945643 0.5990671 0.4166038 0.5970429 0.4182966 0.5987268 0.4166127 0.5970429 0.4182966 0.5983582 0.4165502 0.5987268 0.4166127 0.838191 0.4006259 0.8379576 0.3976123 0.8382554 0.3973819 0.5943266 0.4204943 0.5963817 0.4188393 0.5967171 0.418897 0.5963817 0.4188393 0.5944122 0.4197885 0.5960323 0.4187061 0.838191 0.4006259 0.837871 0.4037148 0.8378959 0.4008398 0.5913087 0.4217879 0.5936471 0.4205656 0.5939649 0.4206876 0.5914471 0.4214769 0.5933305 0.4203668 0.5936471 0.4205656 0.8381624 0.4039338 0.8378767 0.406943 0.8378697 0.4041229 0.5880964 0.4224678 0.5906284 0.4217252 0.5909163 0.4219069 0.5882928 0.4221898 0.5903567 0.4214684 0.5906284 0.4217252 0.8381705 0.4071785 0.8379188 0.409992 0.83788 0.4073354 0.5848132 0.422508 0.5874415 0.4222736 0.5876883 0.422508 0.5850601 0.4222736 0.587225 0.4219688 0.5874415 0.4222736 0.5841508 0.4208855 0.5823106 0.4202132 0.5843832 0.4206255 0.5843832 0.4206255 0.5821564 0.4199559 0.5846241 0.4204468 0.7868983 0.4179603 0.7895019 0.4174119 0.789306 0.4176746 0.5812521 0.4201864 0.5795785 0.4191679 0.5815308 0.4199766 0.5815308 0.4199766 0.5794774 0.4188855 0.581802 0.4198483 0.7843371 0.4184797 0.786755 0.4177379 0.786556 0.4180157 0.5785455 0.4189351 0.5771027 0.4176098 0.5788598 0.4187838 0.5788598 0.4187838 0.5770587 0.417313 0.5791507 0.4187109 0.7072127 0.3893541 0.7050237 0.3895658 0.7051207 0.3892756 0.5748914 0.4159363 0.5764728 0.4170928 0.576135 0.4171799 0.5764728 0.4170928 0.5749933 0.4152989 0.5767723 0.417078 0.7098639 0.389418 0.7074103 0.3896554 0.7075394 0.3893639 0.5741133 0.4149882 0.5732876 0.4132116 0.5744615 0.4149686 0.5732876 0.4132116 0.5747582 0.4150126 0.5744615 0.4149686 0.7126861 0.3894516 0.7100623 0.3897171 0.7102184 0.389424 0.571885 0.4108192 0.5729034 0.4124928 0.572558 0.4124441 0.5720947 0.4105405 0.5731858 0.4125939 0.5729034 0.4124928 0.7130547 0.3894537 0.715748 0.3897485 0.7128775 0.3897485 0.5711858 0.4079205 0.5718581 0.4097607 0.5715289 0.4096455 0.5714459 0.4076882 0.5721154 0.4099149 0.5718581 0.4097607 0.7159394 0.3894516 0.7185632 0.3897171 0.715748 0.3897485 0.5710656 0.4049412 0.571366 0.4068771 0.5710656 0.4066999 0.571366 0.4047639 0.5715883 0.4070786 0.571366 0.4068771 0.7210861 0.3893639 0.7185632 0.3897171 0.7187616 0.389418 0.5711858 0.4037205 0.5718581 0.4018804 0.5714459 0.4039529 0.5714459 0.4039529 0.5721154 0.4017262 0.5716246 0.4041939 0.7235048 0.3892756 0.7212151 0.3896554 0.7214128 0.3893541 0.571885 0.4008219 0.5729033 0.3991482 0.5720947 0.4011005 0.5720947 0.4011005 0.5731858 0.3990472 0.572223 0.4013717 0.7255703 0.3891625 0.7236018 0.3895658 0.7237911 0.3892624 0.5731362 0.3981153 0.5744615 0.3966725 0.5732876 0.3984295 0.5732876 0.3984295 0.5747582 0.3966285 0.5733605 0.3987205 0.6582654 0.3894692 0.6560763 0.3896808 0.6561734 0.3893907 0.576135 0.3944612 0.5749785 0.3960425 0.5748914 0.3957048 0.5749785 0.3960425 0.5767723 0.394563 0.5749933 0.3963421 0.6585921 0.3894789 0.6611149 0.3898321 0.658463 0.3897704 0.5785455 0.392706 0.5771027 0.3940313 0.5770832 0.3936831 0.5771027 0.3940313 0.5791507 0.3929302 0.5770587 0.394328 0.6637387 0.3895666 0.6611149 0.3898321 0.661271 0.3895391 0.5796272 0.3921278 0.5815308 0.3916645 0.5795785 0.3924731 0.5795785 0.3924731 0.5818019 0.3917927 0.5794774 0.3927556 0.6666234 0.3895687 0.6639302 0.3898635 0.6641074 0.3895687 0.5841508 0.3907555 0.5823106 0.3914279 0.5824258 0.3910987 0.5843831 0.3910157 0.5821564 0.3916852 0.5823106 0.3914279 0.6669921 0.3895666 0.6696159 0.3898321 0.6668006 0.3898635 0.5871301 0.3906353 0.5851942 0.3909358 0.5853714 0.3906353 0.5873073 0.3909358 0.5849928 0.391158 0.5851942 0.3909358 0.6698142 0.3895331 0.6722678 0.3897704 0.6696159 0.3898321 0.5883508 0.3907555 0.5901909 0.3914279 0.5881184 0.3910157 0.5901909 0.3914279 0.5878775 0.3911944 0.5881184 0.3910157 0.6745575 0.3893907 0.6722678 0.3897704 0.6724655 0.3894692 0.5912495 0.3914547 0.5929231 0.3924731 0.5909708 0.3916645 0.5909708 0.3916645 0.5930241 0.3927556 0.5906996 0.3917927 0.6766229 0.3892775 0.6746544 0.3896808 0.6748438 0.3893774 0.593956 0.392706 0.5953988 0.3940313 0.5936418 0.3928573 0.5936418 0.3928573 0.5954428 0.394328 0.5933508 0.3929302 0.6782557 0.389144 0.6766842 0.3895668 0.6768579 0.3892614 0.5976101 0.3957048 0.5960288 0.3945483 0.5963665 0.3944612 0.5960288 0.3945483 0.5975083 0.3963421 0.5957292 0.394563 0.6524753 0.4241242 0.6538975 0.423964 0.6538722 0.4242526 0.5983883 0.3966529 0.599214 0.3984295 0.59804 0.3966725 0.599214 0.3984295 0.5977433 0.3966284 0.59804 0.3966725 0.6504622 0.4239923 0.6523039 0.4238175 0.6522405 0.4241062 0.6006166 0.4008219 0.5995982 0.3991482 0.5999435 0.399197 0.6004068 0.4011005 0.5993158 0.3990471 0.5995982 0.3991482 0.6501759 0.4239769 0.6478893 0.4235792 0.6502752 0.4236875 0.6013157 0.4037205 0.6006434 0.4018804 0.6009726 0.4019955 0.6010557 0.4039529 0.6003862 0.4017262 0.6006434 0.4018804 0.647758 0.4238696 0.645238 0.4234967 0.6478893 0.4235792 0.601436 0.4066999 0.6011356 0.4047639 0.601436 0.4049412 0.6011356 0.4068771 0.6009133 0.4045625 0.6011356 0.4047639 0.6426122 0.4237415 0.645238 0.4234967 0.6450796 0.4237884 0.6013157 0.4079205 0.6006434 0.4097607 0.6010557 0.4076882 0.6010557 0.4076882 0.6003862 0.4099149 0.600877 0.4074472 0.6397276 0.4237168 0.642423 0.4234431 0.6422435 0.4237366 0.6006166 0.4108192 0.5995982 0.4124928 0.6004068 0.4105405 0.6004068 0.4105405 0.5993158 0.4125939 0.6002786 0.4102694 0.6368911 0.4237241 0.6395527 0.4234206 0.6393589 0.423716 0.5993654 0.4135258 0.59804 0.4149686 0.599214 0.4132115 0.599214 0.4132115 0.5977433 0.4150126 0.5991411 0.4129206 0.6342117 0.4237632 0.6367373 0.4234299 0.6365366 0.4237274 0.5963665 0.4171799 0.597523 0.4155985 0.5976101 0.4159362 0.597523 0.4155985 0.5957292 0.417078 0.5975083 0.4152989 0.6338849 0.4237704 0.6316977 0.4235416 0.6340849 0.4234707 0.5954184 0.417958 0.5936418 0.4187838 0.5953988 0.4176098 0.5936418 0.4187838 0.5954428 0.417313 0.5953988 0.4176098 0.7981608 0.4180157 0.8004933 0.4182671 0.8003798 0.4184797 0.5912495 0.4201864 0.5929231 0.4191679 0.5928744 0.4195133 0.5909708 0.4199766 0.5930241 0.4188855 0.5929231 0.4191679 0.7978186 0.4179603 0.795215 0.4174119 0.7979618 0.4177379 0.5883508 0.4208855 0.5901909 0.4202132 0.5900757 0.4205424 0.5881184 0.4206254 0.5903452 0.4199559 0.5901909 0.4202132 0.7950476 0.4176464 0.7923584 0.4173019 0.795215 0.4174119 0.5853714 0.4210057 0.5873073 0.4207053 0.5871301 0.4210057 0.5851942 0.4207053 0.5875088 0.4204831 0.5873073 0.4207053 0.7896693 0.4176464 0.7923584 0.4173019 0.7921732 0.4175499 0.5809712 0.4211124 0.5816182 0.4203189 0.5813373 0.421245 0.5813373 0.421245 0.5820478 0.4204493 0.5817669 0.4213753 0.5820478 0.4204493 0.5821449 0.4214684 0.5817669 0.4213753 0.5852766 0.4219688 0.5849824 0.4209882 0.5853714 0.4210057 0.5848876 0.4219512 0.5845357 0.4209441 0.5849824 0.4209882 0.5845357 0.4209441 0.5840559 0.4218485 0.5841508 0.4208855 0.5780893 0.4197885 0.5788787 0.4191366 0.5784225 0.4199901 0.5788787 0.4191366 0.5788184 0.4202017 0.5784225 0.4199901 0.5792746 0.4193482 0.5791711 0.4203668 0.5788184 0.4202017 0.5755211 0.417928 0.5764225 0.4174425 0.5758086 0.4181905 0.5764225 0.4174425 0.5761556 0.4184753 0.5758086 0.4181905 0.5767695 0.4177273 0.5764693 0.4187061 0.5761556 0.4184753 0.5733652 0.4156021 0.574344 0.4153018 0.573596 0.4159157 0.573596 0.4159157 0.5746288 0.4156488 0.5738807 0.4162627 0.5746288 0.4156488 0.5741434 0.4165502 0.5738807 0.4162627 0.5717046 0.4129003 0.5727231 0.4127967 0.5718697 0.4132529 0.5718697 0.4132529 0.5729348 0.4131926 0.5720813 0.4136488 0.5729348 0.4131926 0.5722827 0.413982 0.5720813 0.4136488 0.5706028 0.4099264 0.5716221 0.4100236 0.570696 0.4103045 0.570696 0.4103045 0.5717524 0.4104532 0.5708263 0.4107341 0.5717524 0.4104532 0.5709589 0.4111002 0.5708263 0.4107341 0.5701025 0.4067948 0.5710832 0.4070889 0.5701201 0.4071837 0.5710832 0.4070889 0.5701641 0.4076305 0.5701201 0.4071837 0.5711272 0.4075356 0.5702227 0.4080154 0.5701641 0.4076305 0.5702227 0.4036257 0.5711272 0.4041054 0.5701641 0.4040106 0.5711272 0.4041054 0.5701201 0.4044573 0.5701641 0.4040106 0.5710832 0.4045522 0.5701025 0.4048463 0.5701201 0.4044573 0.5709589 0.400541 0.5717524 0.401188 0.5708263 0.400907 0.5708263 0.400907 0.5716221 0.4016175 0.570696 0.4013366 0.5716221 0.4016175 0.5706028 0.4017146 0.570696 0.4013366 0.5722827 0.3976591 0.5729347 0.3984485 0.5720813 0.3979923 0.5729347 0.3984485 0.5718697 0.3983882 0.5720813 0.3979923 0.5727231 0.3988444 0.5717046 0.3987408 0.5718697 0.3983882 0.5741434 0.3950909 0.5746288 0.3959923 0.5738807 0.3953784 0.5746288 0.3959923 0.573596 0.3957254 0.5738807 0.3953784 0.574344 0.3963393 0.5733652 0.396039 0.573596 0.3957254 0.5764693 0.392935 0.5767695 0.3939138 0.5761556 0.3931657 0.5761556 0.3931657 0.5764225 0.3941985 0.5758086 0.3934505 0.5764225 0.3941985 0.5755211 0.3937131 0.5758086 0.3934505 0.579171 0.3912743 0.5792746 0.3922929 0.5788184 0.3914394 0.5792746 0.3922929 0.5784225 0.391651 0.5788184 0.3914394 0.5788787 0.3925045 0.5780893 0.3918525 0.5784225 0.391651 0.5821449 0.3901726 0.5820477 0.3911918 0.5817669 0.3902658 0.5817669 0.3902658 0.5816182 0.3913221 0.5813373 0.3903961 0.5816182 0.3913221 0.5809712 0.3905287 0.5813373 0.3903961 0.5852766 0.3896723 0.5849824 0.390653 0.5848876 0.3896899 0.5849824 0.390653 0.5844408 0.3897339 0.5848876 0.3896899 0.5845357 0.390697 0.5840559 0.3897925 0.5844408 0.3897339 0.5884456 0.3897925 0.5879659 0.390697 0.5880607 0.3897339 0.5880607 0.3897339 0.5875191 0.390653 0.5876139 0.3896899 0.5875191 0.390653 0.587225 0.3896723 0.5876139 0.3896899 0.5915304 0.3905287 0.5908834 0.3913221 0.5911643 0.3903961 0.5911643 0.3903961 0.5904538 0.3911918 0.5907347 0.3902658 0.5904538 0.3911918 0.5903567 0.3901726 0.5907347 0.3902658 0.5944122 0.3918525 0.5936228 0.3925045 0.594079 0.391651 0.5936228 0.3925045 0.5936831 0.3914394 0.594079 0.391651 0.593227 0.3922929 0.5933305 0.3912743 0.5936831 0.3914394 0.5969805 0.3937131 0.596079 0.3941985 0.5966929 0.3934505 0.596079 0.3941985 0.596346 0.3931657 0.5966929 0.3934505 0.595732 0.3939138 0.5960323 0.392935 0.596346 0.3931657 0.5991363 0.396039 0.5981575 0.3963392 0.5989056 0.3957253 0.5981575 0.3963392 0.5986208 0.3953784 0.5989056 0.3957253 0.5978727 0.3959923 0.5983582 0.3950909 0.5986208 0.3953784 0.600797 0.3987408 0.5997784 0.3988444 0.6006319 0.3983882 0.6006319 0.3983882 0.5995668 0.3984485 0.6004203 0.3979923 0.5995668 0.3984485 0.6002188 0.3976591 0.6004203 0.3979923 0.6018987 0.4017146 0.6008795 0.4016175 0.6018056 0.4013366 0.6018056 0.4013366 0.6007492 0.401188 0.6016752 0.400907 0.6007492 0.401188 0.6015427 0.4005409 0.6016752 0.400907 0.602399 0.4048463 0.6014184 0.4045522 0.6023815 0.4044573 0.6014184 0.4045522 0.6023374 0.4040106 0.6023815 0.4044573 0.6013744 0.4041054 0.6022788 0.4036257 0.6023374 0.4040106 0.6022788 0.4080154 0.6013744 0.4075356 0.6023374 0.4076305 0.6013744 0.4075356 0.6023815 0.4071837 0.6023374 0.4076305 0.6014184 0.4070889 0.602399 0.4067947 0.6023815 0.4071837 0.6015427 0.4111002 0.6007492 0.4104531 0.6016753 0.410734 0.6016753 0.410734 0.6008795 0.4100236 0.6018056 0.4103045 0.6008795 0.4100236 0.6018987 0.4099264 0.6018056 0.4103045 0.6002188 0.413982 0.5995668 0.4131926 0.6004203 0.4136488 0.5995668 0.4131926 0.6006319 0.4132529 0.6004203 0.4136488 0.5997784 0.4127967 0.600797 0.4129003 0.6006319 0.4132529 0.5983582 0.4165502 0.5978727 0.4156488 0.5986208 0.4162627 0.5978727 0.4156488 0.5989056 0.4159157 0.5986208 0.4162627 0.5981575 0.4153018 0.5991363 0.415602 0.5989056 0.4159157 0.5960323 0.4187061 0.595732 0.4177272 0.596346 0.4184753 0.595732 0.4177272 0.5966929 0.4181905 0.596346 0.4184753 0.5960791 0.4174425 0.5969805 0.4179279 0.5966929 0.4181905 0.5933305 0.4203668 0.593227 0.4193482 0.5936831 0.4202017 0.5936831 0.4202017 0.5936229 0.4191366 0.594079 0.4199901 0.5936229 0.4191366 0.5944122 0.4197885 0.594079 0.4199901 0.5903567 0.4214684 0.5904538 0.4204493 0.5907347 0.4213753 0.5907347 0.4213753 0.5908834 0.4203189 0.5911643 0.421245 0.5908834 0.4203189 0.5915304 0.4211124 0.5911643 0.421245 0.587225 0.4219688 0.5875191 0.4209882 0.5876139 0.4219512 0.5875191 0.4209882 0.5880607 0.4219072 0.5876139 0.4219512 0.5879659 0.4209441 0.5884457 0.4218485 0.5880607 0.4219072 0.786755 0.4177379 0.7895019 0.3999148 0.7895019 0.4174119 0.6255855 0.4049825 0.6198529 0.3892585 0.6208056 0.389205 0.6280475 0.4060866 0.6280475 0.4212921 0.6257961 0.4214186 0.6298163 0.4059379 0.6298163 0.4211434 0.6280475 0.4212921 0.7011367 0.4049931 0.7011367 0.3897876 0.7029055 0.3899363 0.6988855 0.4048667 0.6988855 0.3896611 0.7011367 0.3897876 0.6962382 0.4047673 0.6962382 0.3895618 0.6988855 0.3896611 0.6932967 0.4046989 0.6932967 0.3894934 0.6962382 0.3895618 0.6901741 0.404664 0.6901741 0.3894585 0.6932967 0.3894934 0.6869902 0.404664 0.6869903 0.3894585 0.6901741 0.3894585 0.6838676 0.4046989 0.6838676 0.3894934 0.6869903 0.3894585 0.6809261 0.4047673 0.6809261 0.3895618 0.6838676 0.3894934 0.6782789 0.4048667 0.6782789 0.3896611 0.6809261 0.3895618 0.7432846 0.403991 0.7432846 0.3899747 0.7460924 0.3905618 0.7402378 0.4036295 0.7402378 0.3896132 0.7432846 0.3899747 0.7370693 0.4035074 0.7370693 0.3894912 0.7402378 0.3896132 0.7339009 0.4036295 0.7339009 0.3896132 0.7370693 0.3894912 0.7308541 0.403991 0.7308541 0.3899747 0.7339009 0.3896132 0.7280462 0.404578 0.7280462 0.3905618 0.7308541 0.3899747 0.7687177 0.4047673 0.7687177 0.3895618 0.771365 0.3896611 0.7657763 0.4046989 0.7657763 0.3894934 0.7687177 0.3895618 0.7626536 0.404664 0.7626536 0.3894585 0.7657763 0.3894934 0.7594698 0.404664 0.7594698 0.3894585 0.7626536 0.3894585 0.7563471 0.4046989 0.7563471 0.3894934 0.7594698 0.3894585 0.7534057 0.4047673 0.7534057 0.3895618 0.7563471 0.3894934 0.7507584 0.4048667 0.7507584 0.3896611 0.7534057 0.3895618 0.7485072 0.4049931 0.7485072 0.3897876 0.7507584 0.3896611 0.6078369 0.4063124 0.6078369 0.4215179 0.6051896 0.4214186 0.6107783 0.4063808 0.6107783 0.4215863 0.6078369 0.4215179 0.613901 0.4064157 0.613901 0.4216212 0.6107783 0.4215863 0.6170848 0.4064157 0.6170848 0.4216212 0.613901 0.4216212 0.6174879 0.3893294 0.6187327 0.3893005 0.6229924 0.4050799 0.6202074 0.4063808 0.6202074 0.4215863 0.6170848 0.4216212 0.6231489 0.4063123 0.6231489 0.4215179 0.6202074 0.4215863 0.5362383 0.4040278 0.5361315 0.4040173 0.5366302 0.4015101 0.5571553 0.4219635 0.5571864 0.4220662 0.5546792 0.4225649 0.5684372 0.4008564 0.567467 0.3985142 0.5675616 0.3984636 0.5424565 0.3929753 0.5423884 0.3928924 0.5445139 0.3914722 0.5445645 0.4204483 0.5445139 0.4205429 0.5423884 0.4191227 0.5684372 0.4111586 0.5685399 0.4111897 0.5675616 0.4135515 0.5546687 0.389557 0.5546792 0.3894501 0.5571864 0.3899489 0.5361682 0.4047399 0.5361682 0.4072751 0.5360614 0.4072857 0.55784 0.4217558 0.5601823 0.4207856 0.5602328 0.4208802 0.5657212 0.3957751 0.5658041 0.395707 0.5672243 0.3978325 0.5419033 0.3934292 0.5401106 0.395222 0.5400277 0.3951539 0.5451956 0.4207856 0.5475378 0.4217558 0.5475067 0.4218585 0.5691395 0.4079873 0.5692463 0.4079978 0.5687476 0.410505 0.5539565 0.3894868 0.5514213 0.3894868 0.5514107 0.38938 0.5367329 0.4104738 0.5366302 0.410505 0.5361315 0.4079978 0.5629214 0.4190397 0.5629894 0.4191227 0.5608639 0.4205429 0.5652672 0.395222 0.5634745 0.3934292 0.5635426 0.3933463 0.5382481 0.3978831 0.5381535 0.3978325 0.5395737 0.395707 0.5507091 0.4224581 0.5506986 0.4225649 0.5481914 0.4220662 0.5692096 0.4072751 0.5692096 0.4047399 0.5693164 0.4047294 0.5482226 0.3900516 0.5481914 0.3899489 0.5506986 0.3894501 0.8415158 0.4103458 0.8382151 0.4102352 0.8381705 0.4071785 0.5634745 0.4185858 0.5652672 0.4167931 0.5653501 0.4168612 0.5608133 0.3915668 0.5608639 0.3914722 0.5629894 0.3928924 0.5369406 0.4008564 0.5368379 0.4008253 0.5378162 0.3984636 0.5514213 0.4225283 0.5539565 0.4225283 0.5539671 0.422635 0.5686449 0.4015412 0.5687476 0.4015101 0.5692463 0.4040173 0.5475378 0.3902593 0.5451955 0.3912295 0.545145 0.3911348 0.5369406 0.4111586 0.5379108 0.4135009 0.5378162 0.4135515 0.8280657 0.4013941 0.8270372 0.4007068 0.8261625 0.3998321 0.8261625 0.3998321 0.8254753 0.3988036 0.8280657 0.4013941 0.8254753 0.3988036 0.8250018 0.3976607 0.8280657 0.4013941 0.8250018 0.3976607 0.8247606 0.3964475 0.8247606 0.3952105 0.8247606 0.3952105 0.8250019 0.3939973 0.8250018 0.3976607 0.8250019 0.3939973 0.8254753 0.3928544 0.8250018 0.3976607 0.8254753 0.3928544 0.8261625 0.3918259 0.8292086 0.3897905 0.8261625 0.3918259 0.8270372 0.3909512 0.8292086 0.3897905 0.8270372 0.3909512 0.8280658 0.3902639 0.8292086 0.3897905 0.8292086 0.3897905 0.8304218 0.3895492 0.8316588 0.3895492 0.8316588 0.3895492 0.832872 0.3897905 0.8292086 0.3897905 0.832872 0.3897905 0.8340149 0.3902639 0.8292086 0.3897905 0.8340149 0.3902639 0.8350434 0.3909512 0.8359181 0.3918259 0.8359181 0.3918259 0.8366054 0.3928544 0.8340149 0.3902639 0.8366054 0.3928544 0.8370788 0.3939973 0.8340149 0.3902639 0.8370788 0.3939973 0.8373201 0.3952105 0.8373201 0.3964475 0.8373201 0.3964475 0.8370788 0.3976607 0.8370788 0.3939973 0.8370788 0.3976607 0.8366054 0.3988036 0.8370788 0.3939973 0.8366054 0.3988036 0.8359181 0.3998321 0.8350434 0.4007068 0.8350434 0.4007068 0.8340149 0.4013941 0.8366054 0.3988036 0.8340149 0.4013941 0.832872 0.4018675 0.8366054 0.3988036 0.832872 0.4018675 0.8316588 0.4021088 0.8304218 0.4021088 0.8304218 0.4021088 0.8292086 0.4018675 0.832872 0.4018675 0.8292086 0.4018675 0.8280657 0.4013941 0.832872 0.4018675 0.8280657 0.4013941 0.8250018 0.3976607 0.8254753 0.3928544 0.8254753 0.3928544 0.8292086 0.3897905 0.8280657 0.4013941 0.8292086 0.3897905 0.8340149 0.3902639 0.8280657 0.4013941 0.8340149 0.3902639 0.8370788 0.3939973 0.8366054 0.3988036 0.8366054 0.3988036 0.832872 0.4018675 0.8340149 0.3902639 0.5671297 0.4141319 0.5672243 0.4141826 0.5658041 0.416308 0.55784 0.3902593 0.5578711 0.3901566 0.5602328 0.3911348 0.6134978 0.3893294 0.6148192 0.3893442 0.6139335 0.4051811 0.7384102 0.422477 0.7370693 0.4224253 0.7370693 0.4047582 0.6079933 0.4050799 0.612253 0.3893005 0.6134978 0.3893294 0.7431575 0.4052319 0.7396994 0.42263 0.7384102 0.422477 0.6111328 0.3892585 0.612253 0.3893005 0.6079933 0.4050799 0.7408877 0.4228783 0.7396994 0.42263 0.7431575 0.4052319 0.7509691 0.4060971 0.7567017 0.4218212 0.7557489 0.4218747 0.7483188 0.4065808 0.7419291 0.4232127 0.7408877 0.4228783 0.7578219 0.4217792 0.7567017 0.4218212 0.7509691 0.4060971 0.6865871 0.4217502 0.6853423 0.4217792 0.6810826 0.4059998 0.7590667 0.4217502 0.7578219 0.4217792 0.7535622 0.4059998 0.6870228 0.4058986 0.6879085 0.4217355 0.6865871 0.4217502 0.760388 0.4217354 0.7590667 0.4217502 0.7564435 0.4059328 0.6892558 0.4217355 0.6879085 0.4217355 0.6870228 0.4058986 0.7626211 0.4058986 0.7617353 0.4217354 0.760388 0.4217354 0.6905772 0.4217502 0.6892558 0.4217355 0.6901415 0.4058986 0.7630568 0.4217502 0.7617353 0.4217354 0.7626211 0.4058986 0.5419033 0.4185858 0.5418353 0.4186688 0.5400277 0.4168612 0.6918219 0.4217792 0.6905772 0.4217502 0.6932004 0.4059328 0.7685613 0.4059998 0.7643015 0.4217792 0.7630568 0.4217502 0.6986748 0.4060971 0.6929422 0.4218212 0.6918219 0.4217792 0.733251 0.4228783 0.7322095 0.4232127 0.7258198 0.4065808 0.6938949 0.4218747 0.6929422 0.4218212 0.6986748 0.4060971 0.7309812 0.4052319 0.7344392 0.42263 0.733251 0.4228783 0.6161665 0.3893442 0.6174879 0.3893294 0.6201111 0.4051468 0.7026128 0.4063667 0.6946434 0.4219377 0.6938949 0.4218747 0.7357285 0.422477 0.7344392 0.42263 0.7309812 0.4052319 0.6139335 0.4051811 0.6148192 0.3893442 0.6161665 0.3893442 0.6208056 0.389205 0.6215541 0.389142 0.6295235 0.404713 0.7370693 0.4224253 0.7357285 0.422477 0.7339656 0.4048778 0.8277792 0.4179845 0.8247948 0.4179506 0.8246679 0.4146585 0.7842236 0.4182671 0.7842236 0.40077 0.786755 0.4002407 0.8417082 0.4154898 0.8384056 0.4153267 0.8382945 0.4129865 0.8414914 0.4006375 0.8414624 0.4039795 0.8381624 0.4039338 0.8281587 0.4211828 0.8251704 0.4211162 0.8247948 0.4179506 0.8460568 0.3909915 0.8427546 0.3911608 0.8428896 0.3893215 0.8414707 0.4072576 0.8381705 0.4071785 0.8381624 0.4039338 0.8287749 0.4241302 0.8257803 0.4240336 0.8251704 0.4211162 0.8459491 0.393356 0.842648 0.3935012 0.8427546 0.3911608 0.8337815 0.4076832 0.8304799 0.4077578 0.8305893 0.4050076 0.8459491 0.393356 0.8458742 0.3961358 0.8425738 0.3962527 0.8337028 0.4107708 0.830402 0.4108139 0.8304799 0.4077578 0.845835 0.3992241 0.842535 0.3993095 0.8425738 0.3962527 0.8418482 0.4173479 0.8385442 0.4171658 0.8384056 0.4153267 0.8336589 0.4140486 0.8303585 0.4140583 0.830402 0.4108139 0.8458331 0.4025022 0.8425331 0.4025542 0.842535 0.3993095 0.8336589 0.4140486 0.8336514 0.4173907 0.8303511 0.4173663 0.8458684 0.4058442 0.842568 0.405862 0.8425331 0.4025542 0.8336807 0.4206687 0.8303801 0.4206109 0.8303511 0.4173663 0.8459396 0.4091215 0.8426386 0.4091059 0.842568 0.405862 0.8337456 0.4237566 0.8304443 0.4236672 0.8303801 0.4206109 0.8460441 0.4122083 0.842742 0.4121612 0.8426386 0.4091059 0.8338437 0.4265357 0.8305414 0.426418 0.8304443 0.4236672 0.8461778 0.414986 0.8428743 0.4149105 0.842742 0.4121612 0.8417833 0.3914951 0.8384799 0.3915768 0.8386316 0.389239 0.8281587 0.4081342 0.8251704 0.4082008 0.8257803 0.4052833 0.841655 0.394273 0.8383529 0.3943264 0.8384799 0.3915768 0.8281587 0.4081342 0.8277792 0.4113324 0.8247948 0.4113664 0.8415564 0.39736 0.8382554 0.3973819 0.8383529 0.3943264 0.8276511 0.4146585 0.8246679 0.4146585 0.8247948 0.4113664 0.8414914 0.4006375 0.838191 0.4006259 0.8382554 0.3973819 0.7895019 0.4174119 0.7895019 0.3999148 0.7923584 0.3998048 0.7074103 0.3896554 0.7074103 0.4086371 0.7050237 0.4085475 0.7100623 0.3897171 0.7100623 0.4086988 0.7074103 0.4086371 0.7128775 0.3897485 0.7128775 0.4087303 0.7100623 0.4086988 0.715748 0.3897485 0.715748 0.4087303 0.7128775 0.4087303 0.7185632 0.3897171 0.7185632 0.4086988 0.715748 0.4087303 0.7212151 0.3896554 0.7212151 0.4086371 0.7185632 0.4086988 0.7236018 0.3895658 0.7236018 0.4085475 0.7212151 0.4086371 0.6560763 0.3896808 0.6560763 0.4086626 0.6540467 0.4085486 0.658463 0.3897704 0.658463 0.4087522 0.6560763 0.4086626 0.6611149 0.3898321 0.6611149 0.4088138 0.658463 0.4087522 0.6639302 0.3898635 0.6639302 0.4088453 0.6611149 0.4088138 0.6668006 0.3898635 0.6668006 0.4088453 0.6639302 0.4088453 0.6668006 0.3898635 0.6696159 0.3898321 0.6696159 0.4088138 0.6722678 0.3897704 0.6722678 0.4087522 0.6696159 0.4088138 0.6746544 0.3896808 0.6746544 0.4086626 0.6722678 0.4087522 0.6766842 0.3895668 0.6766842 0.4085486 0.6746544 0.4086626 0.6782789 0.3894328 0.6782789 0.4084146 0.6766842 0.4085486 0.6523039 0.4238175 0.6524531 0.4048362 0.6540467 0.4049828 0.6502752 0.4236875 0.6504243 0.4047063 0.6524531 0.4048362 0.6478893 0.4235792 0.6480384 0.404598 0.6504243 0.4047063 0.645238 0.4234967 0.6453871 0.4045155 0.6480384 0.404598 0.642423 0.4234431 0.6425722 0.4044619 0.6453871 0.4045155 0.6395527 0.4234206 0.6397018 0.4044394 0.6425722 0.4044619 0.6367373 0.4234299 0.6368864 0.4044487 0.6397018 0.4044394 0.6340849 0.4234707 0.6342341 0.4044896 0.6368864 0.4044487 0.6316977 0.4235416 0.6318468 0.4045604 0.6342341 0.4044896 0.7979618 0.4177379 0.7979618 0.4002407 0.8004933 0.40077 0.795215 0.4174119 0.795215 0.3999148 0.7979618 0.4002407 0.7923584 0.4173019 0.7923584 0.3998048 0.795215 0.3999148 0.841596 0.4131255 0.8382945 0.4129865 0.8382151 0.4102352 0.5824258 0.4205424 0.5841508 0.4208855 0.5840559 0.4218485 0.6480384 0.404598 0.6433776 0.3891818 0.6441106 0.3892151 0.593956 0.392706 0.5944122 0.3918525 0.5960323 0.392935 0.571885 0.4108192 0.572558 0.4124441 0.5717046 0.4129003 0.5976101 0.3957048 0.5963665 0.3944612 0.5969805 0.3937131 0.5715289 0.4096455 0.5706028 0.4099264 0.5702227 0.4080154 0.5983883 0.3966529 0.5991363 0.396039 0.6002188 0.3976591 0.5710656 0.4066999 0.5701025 0.4067948 0.5701025 0.4048463 0.6006166 0.4008219 0.5999435 0.399197 0.600797 0.3987408 0.5715289 0.4019956 0.5711858 0.4037205 0.5702227 0.4036257 0.6009726 0.4019955 0.6018987 0.4017146 0.6022788 0.4036257 0.572558 0.399197 0.571885 0.4008219 0.5709589 0.400541 0.601436 0.4049412 0.602399 0.4048463 0.602399 0.4067947 0.5741133 0.3966529 0.5731362 0.3981153 0.5722827 0.3976591 0.6009727 0.4096455 0.6013157 0.4079205 0.6022788 0.4080154 0.5748914 0.3957048 0.5741434 0.3950909 0.5755211 0.3937131 0.5999435 0.4124441 0.6006166 0.4108192 0.6015427 0.4111002 0.5770832 0.3936831 0.5764693 0.392935 0.5780893 0.3918525 0.5983883 0.4149881 0.5993654 0.4135258 0.6002188 0.413982 0.5812521 0.3914547 0.5796272 0.3921278 0.579171 0.3912743 0.5871301 0.4210057 0.587225 0.4219688 0.5852766 0.4219688 0.5976101 0.4159362 0.5983582 0.4165502 0.5969805 0.4179279 0.5841508 0.3907555 0.5824258 0.3910987 0.5821449 0.3901726 0.5796272 0.4195133 0.5812521 0.4201864 0.5809712 0.4211124 0.5954184 0.417958 0.5960323 0.4187061 0.5944122 0.4197885 0.5853714 0.3906353 0.5852766 0.3896723 0.587225 0.3896723 0.5785455 0.4189351 0.5780893 0.4197885 0.5764693 0.4187061 0.5912495 0.4201864 0.5928744 0.4195133 0.5933305 0.4203668 0.5900757 0.3910987 0.5883508 0.3907555 0.5884456 0.3897925 0.576135 0.4171799 0.5755211 0.417928 0.5741434 0.4165502 0.5900757 0.4205424 0.5903567 0.4214684 0.5884457 0.4218485 0.5928743 0.3921278 0.5912495 0.3914547 0.5915304 0.3905287 0.5741133 0.4149882 0.5733652 0.4156021 0.5722827 0.413982 0.8062762 0.4074499 0.8054112 0.4076219 0.8028497 0.4071124 0.8054112 0.4076219 0.8045293 0.4076219 0.8028497 0.4071124 0.8045293 0.4076219 0.8036644 0.4074499 0.8028497 0.4071124 0.8028497 0.4071124 0.8021164 0.4066224 0.8014928 0.4059988 0.8014928 0.4059988 0.8010029 0.4052656 0.8006654 0.4044509 0.8006654 0.4044509 0.8004934 0.4035859 0.8010029 0.4010244 0.8004934 0.4035859 0.8004934 0.4027041 0.8010029 0.4010244 0.8004934 0.4027041 0.8006654 0.4018391 0.8010029 0.4010244 0.8010029 0.4010244 0.8014928 0.4002912 0.8021164 0.3996676 0.8021164 0.3996676 0.8028497 0.3991776 0.8010029 0.4010244 0.8028497 0.3991776 0.8036644 0.3988401 0.8010029 0.4010244 0.8036644 0.3988401 0.8045293 0.3986681 0.8054112 0.3986681 0.8054112 0.3986681 0.8062762 0.3988401 0.8036644 0.3988401 0.8062762 0.3988401 0.8070909 0.3991776 0.8036644 0.3988401 0.8070909 0.3991776 0.8078241 0.3996676 0.8084477 0.4002912 0.8084477 0.4002912 0.8089377 0.4010244 0.8070909 0.3991776 0.8089377 0.4010244 0.8092751 0.4018391 0.8070909 0.3991776 0.8092751 0.4018391 0.8094472 0.4027041 0.8094472 0.4035859 0.8094472 0.4035859 0.8092751 0.4044509 0.8092751 0.4018391 0.8092751 0.4044509 0.8089377 0.4052656 0.8092751 0.4018391 0.8089377 0.4052656 0.8084477 0.4059988 0.8078241 0.4066224 0.8078241 0.4066224 0.8070909 0.4071124 0.8089377 0.4052656 0.8070909 0.4071124 0.8062762 0.4074499 0.8089377 0.4052656 0.8028497 0.4071124 0.8014928 0.4059988 0.8006654 0.4044509 0.8062762 0.4074499 0.8028497 0.4071124 0.8006654 0.4044509 0.8006654 0.4044509 0.8010029 0.4010244 0.8062762 0.4074499 0.8010029 0.4010244 0.8036644 0.3988401 0.8062762 0.4074499 0.8036644 0.3988401 0.8070909 0.3991776 0.8062762 0.4074499 0.8070909 0.3991776 0.8092751 0.4018391 0.8062762 0.4074499 0.7236018 0.4085475 0.7171666 0.4239887 0.7164334 0.4240162 0.6453871 0.4045155 0.642563 0.3891565 0.6433776 0.3891818 0.7236018 0.4085475 0.7256315 0.4084336 0.7177901 0.4239537 0.6425722 0.4044619 0.6416982 0.38914 0.642563 0.3891565 0.658463 0.4087522 0.6632448 0.4241312 0.6625115 0.4241037 0.6397018 0.4044394 0.6408163 0.3891331 0.6416982 0.38914 0.658463 0.4087522 0.6611149 0.4088138 0.6640595 0.4241502 0.6368864 0.4044487 0.6399514 0.389136 0.6408163 0.3891331 0.6639302 0.4088453 0.6649245 0.4241598 0.6640595 0.4241502 0.6342341 0.4044896 0.6391365 0.3891485 0.6399514 0.389136 0.6668006 0.4088453 0.6658063 0.4241598 0.6649245 0.4241598 0.8035351 0.4177169 0.8045293 0.4076219 0.8054112 0.4076219 0.6342341 0.4044896 0.6318468 0.4045604 0.6384031 0.3891703 0.6696159 0.4088138 0.6666712 0.4241502 0.6658063 0.4241598 0.7050237 0.4085475 0.7114589 0.4239887 0.7108353 0.4239537 0.6298162 0.4046584 0.6377792 0.3892004 0.6384031 0.3891703 0.6696159 0.4088138 0.6722678 0.4087522 0.667486 0.4241312 0.7074103 0.4086371 0.7121921 0.4240162 0.7114589 0.4239887 0.8118727 0.4160585 0.8070909 0.4071124 0.8078241 0.4066224 0.6746544 0.4086626 0.6682192 0.4241037 0.667486 0.4241312 0.7100623 0.4086988 0.7130069 0.4240351 0.7121921 0.4240162 0.7923584 0.3998048 0.7923584 0.3891331 0.7932361 0.3891669 0.6746544 0.4086626 0.6766842 0.4085486 0.6688428 0.4240687 0.7128775 0.4087303 0.7138718 0.4240448 0.7130069 0.4240351 0.7895019 0.3999148 0.7914808 0.3891669 0.7923584 0.3891331 0.8092207 0.3891331 0.8118727 0.3902316 0.8070909 0.3991776 0.715748 0.4087303 0.7147537 0.4240448 0.7138718 0.4240448 0.8118727 0.3902316 0.8142594 0.3918263 0.8078241 0.3996676 0.7185632 0.4086988 0.7156186 0.4240351 0.7147537 0.4240448 0.6504243 0.4047063 0.6441106 0.3892151 0.6447339 0.389255 0.7185632 0.4086988 0.7212151 0.4086371 0.7164334 0.4240162 0.5381306 0.4139376 0.5382496 0.4138122 0.5383365 0.4139486 0.5380071 0.4137066 0.5381775 0.4136773 0.5382496 0.4138122 0.5381123 0.4135293 0.5381775 0.4136773 0.5380071 0.4137066 0.5382771 0.4135883 0.5382942 0.4137017 0.5381775 0.4136773 0.6232642 0.4216921 0.623187 0.4217778 0.6230736 0.4216978 0.6232642 0.4216921 0.623434 0.4218239 0.6232976 0.4218397 0.5398598 0.4162285 0.5399526 0.416361 0.5397913 0.4164229 0.5400329 0.4162542 0.5400719 0.4163621 0.5399526 0.416361 0.6259066 0.4215915 0.6258474 0.421678 0.6257396 0.4215992 0.5401701 0.4164213 0.5401614 0.4165961 0.5400497 0.4164792 0.5399574 0.4166254 0.5400497 0.4164792 0.5401614 0.4165961 0.5397913 0.4164229 0.5399526 0.416361 0.5400497 0.4164792 0.5421004 0.418535 0.5422172 0.4186468 0.5420711 0.418739 0.5422751 0.4185264 0.5423344 0.4186246 0.5422172 0.4186468 0.6281488 0.4214639 0.6281099 0.4215509 0.6280117 0.4214733 0.5424422 0.4186635 0.5424679 0.4188366 0.5423355 0.4187438 0.5422735 0.4189051 0.5423355 0.4187438 0.5424679 0.4188366 0.5422735 0.4189051 0.5420711 0.418739 0.5422172 0.4186468 0.5447478 0.42036 0.5448842 0.4204469 0.5447589 0.4205658 0.5449176 0.4203175 0.5449948 0.4204022 0.5448842 0.4204469 0.7028921 0.3897548 0.7029768 0.3896782 0.7029939 0.3897655 0.5451081 0.4204193 0.5451671 0.4205841 0.5450191 0.4205189 0.5449898 0.4206893 0.5450191 0.4205189 0.5451671 0.4205841 0.5449898 0.4206893 0.5447589 0.4205658 0.5448842 0.4204469 0.5477004 0.4216334 0.5478512 0.421692 0.5477514 0.4218332 0.5478586 0.4215586 0.5479509 0.4216267 0.5478512 0.421692 0.701101 0.3896064 0.7011992 0.3895288 0.7012381 0.3896158 0.5480654 0.4216213 0.5481554 0.4217715 0.5479975 0.4217364 0.548002 0.4219092 0.5479975 0.4217364 0.5481554 0.4217715 0.5477514 0.4218332 0.5478512 0.421692 0.5479975 0.4217364 0.5508447 0.4223064 0.551004 0.4223344 0.5509337 0.4224923 0.5509853 0.4222022 0.5510891 0.4222509 0.551004 0.4223344 0.6988288 0.3894805 0.6989367 0.3894017 0.6989959 0.3894882 0.5512004 0.4222233 0.5513179 0.422353 0.5511562 0.4223495 0.5511943 0.422518 0.5511562 0.4223495 0.5513179 0.422353 0.5509337 0.4224923 0.551004 0.4223344 0.5511562 0.4223495 0.5540599 0.422353 0.5542216 0.4223495 0.5541835 0.422518 0.6963535 0.3893876 0.6962763 0.3893018 0.6963868 0.3892399 0.6961629 0.3893818 0.6962763 0.3893018 0.6963535 0.3893876 0.5543925 0.4222022 0.5545331 0.4223064 0.5543738 0.4223344 0.5544441 0.4224923 0.5543738 0.4223344 0.5545331 0.4223064 0.5544441 0.4224923 0.5541835 0.422518 0.5542216 0.4223495 0.5572224 0.4217715 0.5573803 0.4217364 0.5573758 0.4219092 0.6934124 0.3893179 0.6933202 0.3892331 0.6934199 0.38917 0.6932056 0.3893144 0.6933202 0.3892331 0.6934124 0.3893179 0.6932056 0.3893144 0.6931157 0.3891764 0.6932736 0.3891675 0.5576264 0.4218332 0.5575267 0.421692 0.5576774 0.4216334 0.5576264 0.4218332 0.5573758 0.4219092 0.5573803 0.4217364 0.5602107 0.4205841 0.5603587 0.4205189 0.560388 0.4206893 0.6902858 0.3892817 0.690182 0.3891981 0.690267 0.3891339 0.6900707 0.3892806 0.690182 0.3891981 0.6902858 0.3892817 0.6900707 0.3892806 0.6899532 0.3891438 0.6901149 0.3891331 0.5606189 0.4205658 0.5604936 0.4204468 0.56063 0.42036 0.560388 0.4206893 0.5603587 0.4205189 0.5604936 0.4204468 0.5629099 0.4188366 0.5630424 0.4187438 0.5631043 0.4189051 0.6870936 0.3892806 0.6869823 0.3891981 0.6870495 0.3891331 0.6868786 0.3892817 0.6869823 0.3891981 0.6870936 0.3892806 0.6868786 0.3892817 0.686738 0.3891464 0.6868972 0.3891339 0.5633068 0.418739 0.5631606 0.4186468 0.5632774 0.4185349 0.5631043 0.4189051 0.5630424 0.4187438 0.5631606 0.4186468 0.5652164 0.4165961 0.5653282 0.4164792 0.5654204 0.4166254 0.2727033 0.4197512 0.2725877 0.4197142 0.2726064 0.419587 0.6837518 0.3893179 0.6838442 0.3892331 0.6839587 0.3893144 0.6837518 0.3893179 0.6835936 0.3891842 0.6837444 0.38917 0.5655865 0.4164229 0.5654252 0.416361 0.565518 0.4162285 0.5654204 0.4166254 0.5653282 0.4164792 0.5654252 0.416361 0.5670414 0.4139486 0.5671283 0.4138122 0.5672472 0.4139376 0.2728264 0.4195529 0.2727033 0.4195303 0.2727199 0.4193987 0.6808108 0.3893876 0.680888 0.3893018 0.6810014 0.3893818 0.6808108 0.3893876 0.6806411 0.3892557 0.6807774 0.3892399 0.5673707 0.4137066 0.5672003 0.4136773 0.5672655 0.4135293 0.5672472 0.4139376 0.5671283 0.4138122 0.5672003 0.4136773 0.5683148 0.410996 0.5683734 0.4108453 0.5685145 0.410945 0.7462059 0.3904101 0.7461373 0.3902996 0.7462518 0.3902317 0.7460262 0.3903632 0.7461373 0.3902996 0.7462059 0.3904101 0.7460262 0.3903632 0.7459837 0.3901774 0.7461246 0.3901984 0.5685906 0.4106944 0.5684178 0.4106989 0.5684528 0.4105411 0.5685906 0.4106944 0.5685145 0.410945 0.5683734 0.4108453 0.5689878 0.4078517 0.5690159 0.4076924 0.5691737 0.4077627 0.7434006 0.3898143 0.7433155 0.3897096 0.7434211 0.3896332 0.743201 0.3897819 0.7433155 0.3897096 0.7434006 0.3898143 0.743201 0.3897819 0.7431262 0.3896007 0.7432798 0.3896104 0.5691994 0.4075021 0.5690308 0.4075402 0.5690344 0.4073786 0.5691737 0.4077627 0.5690159 0.4076924 0.5690308 0.4075402 0.5690344 0.4046365 0.5690308 0.4044748 0.5691994 0.404513 0.7403521 0.3894439 0.7402536 0.3893463 0.7403464 0.3892623 0.7401401 0.3894274 0.7402536 0.3893463 0.7403521 0.3894439 0.7401401 0.3894274 0.7400359 0.3892531 0.7401965 0.3892506 0.5691737 0.4042524 0.5690159 0.4043226 0.5689878 0.4041634 0.5691737 0.4042524 0.5691994 0.404513 0.5690308 0.4044748 0.5684528 0.401474 0.5684178 0.4013161 0.5685905 0.4013206 0.7371774 0.3893133 0.7370693 0.3892236 0.7371458 0.3891331 0.7369613 0.3893133 0.7370693 0.3892236 0.7371774 0.3893133 0.7369613 0.3893133 0.7368316 0.3891479 0.7369928 0.3891331 0.5685145 0.40107 0.5683734 0.4011698 0.5683148 0.401019 0.5685145 0.40107 0.5685905 0.4013206 0.5684178 0.4013161 0.5672655 0.3984857 0.5672003 0.3983377 0.5673707 0.3983085 0.7339985 0.3894274 0.7338851 0.3893463 0.7339422 0.3892506 0.7337866 0.3894439 0.7338851 0.3893463 0.7339985 0.3894274 0.7337866 0.3894439 0.7336365 0.3892894 0.7337923 0.3892623 0.5672472 0.3980775 0.5671283 0.3982028 0.5670413 0.3980664 0.5673707 0.3983085 0.5672003 0.3983377 0.5671283 0.3982028 0.565518 0.3957865 0.5654252 0.395654 0.5655865 0.3955921 0.7309377 0.3897819 0.7308232 0.3897096 0.7308588 0.3896104 0.7307381 0.3898143 0.7308232 0.3897096 0.7309377 0.3897819 0.7307381 0.3898143 0.7305732 0.3896719 0.7307175 0.3896332 0.5654204 0.3953897 0.5653282 0.3955358 0.5652164 0.395419 0.5655865 0.3955921 0.5654252 0.395654 0.5653282 0.3955358 0.5632774 0.3934801 0.5631606 0.3933683 0.5633068 0.393276 0.7281125 0.3903632 0.7280014 0.3902996 0.7280141 0.3901984 0.7279328 0.3904101 0.7280014 0.3902996 0.7281125 0.3903632 0.7279328 0.3904101 0.7277597 0.3902808 0.7278869 0.3902317 0.5631043 0.3931099 0.5630424 0.3932712 0.5629099 0.3931785 0.5631043 0.3931099 0.5633068 0.393276 0.5631606 0.3933683 0.56063 0.391655 0.5604936 0.3915682 0.5606189 0.3914492 0.7688331 0.3893876 0.7687558 0.3893018 0.7688664 0.3892399 0.7686424 0.3893818 0.7687558 0.3893018 0.7688331 0.3893876 0.2727033 0.4193431 0.2727033 0.4195529 0.2725967 0.4194972 0.560388 0.3913258 0.5603587 0.3914961 0.5602107 0.3914309 0.560388 0.3913258 0.5606189 0.3914492 0.5604936 0.3915682 0.5576774 0.3903816 0.5575267 0.3903231 0.5576264 0.3901819 0.765892 0.3893179 0.7657997 0.3892331 0.7658994 0.38917 0.7656852 0.3893144 0.7657997 0.3892331 0.765892 0.3893179 0.2728189 0.4195528 0.2728189 0.4197512 0.2727221 0.4197171 0.5573758 0.3901059 0.5573803 0.3902786 0.5572224 0.3902436 0.5573758 0.3901059 0.5576264 0.3901819 0.5575267 0.3903231 0.5545331 0.3897086 0.5543738 0.3896806 0.5544441 0.3895227 0.7627653 0.3892817 0.7626615 0.389198 0.7627466 0.3891339 0.7625502 0.3892805 0.7626615 0.389198 0.7627653 0.3892817 0.7625502 0.3892805 0.7624327 0.3891438 0.7625944 0.3891331 0.5541835 0.3894971 0.5542216 0.3896656 0.5540599 0.389662 0.5544441 0.3895227 0.5543738 0.3896806 0.5542216 0.3896656 0.5513179 0.389662 0.5511562 0.3896656 0.5511943 0.3894971 0.7595732 0.3892805 0.7594619 0.389198 0.759529 0.3891331 0.7593581 0.3892817 0.7594619 0.389198 0.7595732 0.3892805 0.7593581 0.3892817 0.7592175 0.3891464 0.7593768 0.3891339 0.5509337 0.3895227 0.551004 0.3896806 0.5508447 0.3897086 0.5509337 0.3895227 0.5511943 0.3894971 0.5511562 0.3896656 0.5481554 0.3902436 0.5479975 0.3902786 0.548002 0.3901059 0.7564382 0.3893144 0.7563237 0.3892331 0.7563703 0.3891675 0.7562314 0.3893179 0.7563237 0.3892331 0.7564382 0.3893144 0.7562314 0.3893179 0.7560732 0.3891842 0.7562239 0.38917 0.5477514 0.3901819 0.5478512 0.3903231 0.5477004 0.3903816 0.5477514 0.3901819 0.548002 0.3901059 0.5479975 0.3902786 0.5451671 0.3914309 0.5450191 0.3914961 0.5449898 0.3913258 0.5451081 0.3915957 0.5449948 0.3916128 0.5450191 0.3914961 0.7532904 0.3893876 0.7533676 0.3893018 0.753481 0.3893818 0.7532904 0.3893876 0.7531206 0.3892557 0.753257 0.3892399 0.5447589 0.3914492 0.5448842 0.3915682 0.5447478 0.391655 0.5449898 0.3913258 0.5450191 0.3914961 0.5448842 0.3915682 0.5424679 0.3931785 0.5423354 0.3932712 0.5422735 0.3931099 0.5424422 0.3933516 0.5423344 0.3933905 0.5423354 0.3932712 0.750648 0.3894882 0.7507072 0.3894017 0.750815 0.3894805 0.5422751 0.3934887 0.5421004 0.3934801 0.5422172 0.3933683 0.5420711 0.393276 0.5422172 0.3933683 0.5421004 0.3934801 0.5422735 0.3931099 0.5423354 0.3932712 0.5422172 0.3933683 0.5401614 0.395419 0.5400497 0.3955358 0.5399574 0.3953897 0.54017 0.3955938 0.5400719 0.395653 0.5400497 0.3955358 0.6052462 0.4215992 0.6051383 0.421678 0.6050791 0.4215915 0.5400329 0.3957608 0.5398598 0.3957865 0.5399526 0.395654 0.5397913 0.3955921 0.5399526 0.395654 0.5398598 0.3957865 0.5399574 0.3953897 0.5400497 0.3955358 0.5399526 0.395654 0.5383365 0.3980664 0.5382496 0.3982028 0.5381306 0.3980775 0.6077215 0.4216921 0.6077988 0.4217778 0.6076882 0.4218397 0.6079121 0.4216978 0.6077988 0.4217778 0.6077215 0.4216921 0.5382771 0.3984268 0.5381123 0.3984857 0.5381775 0.3983377 0.5380071 0.3983085 0.5381775 0.3983377 0.5381123 0.3984857 0.5381306 0.3980775 0.5382496 0.3982028 0.5381775 0.3983377 0.537063 0.401019 0.5370044 0.4011698 0.5368633 0.40107 0.6106626 0.4217618 0.6107549 0.4218466 0.6106551 0.4219096 0.6108694 0.4217653 0.6107549 0.4218466 0.6106626 0.4217618 0.6108694 0.4217653 0.6109594 0.4219032 0.6108015 0.4219121 0.5367873 0.4013206 0.53696 0.4013161 0.536925 0.401474 0.5367873 0.4013206 0.5368633 0.40107 0.5370044 0.4011698 0.53639 0.4041634 0.536362 0.4043226 0.5362041 0.4042524 0.6137893 0.4217979 0.613893 0.4218816 0.613808 0.4219458 0.6140043 0.4217991 0.613893 0.4218816 0.6137893 0.4217979 0.6140043 0.4217991 0.6141219 0.4219359 0.6139602 0.4219466 0.5361784 0.404513 0.536347 0.4044748 0.5363435 0.4046365 0.5361784 0.404513 0.5362041 0.4042524 0.536362 0.4043226 0.5363435 0.4073786 0.536347 0.4075402 0.5361784 0.4075021 0.6169814 0.4217991 0.6170927 0.4218816 0.6170256 0.4219466 0.6171965 0.4217979 0.6170927 0.4218816 0.6169814 0.4217991 0.6171965 0.4217979 0.6173371 0.4219332 0.6171777 0.4219458 0.5362041 0.4077627 0.536362 0.4076924 0.53639 0.4078517 0.5361784 0.4075021 0.536347 0.4075402 0.536362 0.4076924 0.536925 0.4105411 0.53696 0.4106989 0.5367873 0.4106944 0.6201164 0.4217653 0.6202309 0.4218466 0.6201843 0.4219121 0.6203231 0.4217618 0.6202309 0.4218466 0.6201164 0.4217653 0.6203231 0.4217618 0.6204814 0.4218955 0.6203306 0.4219096 0.5368633 0.410945 0.5370044 0.4108453 0.537063 0.410996 0.5368633 0.410945 0.5367873 0.4106944 0.53696 0.4106989 0.5379126 0.4137572 0.5377824 0.4138844 0.5377048 0.4137331 0.5379126 0.4137572 0.538036 0.4139881 0.537858 0.4140257 0.5379406 0.4141742 0.537858 0.4140257 0.538036 0.4139881 0.5377592 0.4141241 0.537735 0.4140006 0.537858 0.4140257 0.8416912 0.4102149 0.8417763 0.4103044 0.8416957 0.4104272 0.8416912 0.4102149 0.8418254 0.4100374 0.8418393 0.4101887 0.5398172 0.4168946 0.5397073 0.416765 0.5398745 0.4166935 0.5396295 0.4168808 0.5395817 0.4167643 0.5397073 0.416765 0.8417699 0.4129986 0.841856 0.413069 0.8417769 0.4131847 0.5394768 0.4166947 0.5394999 0.416508 0.5396056 0.4166411 0.5397083 0.416491 0.5396056 0.4166411 0.5394999 0.416508 0.5398745 0.4166935 0.5397073 0.416765 0.5396056 0.4166411 0.5421885 0.4191966 0.5420554 0.4190909 0.5422055 0.4189881 0.5420017 0.4192196 0.5419321 0.4191147 0.5420554 0.4190909 0.8418807 0.4153718 0.8419677 0.4154204 0.8418899 0.4155246 0.5418156 0.4190669 0.5418019 0.4188792 0.5419315 0.4189892 0.542003 0.4188219 0.5419315 0.4189892 0.5418019 0.4188792 0.542003 0.4188219 0.5422055 0.4189881 0.5420554 0.4190909 0.5449633 0.4209916 0.5448121 0.4209139 0.5449392 0.4207839 0.5447846 0.4210507 0.5446959 0.4209614 0.5448121 0.4209139 0.8420193 0.4172434 0.8421069 0.4172684 0.8420303 0.417357 0.5445724 0.4209372 0.5445222 0.4207559 0.5446708 0.4208384 0.5447083 0.4206604 0.5446708 0.4208384 0.5445222 0.4207559 0.5447083 0.4206604 0.5449392 0.4207839 0.5448121 0.4209139 0.548035 0.4222109 0.5478715 0.4221642 0.5479709 0.4220119 0.5478712 0.4223037 0.5477668 0.4222335 0.5478715 0.4221642 0.8462384 0.3909563 0.8463165 0.3910603 0.8462296 0.3911091 0.5476409 0.4222338 0.5475564 0.4220657 0.5477182 0.4221177 0.5477203 0.4219358 0.5477182 0.4221177 0.5475564 0.4220657 0.5477203 0.4219358 0.5479709 0.4220119 0.5478715 0.4221642 0.5512855 0.4228075 0.5511161 0.4227936 0.5511838 0.4226248 0.5511431 0.4229305 0.5510269 0.422882 0.5511161 0.4227936 0.8461299 0.3932964 0.8462093 0.393412 0.8461233 0.3934825 0.5509036 0.4229069 0.5507878 0.4227585 0.5509567 0.4227779 0.5509232 0.4225991 0.5509567 0.4227779 0.5507878 0.4227585 0.5511838 0.4226248 0.5511161 0.4227936 0.5509567 0.4227779 0.55459 0.4227585 0.5544211 0.4227779 0.5544546 0.4225991 0.8460499 0.3962664 0.8461348 0.3961767 0.8461981 0.3962923 0.846054 0.396054 0.8461348 0.3961767 0.8460499 0.3962664 0.5542348 0.4229305 0.5540923 0.4228075 0.5542617 0.4227936 0.554194 0.4226248 0.5542617 0.4227936 0.5540923 0.4228075 0.5544546 0.4225991 0.5544211 0.4227779 0.5542617 0.4227936 0.5578214 0.4220657 0.5576596 0.4221177 0.5576575 0.4219358 0.8460122 0.3993536 0.8460959 0.3992483 0.8461602 0.3993523 0.8460137 0.3991232 0.8460959 0.3992483 0.8460122 0.3993536 0.5575066 0.4223037 0.5573428 0.4222109 0.5575063 0.4221642 0.5574069 0.4220119 0.5575063 0.4221642 0.5573428 0.4222109 0.5574069 0.4220119 0.5576575 0.4219358 0.5576596 0.4221177 0.5608556 0.4207559 0.560707 0.4208384 0.5606696 0.4206604 0.8460115 0.4026256 0.8460939 0.4025086 0.8461592 0.4025971 0.8460103 0.402386 0.8460939 0.4025086 0.8460115 0.4026256 0.8460103 0.402386 0.8461468 0.4022688 0.8461584 0.4024376 0.5604386 0.4207839 0.5605657 0.4209139 0.5604146 0.4209916 0.5604386 0.4207839 0.5606696 0.4206604 0.560707 0.4208384 0.5635759 0.4188792 0.5634464 0.4189892 0.5633748 0.4188219 0.8460481 0.4059566 0.846129 0.4058323 0.846195 0.4059019 0.8460443 0.4057171 0.846129 0.4058323 0.8460481 0.4059566 0.8460443 0.4057171 0.846179 0.4055732 0.8461924 0.4057424 0.5631724 0.4189881 0.5633225 0.4190909 0.5631893 0.4191965 0.5633748 0.4188219 0.5634464 0.4189892 0.5633225 0.4190909 0.5658779 0.416508 0.5657722 0.4166411 0.5656695 0.416491 0.2728268 0.4193431 0.2727033 0.4193137 0.2727225 0.4191807 0.846114 0.4089883 0.8461999 0.4090918 0.8461204 0.4092186 0.846114 0.4089883 0.8462468 0.4088232 0.846262 0.4089865 0.5655034 0.4166935 0.5656706 0.4167649 0.5655606 0.4168946 0.5655034 0.4166935 0.5656695 0.416491 0.5657722 0.4166411 0.567673 0.4137331 0.5675954 0.4138844 0.5674653 0.4137572 0.8297474 0.4027277 0.8298654 0.4026687 0.8299247 0.4027937 0.846217 0.412074 0.8463038 0.4121619 0.8462256 0.4122862 0.846217 0.412074 0.8463478 0.411894 0.8463646 0.412045 0.5673418 0.4139881 0.5675198 0.4140257 0.5674372 0.4141742 0.5673418 0.4139881 0.5674653 0.4137572 0.5675954 0.4138844 0.5688923 0.4106615 0.5688456 0.4108249 0.5686932 0.4107255 0.8289279 0.4053177 0.8290406 0.4052382 0.8291094 0.4053585 0.8289803 0.4051176 0.8290406 0.4052382 0.8289279 0.4053177 0.8289803 0.4051176 0.829172 0.4050855 0.8291442 0.4052253 0.5686172 0.4109762 0.5687991 0.4109782 0.5687471 0.41114 0.5686172 0.4109762 0.5686932 0.4107255 0.5688456 0.4108249 0.5694889 0.4074109 0.569475 0.4075803 0.5693061 0.4075126 0.8283219 0.4082667 0.8284277 0.4081696 0.8285054 0.4082807 0.8283579 0.4080443 0.8284277 0.4081696 0.8283219 0.4082667 0.8283579 0.4080443 0.8285458 0.4079767 0.8285294 0.4081326 0.5692805 0.4077732 0.5694593 0.4077398 0.5694399 0.4079086 0.5692805 0.4077732 0.5693061 0.4075126 0.569475 0.4075803 0.5694399 0.4041064 0.5694593 0.4042753 0.5692805 0.4042418 0.8279525 0.4114613 0.8280503 0.4113505 0.828136 0.411448 0.8279708 0.4112253 0.8280503 0.4113505 0.8279525 0.4114613 0.8279708 0.4112253 0.8281522 0.4111247 0.8281483 0.4112908 0.5693061 0.4045025 0.569475 0.4044348 0.5694889 0.4046041 0.5692805 0.4042418 0.5694593 0.4042753 0.569475 0.4044348 0.5687471 0.400875 0.5687991 0.4010368 0.5686172 0.4010389 0.827834 0.4147788 0.8279229 0.4146585 0.8280155 0.4147386 0.827834 0.4145382 0.8279229 0.4146585 0.827834 0.4147788 0.827834 0.4145382 0.8280065 0.4144084 0.8280155 0.4145783 0.5686932 0.4012895 0.5688456 0.4011902 0.5688923 0.4013536 0.5686932 0.4012895 0.5686172 0.4010389 0.5687991 0.4010368 0.5674372 0.3978408 0.5675198 0.3979894 0.5673418 0.3980269 0.8279708 0.4180917 0.8280503 0.4179664 0.8281483 0.4180262 0.8279525 0.4178556 0.8280503 0.4179664 0.8279708 0.4180917 0.8279525 0.4178556 0.8281141 0.4177018 0.828136 0.417869 0.5674653 0.3982579 0.5675954 0.3981307 0.567673 0.3982819 0.5674653 0.3982579 0.5673418 0.3980269 0.5675198 0.3979894 0.5655606 0.3951205 0.5656706 0.3952501 0.5655033 0.3953216 0.8283579 0.4212726 0.8284277 0.4211473 0.8285294 0.4211843 0.8283219 0.4210502 0.8284277 0.4211473 0.8283579 0.4212726 0.8283219 0.4210502 0.828471 0.4208782 0.8285054 0.4210363 0.5656695 0.395524 0.5657722 0.395374 0.5658779 0.3955071 0.5655033 0.3953216 0.5656706 0.3952501 0.5657722 0.395374 0.5631893 0.3928185 0.5633225 0.3929242 0.5631724 0.393027 0.8289803 0.4241993 0.8290406 0.4240788 0.8291442 0.4240916 0.8289279 0.4239992 0.8290406 0.4240788 0.8289803 0.4241993 0.8289279 0.4239992 0.8290633 0.4238156 0.8291094 0.4239584 0.5633748 0.3931931 0.5634464 0.3930258 0.5635759 0.3931358 0.5633748 0.3931931 0.5631724 0.393027 0.5633225 0.3929242 0.5604146 0.3910234 0.5605657 0.3911011 0.5604386 0.3912311 0.8339555 0.407816 0.8340416 0.4077275 0.8341034 0.4078438 0.8339624 0.4076038 0.8340416 0.4077275 0.8339555 0.407816 0.8297474 0.4265892 0.8298684 0.4264011 0.8299247 0.4265232 0.5606696 0.3913546 0.560707 0.3911766 0.5608556 0.3912592 0.5606696 0.3913546 0.5604386 0.3912311 0.5605657 0.3911011 0.5573428 0.3898041 0.5575063 0.3898508 0.5574069 0.3900032 0.8338783 0.4109025 0.8339633 0.4107983 0.8340263 0.4109031 0.8338827 0.4106722 0.8339633 0.4107983 0.8338783 0.4109025 0.2725909 0.4191291 0.2725909 0.4193431 0.2724866 0.4192914 0.5576575 0.3900792 0.5576596 0.3898974 0.5578214 0.3899493 0.5576575 0.3900792 0.5574069 0.3900032 0.5575063 0.3898508 0.5540923 0.3892076 0.5542617 0.3892214 0.554194 0.3893903 0.8338358 0.4141742 0.8339196 0.4140583 0.8339837 0.4141476 0.8338376 0.4139347 0.8339196 0.4140583 0.8338358 0.4141742 0.8338376 0.4139347 0.8339756 0.4138193 0.833985 0.4139882 0.5544546 0.3894159 0.5544211 0.3892372 0.55459 0.3892565 0.554194 0.3893903 0.5542617 0.3892214 0.5544211 0.3892372 0.5507878 0.3892565 0.5509567 0.3892372 0.5509232 0.3894159 0.8338297 0.4175055 0.8339121 0.4173822 0.8339772 0.4174526 0.8338289 0.4172659 0.8339121 0.4173822 0.8338297 0.4175055 0.8338289 0.4172659 0.8339654 0.4171237 0.8339767 0.4172932 0.5511838 0.3893903 0.5511161 0.3892214 0.5512855 0.3892076 0.5509232 0.3894159 0.5509567 0.3892372 0.5511161 0.3892214 0.5475564 0.3899493 0.5477182 0.3898974 0.5477203 0.3900792 0.5476409 0.3897812 0.5477668 0.3897816 0.5477182 0.3898974 0.8338567 0.4205378 0.8339413 0.4206424 0.8338602 0.4207681 0.8338567 0.4205378 0.8339917 0.4203743 0.8340048 0.4205378 0.5479709 0.3900032 0.5478715 0.3898508 0.548035 0.3898041 0.5479709 0.3900032 0.5477203 0.3900792 0.5477182 0.3898974 0.5445222 0.3912592 0.5446708 0.3911766 0.5447083 0.3913546 0.5445724 0.3910778 0.5446959 0.3910536 0.5446708 0.3911766 0.8339202 0.4236246 0.8340058 0.4237135 0.8339261 0.4238368 0.8339202 0.4236246 0.8340533 0.4234462 0.8340682 0.4235974 0.5449392 0.3912311 0.5448121 0.3911011 0.5449633 0.3910234 0.5449392 0.3912311 0.5447083 0.3913546 0.5446708 0.3911766 0.5418019 0.3931358 0.5419315 0.3930258 0.542003 0.3931931 0.5418156 0.3929481 0.5419321 0.3929003 0.5419315 0.3930258 0.8340168 0.4264077 0.8341034 0.4264775 0.834025 0.4265938 0.5420017 0.3927955 0.5421885 0.3928185 0.5420554 0.3929242 0.5422055 0.393027 0.5420554 0.3929242 0.5421885 0.3928185 0.542003 0.3931931 0.5419315 0.3930258 0.5420554 0.3929242 0.5394999 0.3955071 0.5396056 0.395374 0.5397083 0.395524 0.5394768 0.3953203 0.5395817 0.3952507 0.5396056 0.395374 0.8419652 0.391439 0.8420423 0.3915562 0.841955 0.391625 0.5396295 0.3951343 0.5398172 0.3951205 0.5397073 0.3952501 0.5398745 0.3953216 0.5397073 0.3952501 0.5398172 0.3951205 0.5398745 0.3953216 0.5397083 0.395524 0.5396056 0.395374 0.5377048 0.3982819 0.5377824 0.3981307 0.5379126 0.3982579 0.8418281 0.3944069 0.8419147 0.3943189 0.8419758 0.3944357 0.8418363 0.3941947 0.8419147 0.3943189 0.8418281 0.3944069 0.5377592 0.397891 0.5379406 0.3978408 0.537858 0.3979894 0.538036 0.3980269 0.537858 0.3979894 0.5379406 0.3978408 0.538036 0.3980269 0.5379126 0.3982579 0.5377824 0.3981307 0.5364855 0.4013536 0.5365322 0.4011902 0.5366846 0.4012895 0.841731 0.3974928 0.8418167 0.3973891 0.841879 0.3974944 0.8417369 0.3972626 0.8418167 0.3973891 0.841731 0.3974928 0.5364626 0.4009596 0.5366307 0.400875 0.5365787 0.4010368 0.5367606 0.4010389 0.5365787 0.4010368 0.5366307 0.400875 0.5367606 0.4010389 0.5366846 0.4012895 0.5365322 0.4011902 0.5358889 0.4046041 0.5359028 0.4044348 0.5360717 0.4045025 0.8416674 0.4007642 0.841752 0.4006488 0.8418156 0.4007385 0.8416709 0.4005247 0.841752 0.4006488 0.8416674 0.4007642 0.8416709 0.4005247 0.8418095 0.4004102 0.8418179 0.4005791 0.5360973 0.4042418 0.5359185 0.4042753 0.535938 0.4041064 0.5360973 0.4042418 0.5360717 0.4045025 0.5359028 0.4044348 0.535938 0.4079086 0.5359185 0.4077398 0.5360973 0.4077732 0.8416399 0.4040953 0.8417232 0.4039726 0.8417878 0.4040434 0.8416407 0.4038558 0.8417232 0.4039726 0.8416399 0.4040953 0.8416407 0.4038558 0.8417782 0.4037145 0.8417884 0.403884 0.5360717 0.4075126 0.5359028 0.4075803 0.5358889 0.4074109 0.5360973 0.4077732 0.5359185 0.4077398 0.5359028 0.4075803 0.5366307 0.41114 0.5365787 0.4109782 0.5367606 0.4109762 0.5364626 0.4110555 0.536463 0.4109296 0.5365787 0.4109782 0.8416475 0.4071277 0.8417314 0.4072329 0.8416495 0.4073581 0.8416475 0.4071277 0.8417835 0.4069652 0.8417956 0.4071288 0.5366846 0.4107255 0.5365322 0.4108249 0.5364855 0.4106615 0.5366846 0.4107255 0.5367606 0.4109762 0.5365787 0.4109782 0.6257961 0.4214186 0.6257396 0.4215992 0.6232642 0.4216921 0.5400329 0.4162542 0.5398598 0.4162285 0.5383365 0.4139486 0.5398598 0.4162285 0.5396566 0.41624 0.5382482 0.4141319 0.6257961 0.4214186 0.6280475 0.4212921 0.6280117 0.4214733 0.5422751 0.4185264 0.5421004 0.418535 0.5401614 0.4165961 0.5421004 0.418535 0.5419033 0.4185858 0.5401106 0.4167931 0.6298163 0.4211434 0.6298028 0.4213249 0.6281488 0.4214639 0.5424422 0.4186635 0.5449176 0.4203175 0.5447478 0.42036 0.5447478 0.42036 0.5445645 0.4204483 0.5424565 0.4190397 0.7011367 0.3897876 0.7012381 0.3896158 0.7028921 0.3897548 0.5451081 0.4204193 0.5478586 0.4215586 0.5477004 0.4216334 0.5477004 0.4216334 0.5475378 0.4217558 0.5451956 0.4207856 0.6988855 0.3896611 0.6989959 0.3894882 0.701101 0.3896064 0.5480654 0.4216213 0.5509853 0.4222022 0.5508447 0.4223064 0.5481554 0.4217715 0.5508447 0.4223064 0.5507091 0.4224581 0.6988855 0.3896611 0.6962382 0.3895618 0.6963535 0.3893876 0.5512004 0.4222233 0.5541775 0.4222233 0.5540599 0.422353 0.5540599 0.422353 0.5539565 0.4225283 0.5514213 0.4225283 0.6932967 0.3894934 0.6934124 0.3893179 0.6961629 0.3893818 0.5543925 0.4222022 0.5573124 0.4216213 0.5572224 0.4217715 0.5545331 0.4223064 0.5572224 0.4217715 0.5571553 0.4219635 0.6901741 0.3894585 0.6902858 0.3892817 0.6932056 0.3893144 0.6902858 0.3892817 0.6904264 0.3891464 0.6931157 0.3891764 0.5576774 0.4216334 0.5602107 0.4205841 0.5601823 0.4207856 0.6869903 0.3894585 0.6870936 0.3892806 0.6900707 0.3892806 0.6900707 0.3892806 0.6870936 0.3892806 0.6872112 0.3891438 0.5629099 0.4188366 0.5629214 0.4190397 0.5608133 0.4204483 0.6869903 0.3894585 0.6838676 0.3894934 0.6839587 0.3893144 0.6839587 0.3893144 0.6840487 0.3891764 0.686738 0.3891464 0.5652164 0.4165961 0.5652672 0.4167931 0.5634745 0.4185858 0.6809261 0.3895618 0.6810014 0.3893818 0.6837518 0.3893179 0.5669988 0.4137789 0.5670414 0.4139486 0.565518 0.4162285 0.565518 0.4162285 0.5670414 0.4139486 0.5671297 0.4141319 0.6782789 0.3896611 0.6783354 0.3894805 0.6808108 0.3893876 0.7462059 0.3904101 0.746379 0.3902808 0.7484986 0.3909612 0.5683148 0.410996 0.5684372 0.4111586 0.567467 0.4135009 0.7460924 0.3905618 0.7432846 0.3899747 0.7434006 0.3898143 0.7460262 0.3903632 0.7434006 0.3898143 0.7435654 0.3896719 0.5689878 0.4078517 0.5691395 0.4079873 0.5686449 0.4104738 0.7402378 0.3896132 0.7403521 0.3894439 0.743201 0.3897819 0.743201 0.3897819 0.7403521 0.3894439 0.7405022 0.3892894 0.5690344 0.4046365 0.5692096 0.4047399 0.5692096 0.4072751 0.7370693 0.3894912 0.7371774 0.3893133 0.7401401 0.3894274 0.7401401 0.3894274 0.7371774 0.3893133 0.7373071 0.3891479 0.5689878 0.4041634 0.5684528 0.401474 0.5686449 0.4015412 0.7370693 0.3894912 0.7339009 0.3896132 0.7339985 0.3894274 0.7369613 0.3893133 0.7339985 0.3894274 0.7341028 0.3892531 0.5672655 0.3984857 0.567467 0.3985142 0.5684372 0.4008564 0.7308541 0.3899747 0.7309377 0.3897819 0.7337866 0.3894439 0.7309377 0.3897819 0.7310125 0.3896007 0.7336365 0.3892894 0.565518 0.3957865 0.5657212 0.3957751 0.5671297 0.3978831 0.7308541 0.3899747 0.7280462 0.3905618 0.7281125 0.3903632 0.7281125 0.3903632 0.728155 0.3901774 0.7305732 0.3896719 0.5632774 0.3934801 0.5634745 0.3934292 0.5652672 0.395222 0.771365 0.3896611 0.7687177 0.3895618 0.7688331 0.3893876 0.7256315 0.3911489 0.7256401 0.3909612 0.7277597 0.3902808 0.56063 0.391655 0.5608133 0.3915668 0.5629214 0.3929753 0.7657763 0.3894934 0.765892 0.3893179 0.7686424 0.3893818 0.5575192 0.3904564 0.5576774 0.3903816 0.5602107 0.3914309 0.5576774 0.3903816 0.55784 0.3902593 0.5601823 0.3912295 0.7626536 0.3894585 0.7627653 0.3892817 0.7656852 0.3893144 0.7656852 0.3893144 0.7627653 0.3892817 0.7629059 0.3891464 0.5572224 0.3902436 0.5545331 0.3897086 0.5546687 0.389557 0.7626536 0.3894585 0.7594698 0.3894585 0.7595732 0.3892805 0.7625502 0.3892805 0.7595732 0.3892805 0.7596907 0.3891438 0.5513179 0.389662 0.5514213 0.3894868 0.5539565 0.3894868 0.7563471 0.3894934 0.7564382 0.3893144 0.7593581 0.3892817 0.7593581 0.3892817 0.7564382 0.3893144 0.7565282 0.3891764 0.5508447 0.3897086 0.5481554 0.3902436 0.5482226 0.3900516 0.7534057 0.3895618 0.753481 0.3893818 0.7562314 0.3893179 0.5451081 0.3915957 0.5451671 0.3914309 0.5477004 0.3903816 0.5477004 0.3903816 0.5451671 0.3914309 0.5451955 0.3912295 0.7507584 0.3896611 0.750815 0.3894805 0.7532904 0.3893876 0.5449176 0.3916976 0.5424422 0.3933516 0.5424679 0.3931785 0.5424679 0.3931785 0.5424565 0.3929753 0.5445645 0.3915668 0.7507584 0.3896611 0.7485072 0.3897876 0.7485429 0.3896064 0.54017 0.3955938 0.5401614 0.395419 0.5421004 0.3934801 0.5401614 0.395419 0.5401106 0.395222 0.5419033 0.3934292 0.6078369 0.4215179 0.6077215 0.4216921 0.6052462 0.4215992 0.538379 0.3982362 0.5383365 0.3980664 0.5398598 0.3957865 0.5398598 0.3957865 0.5383365 0.3980664 0.5382481 0.3978831 0.6107783 0.4215863 0.6106626 0.4217618 0.6079121 0.4216978 0.5371378 0.4011772 0.537063 0.401019 0.5381123 0.3984857 0.537063 0.401019 0.5369406 0.4008564 0.5379108 0.3985142 0.6107783 0.4215863 0.613901 0.4216212 0.6137893 0.4217979 0.6137893 0.4217979 0.6136487 0.4219332 0.6109594 0.4219032 0.536925 0.401474 0.53639 0.4041634 0.5362383 0.4040278 0.6170848 0.4216212 0.6169814 0.4217991 0.6140043 0.4217991 0.6169814 0.4217991 0.6168639 0.4219359 0.6141219 0.4219359 0.5363435 0.4046365 0.5363435 0.4073786 0.5361682 0.4072751 0.6202074 0.4215863 0.6201164 0.4217653 0.6171965 0.4217979 0.6171965 0.4217979 0.6201164 0.4217653 0.6200264 0.4219032 0.53639 0.4078517 0.536925 0.4105411 0.5367329 0.4104738 0.6231489 0.4215179 0.6230736 0.4216978 0.6203231 0.4217618 0.5371378 0.4108378 0.5382771 0.4135883 0.5381123 0.4135293 0.5381123 0.4135293 0.5379108 0.4135009 0.5369406 0.4111586 0.5395737 0.395707 0.5397083 0.395524 0.5397913 0.3955921 0.5397913 0.3955921 0.5397083 0.395524 0.5398745 0.3953216 0.5399574 0.3953897 0.5398745 0.3953216 0.5400277 0.3951539 0.5687476 0.410505 0.5686932 0.4107255 0.5685906 0.4106944 0.5685906 0.4106944 0.5686932 0.4107255 0.5686172 0.4109762 0.5685145 0.410945 0.5686172 0.4109762 0.5685399 0.4111897 0.5418353 0.3933463 0.542003 0.3931931 0.5420711 0.393276 0.542003 0.3931931 0.5422055 0.393027 0.5422735 0.3931099 0.5422735 0.3931099 0.5422055 0.393027 0.5423884 0.3928924 0.5675616 0.4135515 0.5674653 0.4137572 0.5673707 0.4137066 0.5673707 0.4137066 0.5674653 0.4137572 0.5673418 0.4139881 0.5672472 0.4139376 0.5673418 0.4139881 0.5672243 0.4141826 0.5445139 0.3914722 0.5447083 0.3913546 0.5447589 0.3914492 0.5447083 0.3913546 0.5449392 0.3912311 0.5449898 0.3913258 0.5449898 0.3913258 0.5449392 0.3912311 0.545145 0.3911348 0.5658041 0.416308 0.5656695 0.416491 0.5655865 0.4164229 0.5655865 0.4164229 0.5656695 0.416491 0.5655034 0.4166935 0.5654204 0.4166254 0.5655034 0.4166935 0.5653501 0.4168612 0.5475067 0.3901566 0.5477203 0.3900792 0.5477514 0.3901819 0.5477514 0.3901819 0.5477203 0.3900792 0.5479709 0.3900032 0.548002 0.3901059 0.5479709 0.3900032 0.5481914 0.3899489 0.5635426 0.4186688 0.5633748 0.4188219 0.5633068 0.418739 0.5633748 0.4188219 0.5631724 0.4189881 0.5631043 0.4189051 0.5631043 0.4189051 0.5631724 0.4189881 0.5629894 0.4191227 0.5506986 0.3894501 0.5509232 0.3894159 0.5509337 0.3895227 0.5509232 0.3894159 0.5511838 0.3893903 0.5511943 0.3894971 0.5511943 0.3894971 0.5511838 0.3893903 0.5514107 0.38938 0.5608639 0.4205429 0.5606696 0.4206604 0.5606189 0.4205658 0.5606696 0.4206604 0.5604386 0.4207839 0.560388 0.4206893 0.560388 0.4206893 0.5604386 0.4207839 0.5602328 0.4208802 0.5539671 0.38938 0.554194 0.3893903 0.5541835 0.3894971 0.554194 0.3893903 0.5544546 0.3894159 0.5544441 0.3895227 0.5544441 0.3895227 0.5544546 0.3894159 0.5546792 0.3894501 0.5578711 0.4218585 0.5576575 0.4219358 0.5576264 0.4218332 0.5576264 0.4218332 0.5576575 0.4219358 0.5574069 0.4220119 0.5573758 0.4219092 0.5574069 0.4220119 0.5571864 0.4220662 0.5571864 0.3899489 0.5574069 0.3900032 0.5573758 0.3901059 0.5573758 0.3901059 0.5574069 0.3900032 0.5576575 0.3900792 0.5576264 0.3901819 0.5576575 0.3900792 0.5578711 0.3901566 0.5546792 0.4225649 0.5544546 0.4225991 0.5544441 0.4224923 0.5544546 0.4225991 0.554194 0.4226248 0.5541835 0.422518 0.5541835 0.422518 0.554194 0.4226248 0.5539671 0.422635 0.5602328 0.3911348 0.5604386 0.3912311 0.560388 0.3913258 0.560388 0.3913258 0.5604386 0.3912311 0.5606696 0.3913546 0.5606189 0.3914492 0.5606696 0.3913546 0.5608639 0.3914722 0.5514107 0.422635 0.5511838 0.4226248 0.5511943 0.422518 0.5511838 0.4226248 0.5509232 0.4225991 0.5509337 0.4224923 0.5509337 0.4224923 0.5509232 0.4225991 0.5506986 0.4225649 0.5629894 0.3928924 0.5631724 0.393027 0.5631043 0.3931099 0.5631043 0.3931099 0.5631724 0.393027 0.5633748 0.3931931 0.5633068 0.393276 0.5633748 0.3931931 0.5635426 0.3933463 0.5368379 0.4111897 0.5367606 0.4109762 0.5368633 0.410945 0.5368633 0.410945 0.5367606 0.4109762 0.5366846 0.4107255 0.5367873 0.4106944 0.5366846 0.4107255 0.5366302 0.410505 0.5481914 0.4220662 0.5479709 0.4220119 0.548002 0.4219092 0.5479709 0.4220119 0.5477203 0.4219358 0.5477514 0.4218332 0.5477514 0.4218332 0.5477203 0.4219358 0.5475067 0.4218585 0.5653501 0.3951539 0.5655033 0.3953216 0.5654204 0.3953897 0.5655033 0.3953216 0.5656695 0.395524 0.5655865 0.3955921 0.5655865 0.3955921 0.5656695 0.395524 0.5658041 0.395707 0.5361315 0.4079978 0.5360973 0.4077732 0.5362041 0.4077627 0.5360973 0.4077732 0.5360717 0.4075126 0.5361784 0.4075021 0.5361784 0.4075021 0.5360717 0.4075126 0.5360614 0.4072857 0.545145 0.4208802 0.5449392 0.4207839 0.5449898 0.4206893 0.5449392 0.4207839 0.5447083 0.4206604 0.5447589 0.4205658 0.5447589 0.4205658 0.5447083 0.4206604 0.5445139 0.4205429 0.5672243 0.3978325 0.5673418 0.3980269 0.5672472 0.3980775 0.5673418 0.3980269 0.5674653 0.3982579 0.5673707 0.3983085 0.5673707 0.3983085 0.5674653 0.3982579 0.5675616 0.3984636 0.5360614 0.4047294 0.5360717 0.4045025 0.5361784 0.404513 0.5360717 0.4045025 0.5360973 0.4042418 0.5362041 0.4042524 0.5362041 0.4042524 0.5360973 0.4042418 0.5361315 0.4040173 0.5423884 0.4191227 0.5422055 0.4189881 0.5422735 0.4189051 0.5422735 0.4189051 0.5422055 0.4189881 0.542003 0.4188219 0.5420711 0.418739 0.542003 0.4188219 0.5418353 0.4186688 0.5685399 0.4008253 0.5686172 0.4010389 0.5685145 0.40107 0.5685145 0.40107 0.5686172 0.4010389 0.5686932 0.4012895 0.5685905 0.4013206 0.5686932 0.4012895 0.5687476 0.4015101 0.5381535 0.3978325 0.5382481 0.3978831 0.5381306 0.3980775 0.538036 0.3980269 0.5381306 0.3980775 0.5380071 0.3983085 0.5380071 0.3983085 0.5379108 0.3985142 0.5378162 0.3984636 0.5366302 0.4015101 0.5366846 0.4012895 0.5367873 0.4013206 0.5367873 0.4013206 0.5366846 0.4012895 0.5367606 0.4010389 0.5368633 0.40107 0.5367606 0.4010389 0.5368379 0.4008253 0.5378162 0.4135515 0.5379108 0.4135009 0.5380071 0.4137066 0.5379126 0.4137572 0.5380071 0.4137066 0.5381306 0.4139376 0.5381306 0.4139376 0.5382482 0.4141319 0.5381535 0.4141826 0.5400277 0.4168612 0.5398745 0.4166935 0.5399574 0.4166254 0.5398745 0.4166935 0.5397083 0.416491 0.5397913 0.4164229 0.5397913 0.4164229 0.5397083 0.416491 0.5395737 0.416308 0.5692463 0.4079978 0.5691395 0.4079873 0.5691737 0.4077627 0.5692805 0.4077732 0.5691737 0.4077627 0.5691994 0.4075021 0.5691994 0.4075021 0.5692096 0.4072751 0.5693164 0.4072857 0.5692463 0.4040173 0.5692805 0.4042418 0.5691737 0.4042524 0.5692805 0.4042418 0.5693061 0.4045025 0.5691994 0.404513 0.5691994 0.404513 0.5693061 0.4045025 0.5693164 0.4047294 0.5381535 0.4141826 0.5395737 0.416308 0.5394999 0.416508 0.5379406 0.4141742 0.5394999 0.416508 0.5394768 0.4166947 0.8417699 0.4129986 0.841596 0.4131255 0.8415158 0.4103458 0.5400277 0.4168612 0.5418353 0.4186688 0.5418019 0.4188792 0.5418019 0.4188792 0.5418156 0.4190669 0.5396295 0.4168808 0.8417769 0.4131847 0.8418807 0.4153718 0.8417082 0.4154898 0.5445139 0.4205429 0.5445222 0.4207559 0.5421885 0.4191966 0.5421885 0.4191966 0.5445222 0.4207559 0.5445724 0.4209372 0.8418899 0.4155246 0.8420193 0.4172434 0.8418482 0.4173479 0.545145 0.4208802 0.5475067 0.4218585 0.5475564 0.4220657 0.5475564 0.4220657 0.5476409 0.4222338 0.5447846 0.4210507 0.8463646 0.3892372 0.8462384 0.3909563 0.8460568 0.3909915 0.5506986 0.4225649 0.5507878 0.4227585 0.548035 0.4222109 0.5507878 0.4227585 0.5509036 0.4229069 0.5478712 0.4223037 0.8461299 0.3932964 0.8459491 0.393356 0.8460568 0.3909915 0.5514107 0.422635 0.5539671 0.422635 0.5540923 0.4228075 0.5540923 0.4228075 0.5542348 0.4229305 0.5511431 0.4229305 0.8461233 0.3934825 0.846054 0.396054 0.8458742 0.3961358 0.5571864 0.4220662 0.5573428 0.4222109 0.55459 0.4227585 0.8461515 0.3990372 0.8460137 0.3991232 0.8460499 0.3962664 0.8460137 0.3991232 0.845835 0.3992241 0.8458742 0.3961358 0.5602328 0.4208802 0.5604146 0.4209916 0.5578214 0.4220657 0.8461468 0.4022688 0.8460103 0.402386 0.8460122 0.3993536 0.8460122 0.3993536 0.8460103 0.402386 0.8458331 0.4025022 0.5608639 0.4205429 0.5629894 0.4191227 0.5631893 0.4191965 0.8461493 0.4027666 0.846179 0.4055732 0.8460443 0.4057171 0.8460443 0.4057171 0.8458684 0.4058442 0.8458331 0.4025022 0.5635426 0.4186688 0.5653501 0.4168612 0.5655606 0.4168946 0.8462468 0.4088232 0.846114 0.4089883 0.8460481 0.4059566 0.8460481 0.4059566 0.846114 0.4089883 0.8459396 0.4091215 0.5658041 0.416308 0.5672243 0.4141826 0.5674372 0.4141742 0.8462601 0.4093016 0.8463478 0.411894 0.846217 0.412074 0.846217 0.412074 0.8460441 0.4122083 0.8459396 0.4091215 0.5675616 0.4135515 0.5685399 0.4111897 0.5687471 0.41114 0.829172 0.4050855 0.8289803 0.4051176 0.8297474 0.4027277 0.8462256 0.4122862 0.8463492 0.4148557 0.8461778 0.414986 0.5692463 0.4079978 0.5694399 0.4079086 0.5688923 0.4106615 0.8290633 0.4055013 0.8285458 0.4079767 0.8283579 0.4080443 0.8283579 0.4080443 0.8281587 0.4081342 0.8287749 0.4051867 0.5693164 0.4072857 0.5693164 0.4047294 0.5694889 0.4046041 0.8281522 0.4111247 0.8279708 0.4112253 0.8283219 0.4082667 0.8279708 0.4112253 0.8277792 0.4113324 0.8281587 0.4081342 0.5687476 0.4015101 0.5688923 0.4013536 0.5694399 0.4041064 0.8280065 0.4144084 0.827834 0.4145382 0.8279525 0.4114613 0.827834 0.4145382 0.8276511 0.4146585 0.8277792 0.4113324 0.5675616 0.3984636 0.567673 0.3982819 0.5687471 0.400875 0.8281141 0.4177018 0.8279525 0.4178556 0.827834 0.4147788 0.8279525 0.4178556 0.8277792 0.4179845 0.8276511 0.4146585 0.5672243 0.3978325 0.5658041 0.395707 0.5658779 0.3955071 0.8281522 0.4181923 0.828471 0.4208782 0.8283219 0.4210502 0.8283219 0.4210502 0.8281587 0.4211828 0.8277792 0.4179845 0.5653501 0.3951539 0.5635426 0.3933463 0.5635759 0.3931358 0.8290633 0.4238156 0.8289279 0.4239992 0.8283579 0.4212726 0.8283579 0.4212726 0.8289279 0.4239992 0.8287749 0.4241302 0.5608639 0.3914722 0.5608556 0.3912592 0.5631893 0.3928185 0.829172 0.4242314 0.8298684 0.4264011 0.8297474 0.4265892 0.8340646 0.4050334 0.8339624 0.4076038 0.8337815 0.4076832 0.5578711 0.3901566 0.5578214 0.3899493 0.5604146 0.3910234 0.8340878 0.407995 0.8340217 0.410588 0.8338827 0.4106722 0.8339555 0.407816 0.8338827 0.4106722 0.8337028 0.4107708 0.5546792 0.3894501 0.55459 0.3892565 0.5573428 0.3898041 0.8339756 0.4138193 0.8338376 0.4139347 0.8338783 0.4109025 0.8338376 0.4139347 0.8336589 0.4140486 0.8337028 0.4107708 0.5539671 0.38938 0.5514107 0.38938 0.5512855 0.3892076 0.8339654 0.4171237 0.8338289 0.4172659 0.8338358 0.4141742 0.8338358 0.4141742 0.8338289 0.4172659 0.8336514 0.4173907 0.5481914 0.3899489 0.548035 0.3898041 0.5507878 0.3892565 0.8339917 0.4203743 0.8338567 0.4205378 0.8338297 0.4175055 0.8338567 0.4205378 0.8336807 0.4206687 0.8336514 0.4173907 0.545145 0.3911348 0.5449633 0.3910234 0.5475564 0.3899493 0.8340533 0.4234462 0.8339202 0.4236246 0.8338602 0.4207681 0.8338602 0.4207681 0.8339202 0.4236246 0.8337456 0.4237566 0.5445139 0.3914722 0.5423884 0.3928924 0.5421885 0.3928185 0.5445222 0.3912592 0.5421885 0.3928185 0.5420017 0.3927955 0.8340168 0.4264077 0.8338437 0.4265357 0.8337456 0.4237566 0.5418353 0.3933463 0.5400277 0.3951539 0.5398172 0.3951205 0.5398172 0.3951205 0.5396295 0.3951343 0.5418156 0.3929481 0.8421069 0.389254 0.8419652 0.391439 0.8417833 0.3914951 0.5395737 0.395707 0.5381535 0.3978325 0.5379406 0.3978408 0.5394999 0.3955071 0.5379406 0.3978408 0.5377592 0.397891 0.8418363 0.3941947 0.841655 0.394273 0.8417833 0.3914951 0.5378162 0.3984636 0.5368379 0.4008253 0.5366307 0.400875 0.8418764 0.3971792 0.8417369 0.3972626 0.8418281 0.3944069 0.8418281 0.3944069 0.8417369 0.3972626 0.8415564 0.39736 0.5366302 0.4015101 0.5361315 0.4040173 0.535938 0.4041064 0.8418095 0.4004102 0.8416709 0.4005247 0.841731 0.3974928 0.8416709 0.4005247 0.8414914 0.4006375 0.8415564 0.39736 0.5360614 0.4047294 0.5360614 0.4072857 0.5358889 0.4074109 0.8417782 0.4037145 0.8416407 0.4038558 0.8416674 0.4007642 0.8416407 0.4038558 0.8414624 0.4039795 0.8414914 0.4006375 0.5366302 0.410505 0.5364855 0.4106615 0.535938 0.4079086 0.8417835 0.4069652 0.8416475 0.4071277 0.8416399 0.4040953 0.8416475 0.4071277 0.8414707 0.4072576 0.8414624 0.4039795 0.5378162 0.4135515 0.5377048 0.4137331 0.5366307 0.41114 0.8418254 0.4100374 0.8416912 0.4102149 0.8416495 0.4073581 0.8416495 0.4073581 0.8416912 0.4102149 0.8415158 0.4103458 0.5396566 0.41624 0.5395737 0.416308 0.5381535 0.4141826 0.6255855 0.4049825 0.6256908 0.4053589 0.6230707 0.4054571 0.6256908 0.4053589 0.625768 0.4058092 0.6231279 0.4059083 0.625768 0.4058092 0.6257961 0.406213 0.6231489 0.4063123 0.6255855 0.4049825 0.6277908 0.4048587 0.6279191 0.4052337 0.6256908 0.4053589 0.6279191 0.4052337 0.6280131 0.4056831 0.6280131 0.4056831 0.6280475 0.4060866 0.6257961 0.406213 0.6277908 0.4048587 0.6295235 0.404713 0.6296699 0.4050865 0.6296699 0.4050865 0.6297771 0.4055349 0.6280131 0.4056831 0.6280131 0.4056831 0.6297771 0.4055349 0.6298163 0.4059379 0.7026128 0.4063667 0.7008801 0.406221 0.7010084 0.405846 0.7010084 0.405846 0.7011024 0.4053965 0.7028663 0.4055448 0.7028663 0.4055448 0.7011024 0.4053965 0.7011367 0.4049931 0.6986748 0.4060971 0.6987801 0.4057208 0.7010084 0.405846 0.7010084 0.405846 0.6987801 0.4057208 0.6988572 0.4052705 0.6988572 0.4052705 0.6988855 0.4048667 0.7011367 0.4049931 0.6960817 0.4059998 0.6961599 0.4056225 0.6987801 0.4057208 0.6987801 0.4057208 0.6961599 0.4056225 0.6962172 0.4051714 0.6962172 0.4051714 0.6962382 0.4047673 0.6988855 0.4048667 0.6932004 0.4059328 0.6932485 0.4055548 0.6961599 0.4056225 0.6932485 0.4055548 0.6932838 0.4051032 0.6962172 0.4051714 0.6962172 0.4051714 0.6932838 0.4051032 0.6932967 0.4046989 0.6901415 0.4058986 0.6901578 0.4055203 0.6932485 0.4055548 0.6932485 0.4055548 0.6901578 0.4055203 0.6901697 0.4050683 0.6901697 0.4050683 0.6901741 0.404664 0.6932967 0.4046989 0.6870228 0.4058986 0.6870065 0.4055203 0.6901578 0.4055203 0.6870065 0.4055203 0.6869946 0.4050683 0.6901697 0.4050683 0.6869946 0.4050683 0.6869902 0.404664 0.6901741 0.404664 0.6870228 0.4058986 0.683964 0.4059328 0.6839158 0.4055548 0.6870065 0.4055203 0.6839158 0.4055548 0.6838805 0.4051032 0.6838805 0.4051032 0.6838676 0.4046989 0.6869902 0.404664 0.683964 0.4059328 0.6810826 0.4059998 0.6810044 0.4056225 0.6810044 0.4056225 0.6809471 0.4051714 0.6838805 0.4051032 0.6838805 0.4051032 0.6809471 0.4051714 0.6809261 0.4047673 0.7483188 0.4065808 0.745908 0.4058069 0.7460002 0.4054127 0.6783842 0.4057208 0.6783071 0.4052705 0.6809471 0.4051714 0.6809471 0.4051714 0.6783071 0.4052705 0.6782789 0.4048667 0.7431575 0.4052319 0.7432211 0.4048317 0.7460002 0.4054127 0.7460002 0.4054127 0.7432211 0.4048317 0.7432675 0.4043775 0.7432675 0.4043775 0.7432846 0.403991 0.7460924 0.404578 0.7401731 0.4048778 0.7402055 0.4044739 0.7432211 0.4048317 0.7432211 0.4048317 0.7402055 0.4044739 0.7402291 0.404017 0.7402291 0.404017 0.7402378 0.4036295 0.7432846 0.403991 0.7370693 0.4047582 0.7370693 0.404353 0.7402055 0.4044739 0.7370693 0.404353 0.7370693 0.4038953 0.7402291 0.404017 0.7402291 0.404017 0.7370693 0.4038953 0.7370693 0.4035074 0.7339656 0.4048778 0.7339332 0.4044739 0.7370693 0.404353 0.7370693 0.404353 0.7339332 0.4044739 0.7339095 0.404017 0.7339095 0.404017 0.7339009 0.4036295 0.7370693 0.4035074 0.7309812 0.4052319 0.7309176 0.4048317 0.7339332 0.4044739 0.7309176 0.4048317 0.7308712 0.4043775 0.7339095 0.404017 0.7308712 0.4043775 0.7308541 0.403991 0.7339009 0.4036295 0.7309812 0.4052319 0.7282307 0.4058069 0.7281385 0.4054127 0.7309176 0.4048317 0.7281385 0.4054127 0.7280709 0.4049629 0.7280709 0.4049629 0.7280462 0.404578 0.7308541 0.403991 0.7282307 0.4058069 0.7258198 0.4065808 0.7257025 0.4061947 0.7686395 0.4056225 0.7686968 0.4051714 0.7713368 0.4052705 0.7713368 0.4052705 0.7686968 0.4051714 0.7687177 0.4047673 0.7685613 0.4059998 0.7656799 0.4059328 0.7657281 0.4055548 0.7657281 0.4055548 0.7657634 0.4051032 0.7686968 0.4051714 0.7686968 0.4051714 0.7657634 0.4051032 0.7657763 0.4046989 0.7626211 0.4058986 0.7626373 0.4055203 0.7657281 0.4055548 0.7657281 0.4055548 0.7626373 0.4055203 0.7626492 0.4050683 0.7626492 0.4050683 0.7626536 0.404664 0.7657763 0.4046989 0.7595024 0.4058986 0.7594861 0.4055203 0.7626373 0.4055203 0.7626373 0.4055203 0.7594861 0.4055203 0.7594742 0.4050683 0.7594742 0.4050683 0.7594698 0.404664 0.7626536 0.404664 0.7564435 0.4059328 0.7563953 0.4055548 0.7594861 0.4055203 0.7563953 0.4055548 0.7563601 0.4051032 0.7594742 0.4050683 0.7594742 0.4050683 0.7563601 0.4051032 0.7563471 0.4046989 0.7535622 0.4059998 0.7534839 0.4056225 0.7563953 0.4055548 0.7563953 0.4055548 0.7534839 0.4056225 0.7534266 0.4051714 0.7534266 0.4051714 0.7534057 0.4047673 0.7563471 0.4046989 0.7509691 0.4060971 0.7508637 0.4057208 0.7534839 0.4056225 0.7508637 0.4057208 0.7507867 0.4052705 0.7534266 0.4051714 0.7507867 0.4052705 0.7507584 0.4048667 0.7534057 0.4047673 0.6031949 0.4048587 0.6054002 0.4049825 0.6052949 0.4053589 0.6030666 0.4052337 0.6052949 0.4053589 0.6052178 0.4058092 0.6052178 0.4058092 0.6051896 0.406213 0.6029383 0.4060866 0.6054002 0.4049825 0.6079933 0.4050799 0.6079151 0.4054571 0.6079151 0.4054571 0.6078578 0.4059083 0.6052178 0.4058092 0.6052178 0.4058092 0.6078578 0.4059083 0.6078369 0.4063124 0.6079933 0.4050799 0.6108747 0.4051468 0.6108265 0.4055249 0.6108265 0.4055249 0.6107912 0.4059765 0.6078578 0.4059083 0.6078578 0.4059083 0.6107912 0.4059765 0.6107783 0.4063808 0.6139335 0.4051811 0.6139172 0.4055594 0.6108265 0.4055249 0.6108265 0.4055249 0.6139172 0.4055594 0.6139053 0.4060113 0.6139053 0.4060113 0.613901 0.4064157 0.6107783 0.4063808 0.6170522 0.4051811 0.6170685 0.4055594 0.6139172 0.4055594 0.6139172 0.4055594 0.6170685 0.4055594 0.6170804 0.4060113 0.6170804 0.4060113 0.6170848 0.4064157 0.613901 0.4064157 0.6201111 0.4051468 0.6201592 0.4055249 0.6170685 0.4055594 0.6201592 0.4055249 0.6201945 0.4059765 0.6170804 0.4060113 0.6170804 0.4060113 0.6201945 0.4059765 0.6202074 0.4063808 0.6229924 0.4050799 0.6230707 0.4054571 0.6201592 0.4055249 0.6201592 0.4055249 0.6230707 0.4054571 0.6231279 0.4059083 0.6231279 0.4059083 0.6231489 0.4063123 0.6202074 0.4063808 0.6257961 0.406213 0.6257961 0.4214186 0.6231489 0.4215179 0.8257276 0.4001891 0.8258393 0.4000974 0.8267719 0.40103 0.8258393 0.4000974 0.8259985 0.3999667 0.8269026 0.4008709 0.8259985 0.3999667 0.8261625 0.3998321 0.8270372 0.4007068 0.8266803 0.4011418 0.8267719 0.40103 0.8278686 0.4017629 0.8267719 0.40103 0.8269026 0.4008709 0.8279657 0.4015812 0.8269026 0.4008709 0.8270372 0.4007068 0.8280657 0.4013941 0.8290452 0.4024059 0.8278005 0.4018903 0.8278686 0.4017629 0.8290872 0.4022676 0.8278686 0.4017629 0.8279657 0.4015812 0.829147 0.4020705 0.8279657 0.4015812 0.8280657 0.4013941 0.8290452 0.4024059 0.8290872 0.4022676 0.8303808 0.4025249 0.8290872 0.4022676 0.829147 0.4020705 0.830401 0.4023199 0.829147 0.4020705 0.8292086 0.4018675 0.8304218 0.4021088 0.831714 0.4026687 0.8303667 0.4026687 0.8303808 0.4025249 0.8303808 0.4025249 0.830401 0.4023199 0.8316796 0.4023199 0.8316796 0.4023199 0.830401 0.4023199 0.8304218 0.4021088 0.831714 0.4026687 0.8316998 0.4025249 0.8329935 0.4022676 0.8316998 0.4025249 0.8316796 0.4023199 0.8329337 0.4020705 0.8316796 0.4023199 0.8316588 0.4021088 0.832872 0.4018675 0.6905772 0.4217502 0.6918219 0.4217792 0.6917539 0.4219466 0.834212 0.4017629 0.8329935 0.4022676 0.8329337 0.4020705 0.8341149 0.4015812 0.8329337 0.4020705 0.832872 0.4018675 0.6892558 0.4217355 0.6905772 0.4217502 0.6905353 0.4219182 0.8353087 0.40103 0.834212 0.4017629 0.8341149 0.4015812 0.835178 0.4008709 0.8341149 0.4015812 0.8340149 0.4013941 0.6892558 0.4217355 0.6892417 0.4219038 0.6879227 0.4219038 0.8353087 0.40103 0.835178 0.4008709 0.8360822 0.3999667 0.835178 0.4008709 0.8350434 0.4007068 0.8359181 0.3998321 0.6879085 0.4217355 0.6879227 0.4219038 0.686629 0.4219182 0.8362414 0.4000974 0.8360822 0.3999667 0.8367925 0.3989036 0.8360822 0.3999667 0.8359181 0.3998321 0.8366054 0.3988036 0.6853423 0.4217792 0.6865871 0.4217502 0.686629 0.4219182 0.8374789 0.3977821 0.8369742 0.3990007 0.8367925 0.3989036 0.8372818 0.3977223 0.8367925 0.3989036 0.8366054 0.3988036 0.7419291 0.4232127 0.741827 0.4234004 0.7408074 0.4230731 0.8377362 0.3964885 0.8374789 0.3977821 0.8372818 0.3977223 0.8372818 0.3977223 0.8370788 0.3976607 0.8373201 0.3964475 0.7408877 0.4228783 0.7408074 0.4230731 0.7396441 0.4228299 0.8377362 0.3951695 0.8377362 0.3964885 0.8375313 0.3964683 0.8375313 0.3951897 0.8375313 0.3964683 0.8373201 0.3964475 0.7396994 0.42263 0.7396441 0.4228299 0.738382 0.4226801 0.8377362 0.3951695 0.8375313 0.3951897 0.8372818 0.3939357 0.8375313 0.3951897 0.8373201 0.3952105 0.8370788 0.3939973 0.7370693 0.4224253 0.7384102 0.422477 0.738382 0.4226801 0.8369742 0.3926573 0.8374789 0.3938759 0.8372818 0.3939357 0.8367925 0.3927544 0.8372818 0.3939357 0.8370788 0.3939973 0.7357285 0.422477 0.7370693 0.4224253 0.7370693 0.4226295 0.8362414 0.3915606 0.8369742 0.3926573 0.8367925 0.3927544 0.8360822 0.3916913 0.8367925 0.3927544 0.8366054 0.3928544 0.7357285 0.422477 0.7357567 0.4226801 0.7344945 0.4228299 0.8362414 0.3915606 0.8360822 0.3916913 0.835178 0.3907871 0.8360822 0.3916913 0.8359181 0.3918259 0.8350434 0.3909512 0.7344392 0.42263 0.7344945 0.4228299 0.7333313 0.4230731 0.8353087 0.390628 0.835178 0.3907871 0.8341149 0.3900768 0.835178 0.3907871 0.8350434 0.3909512 0.8340149 0.3902639 0.7322095 0.4232127 0.733251 0.4228783 0.7333313 0.4230731 0.8329935 0.3893904 0.834212 0.3898952 0.8341149 0.3900768 0.8329337 0.3895875 0.8341149 0.3900768 0.8340149 0.3902639 0.7643015 0.4217792 0.7642334 0.4219465 0.7630148 0.4219182 0.8316998 0.3891331 0.8329935 0.3893904 0.8329337 0.3895875 0.8316796 0.3893381 0.8329337 0.3895875 0.832872 0.3897905 0.7617353 0.4217354 0.7630568 0.4217502 0.7630148 0.4219182 0.8303808 0.3891331 0.8316998 0.3891331 0.8316796 0.3893381 0.830401 0.3893381 0.8316796 0.3893381 0.8316588 0.3895492 0.7617353 0.4217354 0.7617212 0.4219037 0.7604022 0.4219037 0.8303808 0.3891331 0.830401 0.3893381 0.829147 0.3895875 0.830401 0.3893381 0.8304218 0.3895492 0.8292086 0.3897905 0.7590667 0.4217502 0.760388 0.4217354 0.7604022 0.4219037 0.8278687 0.3898952 0.8290872 0.3893904 0.829147 0.3895875 0.8279657 0.3900768 0.829147 0.3895875 0.8292086 0.3897905 0.7578219 0.4217792 0.7590667 0.4217502 0.7591086 0.4219182 0.8267719 0.3906279 0.8278687 0.3898952 0.8279657 0.3900768 0.8269026 0.3907871 0.8279657 0.3900768 0.8280658 0.3902639 0.8266803 0.3905162 0.8267719 0.3906279 0.8258393 0.3915606 0.8267719 0.3906279 0.8269026 0.3907871 0.8259985 0.3916913 0.8269026 0.3907871 0.8270372 0.3909512 0.8261625 0.3918259 0.8257276 0.391469 0.8258393 0.3915606 0.8251065 0.3926573 0.8258393 0.3915606 0.8259985 0.3916913 0.8252881 0.3927544 0.8259985 0.3916913 0.8261625 0.3918259 0.8254753 0.3928544 0.8244634 0.3938339 0.824979 0.3925892 0.8251065 0.3926573 0.8246017 0.3938759 0.8251065 0.3926573 0.8252881 0.3927544 0.8247988 0.3939357 0.8252881 0.3927544 0.8254753 0.3928544 0.612253 0.3893005 0.6123211 0.3891331 0.6135398 0.3891615 0.8246017 0.3938759 0.8247988 0.3939357 0.8245494 0.3951897 0.8247988 0.3939357 0.8250019 0.3939973 0.8247606 0.3952105 0.6134978 0.3893294 0.6135398 0.3891615 0.6148334 0.3891759 0.8243444 0.3951695 0.8245494 0.3951897 0.8245494 0.3964683 0.8245494 0.3951897 0.8247606 0.3952105 0.8247606 0.3964475 0.6148192 0.3893442 0.6148334 0.3891759 0.6161524 0.3891759 0.8243444 0.3964885 0.8245494 0.3964683 0.8247988 0.3977223 0.8245494 0.3964683 0.8247606 0.3964475 0.8250018 0.3976607 0.6174879 0.3893294 0.6161665 0.3893442 0.6161524 0.3891759 0.8251065 0.3990007 0.8246017 0.3977821 0.8247988 0.3977223 0.8252881 0.3989036 0.8247988 0.3977223 0.8250018 0.3976607 0.6187327 0.3893005 0.6174879 0.3893294 0.617446 0.3891615 0.8258393 0.4000974 0.8251065 0.3990007 0.8252881 0.3989036 0.8259985 0.3999667 0.8252881 0.3989036 0.8254753 0.3988036 0.6187327 0.3893005 0.6198529 0.3892585 0.6255855 0.4049825 0.7896693 0.4176464 0.7894748 0.4177632 0.789306 0.4176746 0.5849928 0.4204831 0.5851942 0.4207053 0.5849171 0.4206992 0.5849824 0.4209882 0.5849171 0.4206992 0.5851942 0.4207053 0.5845357 0.4209441 0.5846562 0.4206735 0.5849171 0.4206992 0.5843832 0.4206255 0.5846562 0.4206735 0.5845357 0.4209441 0.5846241 0.4204468 0.584802 0.4205303 0.5846562 0.4206735 0.5820478 0.4204493 0.58204 0.4201531 0.5823106 0.4202132 0.5820478 0.4204493 0.5816182 0.4203189 0.5817891 0.420077 0.5815308 0.4199766 0.5817891 0.420077 0.5816182 0.4203189 0.581802 0.4198483 0.5819601 0.419965 0.5817891 0.420077 0.7868983 0.4179603 0.786702 0.4180922 0.786556 0.4180157 0.5821564 0.4199559 0.5823106 0.4202132 0.58204 0.4201531 0.5792746 0.4193482 0.5793248 0.4190562 0.5795785 0.4191679 0.5788787 0.4191366 0.5790936 0.4189327 0.5793248 0.4190562 0.5788598 0.4187838 0.5790936 0.4189327 0.5788787 0.4191366 0.5791507 0.4187109 0.5792831 0.4188562 0.5790936 0.4189327 0.7048344 0.3892624 0.7049358 0.3891331 0.7051207 0.3892756 0.5794774 0.4188855 0.5795785 0.4191679 0.5793248 0.4190562 0.5767695 0.4177273 0.5768757 0.4174507 0.5771027 0.4176098 0.5764225 0.4174425 0.576673 0.4172844 0.5768757 0.4174507 0.5764728 0.4170928 0.576673 0.4172844 0.5764225 0.4174425 0.5767723 0.417078 0.5768738 0.4172464 0.576673 0.4172844 0.7072127 0.3893541 0.7073451 0.3892235 0.7075394 0.3893639 0.5770587 0.417313 0.5771027 0.4176098 0.5768757 0.4174507 0.5746288 0.4156488 0.5747869 0.4153982 0.5749785 0.4155986 0.574344 0.4153018 0.5746206 0.4151956 0.5747869 0.4153982 0.5744615 0.4149686 0.5746206 0.4151956 0.574344 0.4153018 0.5747582 0.4150126 0.5748249 0.4151974 0.5746206 0.4151956 0.7098639 0.389418 0.710022 0.3892858 0.7102184 0.389424 0.5749933 0.4152989 0.5749785 0.4155986 0.5747869 0.4153982 0.5729348 0.4131926 0.5731387 0.4129778 0.5732876 0.4132116 0.5729348 0.4131926 0.5727231 0.4127967 0.5730151 0.4127466 0.5729034 0.4124928 0.5730151 0.4127466 0.5727231 0.4127967 0.5731858 0.4125939 0.5732151 0.4127882 0.5730151 0.4127466 0.7126861 0.3894516 0.7128639 0.3893175 0.7130547 0.3894537 0.5733605 0.4129206 0.5732876 0.4132116 0.5731387 0.4129778 0.5717524 0.4104532 0.5719943 0.4102821 0.5720947 0.4105405 0.5717524 0.4104532 0.5716221 0.4100236 0.5719182 0.4100313 0.5718581 0.4097607 0.5719182 0.4100313 0.5716221 0.4100236 0.5721154 0.4099149 0.5721063 0.4101112 0.5719182 0.4100313 0.7155708 0.3894537 0.7157616 0.3893175 0.7159394 0.3894516 0.572223 0.4102694 0.5720947 0.4105405 0.5719943 0.4102821 0.5711272 0.4075356 0.5713978 0.4074152 0.5714459 0.4076882 0.5711272 0.4075356 0.5710832 0.4070889 0.5713721 0.4071543 0.571366 0.4068771 0.5713721 0.4071543 0.5710832 0.4070889 0.5715883 0.4070786 0.571541 0.4072693 0.5713721 0.4071543 0.7184071 0.389424 0.7186034 0.3892858 0.7187616 0.389418 0.5716246 0.4074472 0.5714459 0.4076882 0.5713978 0.4074152 0.5710832 0.4045522 0.5713721 0.4044868 0.571366 0.4047639 0.5710832 0.4045522 0.5711272 0.4041054 0.5713978 0.404226 0.5714459 0.4039529 0.5713978 0.404226 0.5711272 0.4041054 0.5716246 0.4041939 0.571541 0.4043717 0.5713978 0.404226 0.7210861 0.3893639 0.7212804 0.3892235 0.7214128 0.3893541 0.5715883 0.4045625 0.571366 0.4047639 0.5713721 0.4044868 0.5716221 0.4016175 0.5719182 0.4016098 0.5718581 0.4018804 0.5716221 0.4016175 0.5717524 0.401188 0.5719943 0.4013589 0.5720947 0.4011005 0.5719943 0.4013589 0.5717524 0.401188 0.572223 0.4013717 0.5721063 0.4015299 0.5719943 0.4013589 0.7235048 0.3892756 0.7236897 0.3891331 0.7237911 0.3892624 0.5721154 0.4017262 0.5718581 0.4018804 0.5719182 0.4016098 0.5727231 0.3988444 0.573015 0.3988946 0.5729033 0.3991482 0.5729347 0.3984485 0.5731387 0.3986634 0.573015 0.3988946 0.5732876 0.3984295 0.5731387 0.3986634 0.5729347 0.3984485 0.5733605 0.3987205 0.5732151 0.3988528 0.5731387 0.3986634 0.655887 0.3893774 0.6559885 0.3892481 0.6561734 0.3893907 0.5731858 0.3990472 0.5729033 0.3991482 0.573015 0.3988946 0.574344 0.3963393 0.5746206 0.3964455 0.5744615 0.3966725 0.5746288 0.3959923 0.5747869 0.3962428 0.5746206 0.3964455 0.5749785 0.3960425 0.5747869 0.3962428 0.5746288 0.3959923 0.5749933 0.3963421 0.5748249 0.3964436 0.5747869 0.3962428 0.6582654 0.3894692 0.6583977 0.3893386 0.6585921 0.3894789 0.5747582 0.3966285 0.5744615 0.3966725 0.5746206 0.3964455 0.5764225 0.3941985 0.576673 0.3943567 0.5764728 0.3945483 0.5764225 0.3941985 0.5767695 0.3939138 0.5768757 0.3941903 0.5771027 0.3940313 0.5768757 0.3941903 0.5767695 0.3939138 0.5770587 0.394328 0.5768738 0.3943947 0.5768757 0.3941903 0.6609165 0.3895331 0.6610747 0.3894008 0.661271 0.3895391 0.5767723 0.394563 0.5764728 0.3945483 0.576673 0.3943567 0.5788787 0.3925045 0.5790936 0.3927084 0.5788598 0.3928573 0.5792746 0.3922929 0.5793247 0.3925848 0.5790936 0.3927084 0.5795785 0.3924731 0.5793247 0.3925848 0.5792746 0.3922929 0.5794774 0.3927556 0.5792831 0.3927849 0.5793247 0.3925848 0.6637387 0.3895666 0.6639166 0.3894326 0.6641074 0.3895687 0.5791507 0.3929302 0.5788598 0.3928573 0.5790936 0.3927084 0.5816182 0.3913221 0.5817891 0.391564 0.5815308 0.3916645 0.5816182 0.3913221 0.5820477 0.3911918 0.58204 0.391488 0.5823106 0.3914279 0.58204 0.391488 0.5820477 0.3911918 0.5821564 0.3916852 0.5819601 0.3916761 0.58204 0.391488 0.6666234 0.3895687 0.6668142 0.3894326 0.6669921 0.3895666 0.5818019 0.3917927 0.5815308 0.3916645 0.5817891 0.391564 0.5845357 0.390697 0.5846562 0.3909676 0.5843831 0.3910157 0.5849824 0.390653 0.5849171 0.3909419 0.5846562 0.3909676 0.5851942 0.3909358 0.5849171 0.3909419 0.5849824 0.390653 0.5849928 0.391158 0.584802 0.3911108 0.5849171 0.3909419 0.6694598 0.3895391 0.669656 0.3894008 0.6698142 0.3895331 0.5846241 0.3911944 0.5843831 0.3910157 0.5846562 0.3909676 0.5875191 0.390653 0.5875845 0.3909419 0.5873073 0.3909358 0.5879659 0.390697 0.5878454 0.3909676 0.5875845 0.3909419 0.5881184 0.3910157 0.5878454 0.3909676 0.5879659 0.390697 0.5878775 0.3911944 0.5876995 0.3911108 0.5878454 0.3909676 0.6721388 0.3894789 0.6723331 0.3893386 0.6724655 0.3894692 0.5875088 0.391158 0.5873073 0.3909358 0.5875845 0.3909419 0.5904538 0.3911918 0.5904616 0.391488 0.5901909 0.3914279 0.5904538 0.3911918 0.5908834 0.3913221 0.5907124 0.391564 0.5909708 0.3916645 0.5907124 0.391564 0.5908834 0.3913221 0.5906996 0.3917927 0.5905414 0.3916761 0.5907124 0.391564 0.6745575 0.3893907 0.6747423 0.3892481 0.6748438 0.3893774 0.5903452 0.3916852 0.5901909 0.3914279 0.5904616 0.391488 0.593227 0.3922929 0.5931768 0.3925848 0.5929231 0.3924731 0.5936228 0.3925045 0.593408 0.3927084 0.5931768 0.3925848 0.5936418 0.3928573 0.593408 0.3927084 0.5936228 0.3925045 0.5933508 0.3929302 0.5932185 0.3927849 0.593408 0.3927084 0.6766229 0.3892775 0.6767912 0.3891331 0.6768579 0.3892614 0.5930241 0.3927556 0.5929231 0.3924731 0.5931768 0.3925848 0.595732 0.3939138 0.5956259 0.3941903 0.5953988 0.3940313 0.596079 0.3941985 0.5958285 0.3943567 0.5956259 0.3941903 0.5960288 0.3945483 0.5958285 0.3943567 0.596079 0.3941985 0.5957292 0.394563 0.5956277 0.3943947 0.5958285 0.3943567 0.6540467 0.4242724 0.6540163 0.4244 0.6538722 0.4242526 0.5954428 0.394328 0.5953988 0.3940313 0.5956259 0.3941903 0.5978727 0.3959923 0.5977147 0.3962428 0.597523 0.3960425 0.5981575 0.3963392 0.597881 0.3964455 0.5977147 0.3962428 0.59804 0.3966725 0.597881 0.3964455 0.5981575 0.3963392 0.5977433 0.3966284 0.5976766 0.3964436 0.597881 0.3964455 0.6524753 0.4241242 0.6524076 0.424252 0.6522405 0.4241062 0.5975083 0.3963421 0.597523 0.3960425 0.5977147 0.3962428 0.5995668 0.3984485 0.5993629 0.3986634 0.599214 0.3984295 0.5995668 0.3984485 0.5997784 0.3988444 0.5994865 0.3988945 0.5995982 0.3991482 0.5994865 0.3988945 0.5997784 0.3988444 0.5993158 0.3990471 0.5992864 0.3988528 0.5994865 0.3988945 0.6504622 0.4239923 0.6503597 0.4241209 0.6501759 0.4239769 0.5991411 0.3987205 0.599214 0.3984295 0.5993629 0.3986634 0.6007492 0.401188 0.6005073 0.4013589 0.6004068 0.4011005 0.6007492 0.401188 0.6008795 0.4016175 0.6005834 0.4016098 0.6006434 0.4018804 0.6005834 0.4016098 0.6008795 0.4016175 0.6003862 0.4017262 0.6003953 0.4015299 0.6005834 0.4016098 0.6480847 0.423882 0.6479513 0.4240115 0.647758 0.4238696 0.6002786 0.4013717 0.6004068 0.4011005 0.6005073 0.4013589 0.6013744 0.4041054 0.6011037 0.404226 0.6010557 0.4039529 0.6013744 0.4041054 0.6014184 0.4045522 0.6011294 0.4044868 0.6011356 0.4047639 0.6011294 0.4044868 0.6014184 0.4045522 0.6009133 0.4045625 0.6009605 0.4043717 0.6011294 0.4044868 0.645434 0.4237973 0.6452748 0.4239282 0.6450796 0.4237884 0.600877 0.4041938 0.6010557 0.4039529 0.6011037 0.404226 0.6014184 0.4070889 0.6011294 0.4071542 0.6011356 0.4068771 0.6014184 0.4070889 0.6013744 0.4075356 0.6011037 0.4074151 0.6010557 0.4076882 0.6011037 0.4074151 0.6013744 0.4075356 0.600877 0.4074472 0.6009605 0.4072693 0.6011037 0.4074151 0.6426122 0.4237415 0.6424332 0.4238741 0.6422435 0.4237366 0.6009133 0.4070785 0.6011356 0.4068771 0.6011294 0.4071542 0.6008795 0.4100236 0.6005834 0.4100313 0.6006434 0.4097607 0.6008795 0.4100236 0.6007492 0.4104531 0.6005073 0.4102821 0.6004068 0.4105405 0.6005073 0.4102821 0.6007492 0.4104531 0.6002786 0.4102694 0.6003953 0.4101112 0.6005073 0.4102821 0.6397276 0.4237168 0.6395357 0.4238514 0.6393589 0.423716 0.6003862 0.4099149 0.6006434 0.4097607 0.6005834 0.4100313 0.5997784 0.4127967 0.5994865 0.4127466 0.5995982 0.4124928 0.5995668 0.4131926 0.5993629 0.4129778 0.5994865 0.4127466 0.599214 0.4132115 0.5993629 0.4129778 0.5995668 0.4131926 0.5991411 0.4129206 0.5992864 0.4127882 0.5993629 0.4129778 0.6368911 0.4237241 0.6366937 0.4238608 0.6365366 0.4237274 0.5993158 0.4125939 0.5995982 0.4124928 0.5994865 0.4127466 0.5981575 0.4153018 0.597881 0.4151956 0.59804 0.4149686 0.5978727 0.4156488 0.5977147 0.4153982 0.597881 0.4151956 0.597523 0.4155985 0.5977147 0.4153982 0.5978727 0.4156488 0.5975083 0.4152989 0.5976766 0.4151974 0.5977147 0.4153982 0.6342117 0.4237632 0.6340163 0.423902 0.6338849 0.4237704 0.5977433 0.4150126 0.59804 0.4149686 0.597881 0.4151956 0.5960791 0.4174425 0.5958285 0.4172844 0.5960288 0.4170928 0.595732 0.4177272 0.5956259 0.4174507 0.5958285 0.4172844 0.5953988 0.4176098 0.5956259 0.4174507 0.595732 0.4177272 0.5954428 0.417313 0.5956277 0.4172464 0.5956259 0.4174507 0.6317924 0.4238325 0.6316064 0.4239736 0.631506 0.4238435 0.5957292 0.417078 0.5960288 0.4170928 0.5958285 0.4172844 0.5936229 0.4191366 0.593408 0.4189327 0.5936418 0.4187838 0.5936229 0.4191366 0.593227 0.4193482 0.5931768 0.4190562 0.5929231 0.4191679 0.5931768 0.4190562 0.593227 0.4193482 0.5930241 0.4188855 0.5932185 0.4188562 0.5931768 0.4190562 0.7981608 0.4180157 0.7980148 0.4180922 0.7978186 0.4179603 0.5933508 0.4187109 0.5936418 0.4187838 0.593408 0.4189327 0.5908834 0.4203189 0.5907124 0.420077 0.5909708 0.4199766 0.5908834 0.4203189 0.5904538 0.4204493 0.5904616 0.4201531 0.5901909 0.4202132 0.5904616 0.4201531 0.5904538 0.4204493 0.5903452 0.4199559 0.5905415 0.419965 0.5904616 0.4201531 0.7954109 0.4176746 0.7952421 0.4177632 0.7950476 0.4176464 0.5906996 0.4198483 0.5909708 0.4199766 0.5907124 0.420077 0.5879659 0.4209441 0.5878454 0.4206735 0.5881184 0.4206254 0.5875191 0.4209882 0.5875845 0.4206992 0.5878454 0.4206735 0.5873073 0.4207053 0.5875845 0.4206992 0.5875191 0.4209882 0.5875088 0.4204831 0.5876995 0.4205303 0.5875845 0.4206992 0.7925437 0.4175499 0.7923584 0.4176521 0.7921732 0.4175499 0.5878775 0.4204468 0.5881184 0.4206254 0.5878454 0.4206735 0.5844408 0.4219072 0.5844977 0.4222211 0.5842087 0.4221898 0.5844408 0.4219072 0.5848876 0.4219512 0.5847706 0.4222479 0.5850601 0.4222736 0.5847706 0.4222479 0.5848876 0.4219512 0.5848132 0.422508 0.5846168 0.4224104 0.5847706 0.4222479 0.8379266 0.4103538 0.8377883 0.410135 0.8379188 0.409992 0.5844052 0.4224678 0.5842087 0.4221898 0.5844977 0.4222211 0.8380074 0.4130621 0.8378667 0.412853 0.8379955 0.4127451 0.5811929 0.4217879 0.5810545 0.4214769 0.5813319 0.4215639 0.5813373 0.421245 0.5813319 0.4215639 0.5810545 0.4214769 0.5813373 0.421245 0.5817669 0.4213753 0.5815942 0.4216435 0.5818731 0.4217252 0.5815942 0.4216435 0.5817669 0.4213753 0.5815853 0.4219069 0.5814117 0.4217729 0.5815942 0.4216435 0.8381195 0.4153563 0.8379765 0.4151648 0.838104 0.4150961 0.578175 0.4204943 0.5780999 0.4201623 0.578355 0.4203017 0.5784225 0.4199901 0.578355 0.4203017 0.5780999 0.4201623 0.5788184 0.4202017 0.5785968 0.420431 0.578355 0.4203017 0.5788544 0.4205656 0.5785968 0.420431 0.5788184 0.4202017 0.5785366 0.4206876 0.5783925 0.4205223 0.5785968 0.420431 0.5754675 0.4186369 0.5756754 0.4187067 0.5757845 0.418897 0.5754675 0.4186369 0.5754586 0.4182966 0.5756815 0.4184831 0.5758086 0.4181905 0.5756815 0.4184831 0.5754586 0.4182966 0.5758086 0.4181905 0.5761556 0.4184753 0.5758935 0.4186571 0.5761199 0.4188393 0.5758935 0.4186571 0.5761556 0.4184753 0.5757845 0.418897 0.5756754 0.4187067 0.5758935 0.4186571 0.8424534 0.3913921 0.8423258 0.3913235 0.8424685 0.3911318 0.5731744 0.4162869 0.5732321 0.4159514 0.5734143 0.4161779 0.573596 0.4159157 0.5734143 0.4161779 0.5732321 0.4159514 0.573596 0.4159157 0.5738807 0.4162627 0.5735882 0.4163898 0.5737748 0.4166127 0.5735882 0.4163898 0.5738807 0.4162627 0.5734345 0.4166038 0.5733646 0.416396 0.5735882 0.4163898 0.8423494 0.3937433 0.8422204 0.3936355 0.8423607 0.3934262 0.5713837 0.4135347 0.5715057 0.4132169 0.5716403 0.4134746 0.5718697 0.4132529 0.5716403 0.4134746 0.5715057 0.4132169 0.5718697 0.4132529 0.5720813 0.4136488 0.5717695 0.4137164 0.571909 0.4139714 0.5717695 0.4137164 0.5720813 0.4136488 0.571577 0.4138963 0.571549 0.4136788 0.5717695 0.4137164 0.842278 0.3964964 0.8421472 0.3963537 0.842285 0.3961347 0.5701645 0.4104861 0.5703461 0.4101982 0.5704278 0.4104771 0.570696 0.4103045 0.5704278 0.4104771 0.5703461 0.4101982 0.5708263 0.4107341 0.5705074 0.4107395 0.5704278 0.4104771 0.5705944 0.4110168 0.5705074 0.4107395 0.5708263 0.4107341 0.5702835 0.4108784 0.5702984 0.4106596 0.5705074 0.4107395 0.8422418 0.3995456 0.8421089 0.3993734 0.8422443 0.3991532 0.5695633 0.4072581 0.5697976 0.4070112 0.5698234 0.4073007 0.5701201 0.4071837 0.5698234 0.4073007 0.5697976 0.4070112 0.5701641 0.4076305 0.5698503 0.4075736 0.5698234 0.4073007 0.5698815 0.4078626 0.5698503 0.4075736 0.5701641 0.4076305 0.5696035 0.4076662 0.5696609 0.4074545 0.5698503 0.4075736 0.8422421 0.4027737 0.8421069 0.4025787 0.84224 0.4023656 0.5696035 0.4039749 0.5698815 0.4037785 0.5698503 0.4040675 0.5701641 0.4040106 0.5698503 0.4040675 0.5698815 0.4037785 0.5701641 0.4040106 0.5701201 0.4044573 0.5698234 0.4043403 0.5697976 0.4046298 0.5698234 0.4043403 0.5701201 0.4044573 0.5695633 0.404383 0.5696609 0.4041866 0.5698234 0.4043403 0.8422791 0.4060567 0.8421415 0.4058465 0.8422725 0.4056487 0.5702834 0.4007627 0.5705944 0.4006242 0.5705074 0.4009016 0.5708263 0.400907 0.5705074 0.4009016 0.5705944 0.4006242 0.5708263 0.400907 0.570696 0.4013366 0.5704278 0.4011639 0.5703461 0.4014429 0.5704278 0.4011639 0.570696 0.4013366 0.5701645 0.4011551 0.5702984 0.4009814 0.5704278 0.4011639 0.8423512 0.4092683 0.8422111 0.409051 0.8423404 0.4088761 0.571577 0.3977448 0.571909 0.3976697 0.5717695 0.3979247 0.5720813 0.3979923 0.5717695 0.3979247 0.571909 0.3976697 0.5718697 0.3983882 0.5716403 0.3981665 0.5717695 0.3979247 0.5715057 0.3984242 0.5716403 0.3981665 0.5718697 0.3983882 0.5713837 0.3981064 0.571549 0.3979623 0.5716403 0.3981665 0.8424558 0.4122853 0.8423133 0.4120693 0.8424411 0.4119238 0.5734345 0.3950372 0.5737747 0.3950284 0.5735882 0.3952513 0.5738807 0.3953784 0.5735882 0.3952513 0.5737747 0.3950284 0.573596 0.3957254 0.5734143 0.3954632 0.5735882 0.3952513 0.573232 0.3956897 0.5734143 0.3954632 0.573596 0.3957254 0.5731744 0.3953542 0.5733646 0.3952451 0.5734143 0.3954632 0.8425887 0.4149916 0.842444 0.4147852 0.8425707 0.4146748 0.5757845 0.3927441 0.5761199 0.3928018 0.5758935 0.392984 0.5761556 0.3931657 0.5758935 0.392984 0.5761199 0.3928018 0.5761556 0.3931657 0.5758086 0.3934505 0.5756815 0.393158 0.5754586 0.3933445 0.5756815 0.393158 0.5758086 0.3934505 0.5754675 0.3930042 0.5756753 0.3929343 0.5756815 0.393158 0.8249096 0.4084387 0.8248407 0.4082791 0.824971 0.4080599 0.5785366 0.3909535 0.5788544 0.3910755 0.5785967 0.3912101 0.5788184 0.3914394 0.5785967 0.3912101 0.5788544 0.3910755 0.5788184 0.3914394 0.5784225 0.391651 0.578355 0.3913393 0.5780999 0.3914788 0.578355 0.3913393 0.5784225 0.391651 0.578175 0.3911468 0.5783925 0.3911188 0.578355 0.3913393 0.8245519 0.4115922 0.8244697 0.4114063 0.8245832 0.41119 0.5815853 0.3897342 0.5818731 0.3899159 0.5815942 0.3899976 0.5817669 0.3902658 0.5815942 0.3899976 0.5818731 0.3899159 0.5817669 0.3902658 0.5813373 0.3903961 0.5813318 0.3900772 0.5810545 0.3901642 0.5813318 0.3900772 0.5813373 0.3903961 0.5811929 0.3898532 0.5814117 0.3898682 0.5813318 0.3900772 0.8244417 0.4148635 0.8243444 0.4146585 0.8244417 0.4144535 0.5848132 0.3891331 0.5850601 0.3893674 0.5847706 0.3893932 0.5848876 0.3896899 0.5847706 0.3893932 0.5850601 0.3893674 0.5844408 0.3897339 0.5844977 0.38942 0.5847706 0.3893932 0.5842087 0.3894513 0.5844977 0.38942 0.5844408 0.3897339 0.5844051 0.3891733 0.5846168 0.3892307 0.5844977 0.38942 0.8245832 0.4181269 0.8244697 0.4179106 0.8245519 0.4177247 0.5880964 0.3891733 0.5882928 0.3894513 0.5880038 0.38942 0.5880607 0.3897339 0.5880038 0.38942 0.5882928 0.3894513 0.5876139 0.3896899 0.587731 0.3893932 0.5880038 0.38942 0.5874415 0.3893674 0.587731 0.3893932 0.5876139 0.3896899 0.5876883 0.3891331 0.5878847 0.3892306 0.587731 0.3893932 0.824971 0.4212571 0.8248407 0.4210379 0.8249096 0.4208782 0.5913087 0.3898532 0.5914471 0.3901642 0.5911697 0.3900772 0.5911643 0.3903961 0.5911697 0.3900772 0.5914471 0.3901642 0.5911643 0.3903961 0.5907347 0.3902658 0.5909073 0.3899976 0.5906284 0.3899158 0.5909073 0.3899976 0.5907347 0.3902658 0.5909163 0.3897342 0.5910899 0.3898682 0.5909073 0.3899976 0.8302877 0.4052458 0.83016 0.4051364 0.830303 0.4049289 0.5943265 0.3911468 0.5944016 0.3914788 0.5941466 0.3913393 0.594079 0.391651 0.5941466 0.3913393 0.5944016 0.3914788 0.5936831 0.3914394 0.5939048 0.3912101 0.5941466 0.3913393 0.5936471 0.3910755 0.5939048 0.3912101 0.5936831 0.3914394 0.5939649 0.3909535 0.594109 0.3911188 0.5939048 0.3912101 0.830181 0.4079977 0.830052 0.4078533 0.8301927 0.4076362 0.597034 0.3930042 0.5970429 0.3933445 0.59682 0.393158 0.5966929 0.3934505 0.59682 0.393158 0.5970429 0.3933445 0.596346 0.3931657 0.5966081 0.392984 0.59682 0.393158 0.5963817 0.3928018 0.5966081 0.392984 0.596346 0.3931657 0.5967171 0.3927441 0.5968262 0.3929343 0.5966081 0.392984 0.8301057 0.4110462 0.829975 0.4108723 0.8301133 0.4106539 0.5993272 0.3953542 0.5992695 0.3956897 0.5990873 0.3954632 0.5989056 0.3957253 0.5990873 0.3954632 0.5992695 0.3956897 0.5989056 0.3957253 0.5986208 0.3953784 0.5989133 0.3952513 0.5987268 0.3950284 0.5989133 0.3952513 0.5986208 0.3953784 0.5990671 0.3950372 0.599137 0.3952451 0.5989133 0.3952513 0.8300647 0.414274 0.829932 0.4140774 0.8300679 0.4138661 0.6011179 0.3981064 0.6009958 0.3984242 0.6008613 0.3981665 0.6006319 0.3983882 0.6008613 0.3981665 0.6009958 0.3984242 0.6006319 0.3983882 0.6004203 0.3979923 0.600732 0.3979247 0.6005926 0.3976697 0.600732 0.3979247 0.6004203 0.3979923 0.6009246 0.3977448 0.6009525 0.3979623 0.600732 0.3979247 0.8300597 0.4175572 0.8299248 0.4173453 0.8300583 0.4171492 0.6023371 0.401155 0.6021555 0.4014429 0.6020737 0.4011639 0.6018056 0.4013366 0.6020737 0.4011639 0.6021555 0.4014429 0.6016752 0.400907 0.6019942 0.4009016 0.6020737 0.4011639 0.6019071 0.4006242 0.6019942 0.4009016 0.6016752 0.400907 0.6022181 0.4007626 0.6022031 0.4009814 0.6019942 0.4009016 0.8300907 0.4207696 0.8299534 0.4205505 0.8300849 0.4203772 0.6029382 0.404383 0.6027039 0.4046298 0.6026782 0.4043403 0.6023815 0.4044573 0.6026782 0.4043403 0.6027039 0.4046298 0.6023374 0.4040106 0.6026513 0.4040675 0.6026782 0.4043403 0.60262 0.4037785 0.6026513 0.4040675 0.6023374 0.4040106 0.602898 0.4039749 0.6028407 0.4041866 0.6026513 0.4040675 0.8301566 0.4237876 0.8300169 0.4235698 0.8301465 0.423426 0.602898 0.4076662 0.60262 0.4078626 0.6026513 0.4075736 0.6023374 0.4076305 0.6026513 0.4075736 0.60262 0.4078626 0.6023374 0.4076305 0.6023815 0.4071837 0.6026782 0.4073007 0.6027039 0.4070112 0.6026782 0.4073007 0.6023815 0.4071837 0.6029382 0.4072581 0.6028407 0.4074545 0.6026782 0.4073007 0.8302548 0.4264954 0.8301128 0.4262872 0.8302409 0.4261784 0.6022181 0.4108784 0.6019071 0.4110168 0.6019942 0.4107395 0.6016753 0.410734 0.6019942 0.4107395 0.6019071 0.4110168 0.6016753 0.410734 0.6018056 0.4103045 0.6020737 0.4104771 0.6021555 0.4101982 0.6020737 0.4104771 0.6018056 0.4103045 0.6023371 0.4104861 0.6022031 0.4106596 0.6020737 0.4104771 0.8381769 0.3918132 0.8380499 0.391703 0.8381942 0.3914963 0.6009246 0.4138963 0.6005926 0.4139714 0.600732 0.4137163 0.6004203 0.4136488 0.600732 0.4137163 0.6005926 0.4139714 0.6006319 0.4132529 0.6008613 0.4134746 0.600732 0.4137163 0.6009958 0.4132169 0.6008613 0.4134746 0.6006319 0.4132529 0.6011179 0.4135347 0.6009525 0.4136788 0.6008613 0.4134746 0.8380525 0.3945643 0.8379244 0.3944191 0.8380664 0.3942028 0.5990671 0.4166038 0.5987268 0.4166127 0.5989134 0.4163898 0.5986208 0.4162627 0.5989134 0.4163898 0.5987268 0.4166127 0.5989056 0.4159157 0.5990873 0.4161778 0.5989134 0.4163898 0.5992695 0.4159514 0.5990873 0.4161778 0.5989056 0.4159157 0.5993272 0.4162869 0.599137 0.416396 0.5990873 0.4161778 0.8379576 0.3976123 0.837828 0.3974376 0.8379676 0.39722 0.5967171 0.418897 0.5963817 0.4188393 0.5966081 0.418657 0.596346 0.4184753 0.5966081 0.418657 0.5963817 0.4188393 0.596346 0.4184753 0.5966929 0.4181905 0.59682 0.4184831 0.5970429 0.4182966 0.59682 0.4184831 0.5966929 0.4181905 0.5970341 0.4186369 0.5968262 0.4187067 0.59682 0.4184831 0.8378959 0.4008398 0.8377645 0.4006423 0.8379017 0.4004318 0.5939649 0.4206876 0.5936471 0.4205656 0.5939048 0.420431 0.5936831 0.4202017 0.5939048 0.420431 0.5936471 0.4205656 0.594079 0.4199901 0.5941466 0.4203017 0.5939048 0.420431 0.5944016 0.4201623 0.5941466 0.4203017 0.594079 0.4199901 0.5943266 0.4204943 0.5941091 0.4205223 0.5941466 0.4203017 0.8378697 0.4041229 0.8377361 0.4039101 0.837871 0.4037148 0.5909163 0.4219069 0.5906284 0.4217252 0.5909073 0.4216435 0.5907347 0.4213753 0.5909073 0.4216435 0.5906284 0.4217252 0.5907347 0.4213753 0.5911643 0.421245 0.5911697 0.4215639 0.5914471 0.4214769 0.5911697 0.4215639 0.5911643 0.421245 0.5913087 0.4217879 0.5910899 0.4217729 0.5911697 0.4215639 0.83788 0.4073354 0.8377442 0.4071154 0.8378767 0.406943 0.5876883 0.422508 0.5874415 0.4222736 0.587731 0.4222479 0.5876139 0.4219512 0.587731 0.4222479 0.5874415 0.4222736 0.5876139 0.4219512 0.5880607 0.4219072 0.5880038 0.422221 0.5882928 0.4221898 0.5880038 0.422221 0.5880607 0.4219072 0.5880964 0.4224678 0.5878847 0.4224104 0.5880038 0.422221 0.8382945 0.4129865 0.8379955 0.4127451 0.8379266 0.4103538 0.5844052 0.4224678 0.5815853 0.4219069 0.5818731 0.4217252 0.5842087 0.4221898 0.5818731 0.4217252 0.5821449 0.4214684 0.8384056 0.4153267 0.838104 0.4150961 0.8380074 0.4130621 0.5811929 0.4217879 0.5785366 0.4206876 0.5788544 0.4205656 0.5788544 0.4205656 0.5791711 0.4203668 0.5809712 0.4211124 0.8385442 0.4171658 0.83824 0.4169548 0.8381195 0.4153563 0.578175 0.4204943 0.5757845 0.418897 0.5761199 0.4188393 0.5780999 0.4201623 0.5761199 0.4188393 0.5764693 0.4187061 0.8428896 0.3893215 0.8427546 0.3911608 0.8424685 0.3911318 0.5754675 0.4186369 0.5734345 0.4166038 0.5737748 0.4166127 0.5737748 0.4166127 0.5741434 0.4165502 0.5755211 0.417928 0.842648 0.3935012 0.8423607 0.3934262 0.8424534 0.3913921 0.571577 0.4138963 0.571909 0.4139714 0.5732321 0.4159514 0.5732321 0.4159514 0.571909 0.4139714 0.5722827 0.413982 0.842648 0.3935012 0.8425738 0.3962527 0.842285 0.3961347 0.5702835 0.4108784 0.5705944 0.4110168 0.5715057 0.4132169 0.5705944 0.4110168 0.5709589 0.4111002 0.5717046 0.4129003 0.842535 0.3993095 0.8422443 0.3991532 0.842278 0.3964964 0.5701645 0.4104861 0.5696035 0.4076662 0.5698815 0.4078626 0.5698815 0.4078626 0.5702227 0.4080154 0.5706028 0.4099264 0.842535 0.3993095 0.8425331 0.4025542 0.84224 0.4023656 0.5695633 0.404383 0.5697976 0.4046298 0.5697976 0.4070112 0.5697976 0.4046298 0.5701025 0.4048463 0.5701025 0.4067948 0.842568 0.405862 0.8422725 0.4056487 0.8422421 0.4027737 0.5696035 0.4039749 0.5701645 0.4011551 0.5703461 0.4014429 0.5698815 0.4037785 0.5703461 0.4014429 0.5706028 0.4017146 0.8426386 0.4091059 0.8423404 0.4088761 0.8422791 0.4060567 0.5702834 0.4007627 0.5713837 0.3981064 0.5715057 0.3984242 0.5715057 0.3984242 0.5717046 0.3987408 0.5709589 0.400541 0.842742 0.4121612 0.8424411 0.4119238 0.8423512 0.4092683 0.571577 0.3977448 0.5731744 0.3953542 0.573232 0.3956897 0.571909 0.3976697 0.573232 0.3956897 0.5733652 0.396039 0.842742 0.4121612 0.8428743 0.4149105 0.8425707 0.4146748 0.5734345 0.3950372 0.5754675 0.3930042 0.5754586 0.3933445 0.5754586 0.3933445 0.5755211 0.3937131 0.5741434 0.3950909 0.8430304 0.4172481 0.8427243 0.4170233 0.8425887 0.4149916 0.578175 0.3911468 0.5780999 0.3914788 0.5761199 0.3928018 0.5761199 0.3928018 0.5780999 0.3914788 0.5780893 0.3918525 0.8251704 0.4082008 0.8247948 0.4113664 0.8245832 0.41119 0.5811929 0.3898532 0.5810545 0.3901642 0.5788544 0.3910755 0.5810545 0.3901642 0.5809712 0.3905287 0.579171 0.3912743 0.8247948 0.4113664 0.8246679 0.4146585 0.8244417 0.4144535 0.5844051 0.3891733 0.5842087 0.3894513 0.5818731 0.3899159 0.5818731 0.3899159 0.5842087 0.3894513 0.5840559 0.3897925 0.8246679 0.4146585 0.8247948 0.4179506 0.8245519 0.4177247 0.5876883 0.3891331 0.5874415 0.3893674 0.5850601 0.3893674 0.5874415 0.3893674 0.587225 0.3896723 0.5852766 0.3896723 0.8251704 0.4211162 0.8249096 0.4208782 0.8245832 0.4181269 0.5880964 0.3891733 0.5909163 0.3897342 0.5906284 0.3899158 0.5882928 0.3894513 0.5906284 0.3899158 0.5903567 0.3901726 0.8305893 0.4050076 0.830303 0.4049289 0.8304218 0.4028961 0.5913087 0.3898532 0.5939649 0.3909535 0.5936471 0.3910755 0.5914471 0.3901642 0.5936471 0.3910755 0.5933305 0.3912743 0.8304799 0.4077578 0.8301927 0.4076362 0.8302877 0.4052458 0.5943265 0.3911468 0.5967171 0.3927441 0.5963817 0.3928018 0.5944016 0.3914788 0.5963817 0.3928018 0.5960323 0.392935 0.8304799 0.4077578 0.830402 0.4108139 0.8301133 0.4106539 0.597034 0.3930042 0.5990671 0.3950372 0.5987268 0.3950284 0.5987268 0.3950284 0.5983582 0.3950909 0.5969805 0.3937131 0.8303585 0.4140583 0.8300679 0.4138661 0.8301057 0.4110462 0.6009246 0.3977448 0.6005926 0.3976697 0.5992695 0.3956897 0.5992695 0.3956897 0.6005926 0.3976697 0.6002188 0.3976591 0.8303585 0.4140583 0.8303511 0.4173663 0.8300583 0.4171492 0.6022181 0.4007626 0.6019071 0.4006242 0.6009958 0.3984242 0.6019071 0.4006242 0.6015427 0.4005409 0.600797 0.3987408 0.8303801 0.4206109 0.8300849 0.4203772 0.8300597 0.4175572 0.6023371 0.401155 0.602898 0.4039749 0.60262 0.4037785 0.60262 0.4037785 0.6022788 0.4036257 0.6018987 0.4017146 0.8303801 0.4206109 0.8304443 0.4236672 0.8301465 0.423426 0.6029382 0.4072581 0.6027039 0.4070112 0.6027039 0.4046298 0.6027039 0.4070112 0.602399 0.4067947 0.602399 0.4048463 0.8305414 0.426418 0.8302409 0.4261784 0.8301566 0.4237876 0.602898 0.4076662 0.6023371 0.4104861 0.6021555 0.4101982 0.60262 0.4078626 0.6021555 0.4101982 0.6018987 0.4099264 0.8384799 0.3915768 0.8381942 0.3914963 0.838326 0.3894644 0.6022181 0.4108784 0.6011179 0.4135347 0.6009958 0.4132169 0.6009958 0.4132169 0.600797 0.4129003 0.6015427 0.4111002 0.8383529 0.3943264 0.8380664 0.3942028 0.8381769 0.3918132 0.6009246 0.4138963 0.5993272 0.4162869 0.5992695 0.4159514 0.6005926 0.4139714 0.5992695 0.4159514 0.5991363 0.415602 0.8383529 0.3943264 0.8382554 0.3973819 0.8379676 0.39722 0.5990671 0.4166038 0.5970341 0.4186369 0.5970429 0.4182966 0.5970429 0.4182966 0.5969805 0.4179279 0.5983582 0.4165502 0.838191 0.4006259 0.8379017 0.4004318 0.8379576 0.3976123 0.5943266 0.4204943 0.5944016 0.4201623 0.5963817 0.4188393 0.5963817 0.4188393 0.5944016 0.4201623 0.5944122 0.4197885 0.838191 0.4006259 0.8381624 0.4039338 0.837871 0.4037148 0.5913087 0.4217879 0.5914471 0.4214769 0.5936471 0.4205656 0.5914471 0.4214769 0.5915304 0.4211124 0.5933305 0.4203668 0.8381624 0.4039338 0.8381705 0.4071785 0.8378767 0.406943 0.5880964 0.4224678 0.5882928 0.4221898 0.5906284 0.4217252 0.5882928 0.4221898 0.5884457 0.4218485 0.5903567 0.4214684 0.8381705 0.4071785 0.8382151 0.4102352 0.8379188 0.409992 0.5848132 0.422508 0.5850601 0.4222736 0.5874415 0.4222736 0.5850601 0.4222736 0.5852766 0.4219688 0.587225 0.4219688 0.5841508 0.4208855 0.5824258 0.4205424 0.5823106 0.4202132 0.5843832 0.4206255 0.5823106 0.4202132 0.5821564 0.4199559 0.7868983 0.4179603 0.786755 0.4177379 0.7895019 0.4174119 0.5812521 0.4201864 0.5796272 0.4195133 0.5795785 0.4191679 0.5815308 0.4199766 0.5795785 0.4191679 0.5794774 0.4188855 0.7843371 0.4184797 0.7842236 0.4182671 0.786755 0.4177379 0.5785455 0.4189351 0.5770832 0.417958 0.5771027 0.4176098 0.5788598 0.4187838 0.5771027 0.4176098 0.5770587 0.417313 0.7072127 0.3893541 0.7074103 0.3896554 0.7050237 0.3895658 0.5748914 0.4159363 0.5749785 0.4155986 0.5764728 0.4170928 0.5764728 0.4170928 0.5749785 0.4155986 0.5749933 0.4152989 0.7098639 0.389418 0.7100623 0.3897171 0.7074103 0.3896554 0.5741133 0.4149882 0.5731362 0.4135258 0.5732876 0.4132116 0.5732876 0.4132116 0.5733605 0.4129206 0.5747582 0.4150126 0.7126861 0.3894516 0.7128775 0.3897485 0.7100623 0.3897171 0.571885 0.4108192 0.5720947 0.4105405 0.5729034 0.4124928 0.5720947 0.4105405 0.572223 0.4102694 0.5731858 0.4125939 0.7130547 0.3894537 0.7155708 0.3894537 0.715748 0.3897485 0.5711858 0.4079205 0.5714459 0.4076882 0.5718581 0.4097607 0.5714459 0.4076882 0.5716246 0.4074472 0.5721154 0.4099149 0.7159394 0.3894516 0.7184071 0.389424 0.7185632 0.3897171 0.5710656 0.4049412 0.571366 0.4047639 0.571366 0.4068771 0.571366 0.4047639 0.5715883 0.4045625 0.5715883 0.4070786 0.7210861 0.3893639 0.7212151 0.3896554 0.7185632 0.3897171 0.5711858 0.4037205 0.5715289 0.4019956 0.5718581 0.4018804 0.5714459 0.4039529 0.5718581 0.4018804 0.5721154 0.4017262 0.7235048 0.3892756 0.7236018 0.3895658 0.7212151 0.3896554 0.571885 0.4008219 0.572558 0.399197 0.5729033 0.3991482 0.5720947 0.4011005 0.5729033 0.3991482 0.5731858 0.3990472 0.7255703 0.3891625 0.7256315 0.3894518 0.7236018 0.3895658 0.5731362 0.3981153 0.5741133 0.3966529 0.5744615 0.3966725 0.5732876 0.3984295 0.5744615 0.3966725 0.5747582 0.3966285 0.6582654 0.3894692 0.658463 0.3897704 0.6560763 0.3896808 0.576135 0.3944612 0.5764728 0.3945483 0.5749785 0.3960425 0.5749785 0.3960425 0.5764728 0.3945483 0.5767723 0.394563 0.6585921 0.3894789 0.6609165 0.3895331 0.6611149 0.3898321 0.5785455 0.392706 0.5788598 0.3928573 0.5771027 0.3940313 0.5771027 0.3940313 0.5788598 0.3928573 0.5791507 0.3929302 0.6637387 0.3895666 0.6639302 0.3898635 0.6611149 0.3898321 0.5796272 0.3921278 0.5812521 0.3914547 0.5815308 0.3916645 0.5795785 0.3924731 0.5815308 0.3916645 0.5818019 0.3917927 0.6666234 0.3895687 0.6668006 0.3898635 0.6639302 0.3898635 0.5841508 0.3907555 0.5843831 0.3910157 0.5823106 0.3914279 0.5843831 0.3910157 0.5846241 0.3911944 0.5821564 0.3916852 0.6669921 0.3895666 0.6694598 0.3895391 0.6696159 0.3898321 0.5871301 0.3906353 0.5873073 0.3909358 0.5851942 0.3909358 0.5873073 0.3909358 0.5875088 0.391158 0.5849928 0.391158 0.6698142 0.3895331 0.6721388 0.3894789 0.6722678 0.3897704 0.5883508 0.3907555 0.5900757 0.3910987 0.5901909 0.3914279 0.5901909 0.3914279 0.5903452 0.3916852 0.5878775 0.3911944 0.6745575 0.3893907 0.6746544 0.3896808 0.6722678 0.3897704 0.5912495 0.3914547 0.5928743 0.3921278 0.5929231 0.3924731 0.5909708 0.3916645 0.5929231 0.3924731 0.5930241 0.3927556 0.6766229 0.3892775 0.6766842 0.3895668 0.6746544 0.3896808 0.593956 0.392706 0.5954184 0.3936831 0.5953988 0.3940313 0.5936418 0.3928573 0.5953988 0.3940313 0.5954428 0.394328 0.6782557 0.389144 0.6782789 0.3894328 0.6766842 0.3895668 0.5976101 0.3957048 0.597523 0.3960425 0.5960288 0.3945483 0.5960288 0.3945483 0.597523 0.3960425 0.5975083 0.3963421 0.6524753 0.4241242 0.6523039 0.4238175 0.6538975 0.423964 0.5983883 0.3966529 0.5993654 0.3981153 0.599214 0.3984295 0.599214 0.3984295 0.5991411 0.3987205 0.5977433 0.3966284 0.6504622 0.4239923 0.6502752 0.4236875 0.6523039 0.4238175 0.6006166 0.4008219 0.6004068 0.4011005 0.5995982 0.3991482 0.6004068 0.4011005 0.6002786 0.4013717 0.5993158 0.3990471 0.6501759 0.4239769 0.6480847 0.423882 0.6478893 0.4235792 0.6013157 0.4037205 0.6010557 0.4039529 0.6006434 0.4018804 0.6010557 0.4039529 0.600877 0.4041938 0.6003862 0.4017262 0.647758 0.4238696 0.645434 0.4237973 0.645238 0.4234967 0.601436 0.4066999 0.6011356 0.4068771 0.6011356 0.4047639 0.6011356 0.4068771 0.6009133 0.4070785 0.6009133 0.4045625 0.6426122 0.4237415 0.642423 0.4234431 0.645238 0.4234967 0.6013157 0.4079205 0.6009727 0.4096455 0.6006434 0.4097607 0.6010557 0.4076882 0.6006434 0.4097607 0.6003862 0.4099149 0.6397276 0.4237168 0.6395527 0.4234206 0.642423 0.4234431 0.6006166 0.4108192 0.5999435 0.4124441 0.5995982 0.4124928 0.6004068 0.4105405 0.5995982 0.4124928 0.5993158 0.4125939 0.6368911 0.4237241 0.6367373 0.4234299 0.6395527 0.4234206 0.5993654 0.4135258 0.5983883 0.4149881 0.59804 0.4149686 0.599214 0.4132115 0.59804 0.4149686 0.5977433 0.4150126 0.6342117 0.4237632 0.6340849 0.4234707 0.6367373 0.4234299 0.5963665 0.4171799 0.5960288 0.4170928 0.597523 0.4155985 0.597523 0.4155985 0.5960288 0.4170928 0.5957292 0.417078 0.6338849 0.4237704 0.6317924 0.4238325 0.6316977 0.4235416 0.5954184 0.417958 0.5939561 0.4189351 0.5936418 0.4187838 0.5936418 0.4187838 0.5933508 0.4187109 0.5954428 0.417313 0.7981608 0.4180157 0.7979618 0.4177379 0.8004933 0.4182671 0.5912495 0.4201864 0.5909708 0.4199766 0.5929231 0.4191679 0.5909708 0.4199766 0.5906996 0.4198483 0.5930241 0.4188855 0.7978186 0.4179603 0.7954109 0.4176746 0.795215 0.4174119 0.5883508 0.4208855 0.5881184 0.4206254 0.5901909 0.4202132 0.5881184 0.4206254 0.5878775 0.4204468 0.5903452 0.4199559 0.7950476 0.4176464 0.7925437 0.4175499 0.7923584 0.4173019 0.5853714 0.4210057 0.5851942 0.4207053 0.5873073 0.4207053 0.5851942 0.4207053 0.5849928 0.4204831 0.5875088 0.4204831 0.7896693 0.4176464 0.7895019 0.4174119 0.7923584 0.4173019 0.5809712 0.4211124 0.5812521 0.4201864 0.5816182 0.4203189 0.5813373 0.421245 0.5816182 0.4203189 0.5820478 0.4204493 0.5820478 0.4204493 0.5824258 0.4205424 0.5821449 0.4214684 0.5852766 0.4219688 0.5848876 0.4219512 0.5849824 0.4209882 0.5848876 0.4219512 0.5844408 0.4219072 0.5845357 0.4209441 0.5845357 0.4209441 0.5844408 0.4219072 0.5840559 0.4218485 0.5780893 0.4197885 0.5785455 0.4189351 0.5788787 0.4191366 0.5788787 0.4191366 0.5792746 0.4193482 0.5788184 0.4202017 0.5792746 0.4193482 0.5796272 0.4195133 0.5791711 0.4203668 0.5755211 0.417928 0.576135 0.4171799 0.5764225 0.4174425 0.5764225 0.4174425 0.5767695 0.4177273 0.5761556 0.4184753 0.5767695 0.4177273 0.5770832 0.417958 0.5764693 0.4187061 0.5733652 0.4156021 0.5741133 0.4149882 0.574344 0.4153018 0.573596 0.4159157 0.574344 0.4153018 0.5746288 0.4156488 0.5746288 0.4156488 0.5748914 0.4159363 0.5741434 0.4165502 0.5717046 0.4129003 0.572558 0.4124441 0.5727231 0.4127967 0.5718697 0.4132529 0.5727231 0.4127967 0.5729348 0.4131926 0.5729348 0.4131926 0.5731362 0.4135258 0.5722827 0.413982 0.5706028 0.4099264 0.5715289 0.4096455 0.5716221 0.4100236 0.570696 0.4103045 0.5716221 0.4100236 0.5717524 0.4104532 0.5717524 0.4104532 0.571885 0.4108192 0.5709589 0.4111002 0.5701025 0.4067948 0.5710656 0.4066999 0.5710832 0.4070889 0.5710832 0.4070889 0.5711272 0.4075356 0.5701641 0.4076305 0.5711272 0.4075356 0.5711858 0.4079205 0.5702227 0.4080154 0.5702227 0.4036257 0.5711858 0.4037205 0.5711272 0.4041054 0.5711272 0.4041054 0.5710832 0.4045522 0.5701201 0.4044573 0.5710832 0.4045522 0.5710656 0.4049412 0.5701025 0.4048463 0.5709589 0.400541 0.571885 0.4008219 0.5717524 0.401188 0.5708263 0.400907 0.5717524 0.401188 0.5716221 0.4016175 0.5716221 0.4016175 0.5715289 0.4019956 0.5706028 0.4017146 0.5722827 0.3976591 0.5731362 0.3981153 0.5729347 0.3984485 0.5729347 0.3984485 0.5727231 0.3988444 0.5718697 0.3983882 0.5727231 0.3988444 0.572558 0.399197 0.5717046 0.3987408 0.5741434 0.3950909 0.5748914 0.3957048 0.5746288 0.3959923 0.5746288 0.3959923 0.574344 0.3963393 0.573596 0.3957254 0.574344 0.3963393 0.5741133 0.3966529 0.5733652 0.396039 0.5764693 0.392935 0.5770832 0.3936831 0.5767695 0.3939138 0.5761556 0.3931657 0.5767695 0.3939138 0.5764225 0.3941985 0.5764225 0.3941985 0.576135 0.3944612 0.5755211 0.3937131 0.579171 0.3912743 0.5796272 0.3921278 0.5792746 0.3922929 0.5792746 0.3922929 0.5788787 0.3925045 0.5784225 0.391651 0.5788787 0.3925045 0.5785455 0.392706 0.5780893 0.3918525 0.5821449 0.3901726 0.5824258 0.3910987 0.5820477 0.3911918 0.5817669 0.3902658 0.5820477 0.3911918 0.5816182 0.3913221 0.5816182 0.3913221 0.5812521 0.3914547 0.5809712 0.3905287 0.5852766 0.3896723 0.5853714 0.3906353 0.5849824 0.390653 0.5849824 0.390653 0.5845357 0.390697 0.5844408 0.3897339 0.5845357 0.390697 0.5841508 0.3907555 0.5840559 0.3897925 0.5884456 0.3897925 0.5883508 0.3907555 0.5879659 0.390697 0.5880607 0.3897339 0.5879659 0.390697 0.5875191 0.390653 0.5875191 0.390653 0.5871301 0.3906353 0.587225 0.3896723 0.5915304 0.3905287 0.5912495 0.3914547 0.5908834 0.3913221 0.5911643 0.3903961 0.5908834 0.3913221 0.5904538 0.3911918 0.5904538 0.3911918 0.5900757 0.3910987 0.5903567 0.3901726 0.5944122 0.3918525 0.593956 0.392706 0.5936228 0.3925045 0.5936228 0.3925045 0.593227 0.3922929 0.5936831 0.3914394 0.593227 0.3922929 0.5928743 0.3921278 0.5933305 0.3912743 0.5969805 0.3937131 0.5963665 0.3944612 0.596079 0.3941985 0.596079 0.3941985 0.595732 0.3939138 0.596346 0.3931657 0.595732 0.3939138 0.5954184 0.3936831 0.5960323 0.392935 0.5991363 0.396039 0.5983883 0.3966529 0.5981575 0.3963392 0.5981575 0.3963392 0.5978727 0.3959923 0.5986208 0.3953784 0.5978727 0.3959923 0.5976101 0.3957048 0.5983582 0.3950909 0.600797 0.3987408 0.5999435 0.399197 0.5997784 0.3988444 0.6006319 0.3983882 0.5997784 0.3988444 0.5995668 0.3984485 0.5995668 0.3984485 0.5993654 0.3981153 0.6002188 0.3976591 0.6018987 0.4017146 0.6009726 0.4019955 0.6008795 0.4016175 0.6018056 0.4013366 0.6008795 0.4016175 0.6007492 0.401188 0.6007492 0.401188 0.6006166 0.4008219 0.6015427 0.4005409 0.602399 0.4048463 0.601436 0.4049412 0.6014184 0.4045522 0.6014184 0.4045522 0.6013744 0.4041054 0.6023374 0.4040106 0.6013744 0.4041054 0.6013157 0.4037205 0.6022788 0.4036257 0.6022788 0.4080154 0.6013157 0.4079205 0.6013744 0.4075356 0.6013744 0.4075356 0.6014184 0.4070889 0.6023815 0.4071837 0.6014184 0.4070889 0.601436 0.4066999 0.602399 0.4067947 0.6015427 0.4111002 0.6006166 0.4108192 0.6007492 0.4104531 0.6016753 0.410734 0.6007492 0.4104531 0.6008795 0.4100236 0.6008795 0.4100236 0.6009727 0.4096455 0.6018987 0.4099264 0.6002188 0.413982 0.5993654 0.4135258 0.5995668 0.4131926 0.5995668 0.4131926 0.5997784 0.4127967 0.6006319 0.4132529 0.5997784 0.4127967 0.5999435 0.4124441 0.600797 0.4129003 0.5983582 0.4165502 0.5976101 0.4159362 0.5978727 0.4156488 0.5978727 0.4156488 0.5981575 0.4153018 0.5989056 0.4159157 0.5981575 0.4153018 0.5983883 0.4149881 0.5991363 0.415602 0.5960323 0.4187061 0.5954184 0.417958 0.595732 0.4177272 0.595732 0.4177272 0.5960791 0.4174425 0.5966929 0.4181905 0.5960791 0.4174425 0.5963665 0.4171799 0.5969805 0.4179279 0.5933305 0.4203668 0.5928744 0.4195133 0.593227 0.4193482 0.5936831 0.4202017 0.593227 0.4193482 0.5936229 0.4191366 0.5936229 0.4191366 0.5939561 0.4189351 0.5944122 0.4197885 0.5903567 0.4214684 0.5900757 0.4205424 0.5904538 0.4204493 0.5907347 0.4213753 0.5904538 0.4204493 0.5908834 0.4203189 0.5908834 0.4203189 0.5912495 0.4201864 0.5915304 0.4211124 0.587225 0.4219688 0.5871301 0.4210057 0.5875191 0.4209882 0.5875191 0.4209882 0.5879659 0.4209441 0.5880607 0.4219072 0.5879659 0.4209441 0.5883508 0.4208855 0.5884457 0.4218485 0.786755 0.4177379 0.786755 0.4002407 0.7895019 0.3999148</float_array>
          <technique_common>
            <accessor source="#Cylinder_003-mesh-map-0-array" count="11124" stride="2">
              <param name="S" type="float"/>
              <param name="T" type="float"/>
            </accessor>
          </technique_common>
        </source>
        <vertices id="Cylinder_003-mesh-vertices">
          <input semantic="POSITION" source="#Cylinder_003-mesh-positions"/>
        </vertices>
        <triangles count="3708">
          <input semantic="VERTEX" source="#Cylinder_003-mesh-vertices" offset="0"/>
          <input semantic="NORMAL" source="#Cylinder_003-mesh-normals" offset="1"/>
          <input semantic="TEXCOORD" source="#Cylinder_003-mesh-map-0" offset="2" set="0"/>
          <p>836 0 0 969 1 1 840 2 2 841 3 3 77 4 4 837 5 5 845 6 6 89 7 7 841 3 8 849 8 9 101 9 10 845 6 11 853 10 12 113 11 13 849 8 14 857 12 15 125 13 16 853 10 17 861 14 18 137 15 19 857 12 20 865 16 21 149 17 22 861 14 23 869 18 24 161 19 25 865 16 26 873 20 27 173 21 28 869 18 29 877 22 30 185 23 31 873 20 32 881 24 33 197 25 34 877 22 35 885 26 36 209 27 37 881 24 38 889 28 39 221 29 40 885 26 41 893 30 42 233 31 43 889 28 44 897 32 45 245 33 46 893 30 47 901 34 48 257 35 49 897 32 50 905 36 51 269 37 52 901 34 53 909 38 54 281 39 55 905 36 56 913 40 57 293 41 58 909 38 59 917 42 60 305 43 61 913 40 62 921 44 63 317 45 64 917 42 65 925 46 66 329 47 67 921 44 68 929 48 69 341 49 70 925 46 71 933 50 72 353 51 73 929 48 74 937 52 75 365 53 76 933 50 77 941 54 78 377 55 79 937 52 80 945 56 81 389 57 82 941 54 83 949 58 84 401 59 85 945 56 86 953 60 87 413 61 88 949 58 89 1085 62 90 833 63 91 956 64 92 957 65 93 425 66 94 953 60 95 832 67 96 437 68 97 957 65 98 412 69 99 784 70 100 402 71 101 148 72 102 520 73 103 138 74 104 246 75 105 642 76 106 628 77 107 364 78 108 736 79 109 354 80 110 100 81 111 472 82 112 90 83 113 208 84 114 580 85 115 198 86 116 316 87 117 688 88 118 306 89 119 414 90 120 810 91 121 796 92 122 150 93 123 546 94 124 532 95 125 268 96 126 640 97 127 258 98 128 366 99 129 762 100 130 748 101 131 102 102 132 498 103 133 484 104 134 220 105 135 592 106 136 210 107 137 318 108 138 714 109 139 700 110 140 436 111 141 808 112 142 426 113 143 172 114 144 544 115 145 162 116 146 270 117 147 666 118 148 652 119 149 388 120 150 760 121 151 378 122 152 124 123 153 496 124 154 114 125 155 222 126 156 618 127 157 604 128 158 340 129 159 712 130 160 330 131 161 450 132 162 1844 133 163 821 134 164 174 135 165 570 136 166 556 137 167 292 138 168 664 139 169 282 140 170 400 141 171 772 142 172 390 143 173 126 144 174 522 145 175 508 146 176 244 147 177 616 148 178 234 149 179 342 150 180 738 151 181 724 152 182 438 153 183 448 154 184 820 155 185 984 156 186 968 157 187 1032 158 188 196 159 189 568 160 190 186 161 191 304 162 192 676 163 193 294 164 194 1073 165 195 948 166 196 944 167 197 1017 168 198 892 169 199 888 170 200 940 171 201 1073 165 202 944 167 203 884 172 204 1017 168 205 888 170 206 1065 173 207 940 171 208 936 174 209 1009 175 210 884 172 211 880 176 212 932 177 213 1065 173 214 936 174 215 876 178 216 1009 175 217 880 176 218 1057 179 219 932 177 220 928 180 221 1001 181 222 876 178 223 872 182 224 1053 183 225 928 180 226 924 184 227 868 185 228 1001 181 229 872 182 230 1049 186 231 924 184 232 920 187 233 993 188 234 868 185 235 864 189 236 916 190 237 1049 186 238 920 187 239 989 191 240 864 189 241 860 192 242 1041 193 243 916 190 244 912 194 245 88 195 246 460 196 247 78 197 248 985 198 249 860 192 250 856 199 251 908 200 252 1041 193 253 912 194 254 852 201 255 985 198 256 856 199 257 1033 202 258 908 200 259 904 203 260 977 204 261 852 201 262 848 205 263 900 206 264 1033 202 265 904 203 266 1081 207 267 956 64 268 952 208 269 844 209 270 977 204 271 848 205 272 1025 210 273 900 206 274 896 211 275 948 166 276 1081 207 277 952 208 278 969 1 279 844 209 280 840 2 281 1021 212 282 896 211 283 892 169 284 641 213 285 1652 214 286 629 215 287 1114 216 288 1 217 289 1102 218 290 473 219 291 1484 220 292 461 221 293 797 222 294 1832 223 295 1820 224 296 653 225 297 1664 226 298 641 213 299 497 227 300 1508 228 301 485 229 302 821 134 303 1832 223 304 809 230 305 665 231 306 1676 232 307 653 225 308 509 233 309 1520 234 310 497 227 311 677 235 312 1688 236 313 665 231 314 509 233 315 1544 237 316 1532 238 317 689 239 318 1700 240 319 677 235 320 533 241 321 1544 237 322 521 242 323 485 229 324 1496 243 325 473 219 326 701 244 327 1712 245 328 689 239 329 545 246 330 1556 247 331 533 241 332 701 244 333 1736 248 334 1724 249 335 557 250 336 1568 251 337 545 246 338 725 252 339 1736 248 340 713 253 341 569 254 342 1580 255 343 557 250 344 737 256 345 1748 257 346 725 252 347 581 258 348 1592 259 349 569 254 350 749 260 351 1760 261 352 737 256 353 593 262 354 1604 263 355 581 258 356 761 264 357 1772 265 358 749 260 359 605 266 360 1616 267 361 593 262 362 773 268 363 1784 269 364 761 264 365 605 266 366 1640 270 367 1628 271 368 785 272 369 1796 273 370 773 268 371 629 215 372 1640 270 373 617 274 374 797 222 375 1808 275 376 785 272 377 1088 276 378 31 277 379 1462 278 380 1126 279 381 2 280 382 1114 216 383 1138 281 384 3 282 385 1126 279 386 1150 283 387 4 284 388 1138 281 389 1162 285 390 5 286 391 1150 283 392 1174 287 393 6 288 394 1162 285 395 1186 289 396 7 290 397 1174 287 398 1198 291 399 8 292 400 1186 289 401 1210 293 402 9 294 403 1198 291 404 1222 295 405 10 296 406 1210 293 407 1234 297 408 11 298 409 1222 295 410 1246 299 411 12 300 412 1234 297 413 1258 301 414 13 302 415 1246 299 416 1258 301 417 15 303 418 14 304 419 1282 305 420 15 303 421 1270 306 422 1294 307 423 16 308 424 1282 305 425 1306 309 426 17 310 427 1294 307 428 1318 311 429 18 312 430 1306 309 431 1330 313 432 19 314 433 1318 311 434 1342 315 435 20 316 436 1330 313 437 1354 317 438 21 318 439 1342 315 440 1366 319 441 22 320 442 1354 317 443 1378 321 444 23 322 445 1366 319 446 1390 323 447 24 324 448 1378 321 449 1402 325 450 25 326 451 1390 323 452 1414 327 453 26 328 454 1402 325 455 1426 329 456 27 330 457 1414 327 458 1438 331 459 28 332 460 1426 329 461 1450 333 462 29 334 463 1438 331 464 1462 278 465 30 335 466 1450 333 467 461 221 468 1474 336 469 450 132 470 1100 337 471 1472 338 472 1486 339 473 22 340 474 53 341 475 21 342 476 1305 343 477 1702 344 478 1316 345 479 1160 346 480 1533 347 481 1546 348 482 1328 349 483 1701 350 484 1714 351 485 1161 352 486 1558 353 487 1172 354 488 1329 355 489 1726 356 490 1340 357 491 1173 358 492 1570 359 493 1184 360 494 1352 361 495 1725 362 496 1738 363 497 1196 364 498 1569 365 499 1582 366 500 1353 367 501 1750 368 502 1364 369 503 1208 370 504 1581 371 505 1594 372 506 1365 373 507 1762 374 508 1376 375 509 1220 376 510 1593 377 511 1606 378 512 1388 379 513 1761 380 514 1774 381 515 1221 382 516 1618 383 517 1232 384 518 1400 385 519 1773 386 520 1786 387 521 1233 388 522 1630 389 523 1244 390 524 1412 391 525 1785 392 526 1798 393 527 1256 394 528 1629 395 529 1642 396 530 1461 397 531 1473 398 532 1089 399 533 1413 400 534 1810 401 535 1424 402 536 1268 403 537 1641 404 538 1654 405 539 1112 406 540 1485 407 541 1498 408 542 1425 409 543 1822 410 544 1436 411 545 1269 412 546 1666 413 547 1280 414 548 1113 415 549 1510 416 550 1124 417 551 1448 418 552 1821 419 553 1834 420 554 1292 421 555 1665 422 556 1678 423 557 1125 424 558 1522 425 559 1136 426 560 1449 427 561 1846 428 562 1460 429 563 1304 430 564 1677 431 565 1690 432 566 1137 433 567 1534 434 568 1148 435 569 55 436 570 59 437 571 63 438 572 9 439 573 40 440 574 8 441 575 23 442 576 54 443 577 22 340 578 9 439 579 42 444 580 41 445 581 24 446 582 55 447 583 23 442 584 11 448 585 42 444 586 10 449 587 25 450 588 56 451 589 24 446 590 11 448 591 44 452 592 43 453 593 26 454 594 57 455 595 25 450 596 13 456 597 44 452 598 12 457 599 27 458 600 58 459 601 26 454 602 14 460 603 45 461 604 13 456 605 1 462 606 32 463 607 0 464 608 27 458 609 60 465 610 59 466 611 15 467 612 46 468 613 14 460 614 2 469 615 33 470 616 1 462 617 29 471 618 60 465 619 28 472 620 15 467 621 48 473 622 47 474 623 3 475 624 34 476 625 2 469 626 30 477 627 61 478 628 29 471 629 17 479 630 48 473 631 16 480 632 4 481 633 35 482 634 3 475 635 31 483 636 62 484 637 30 477 638 17 479 639 50 485 640 49 486 641 5 487 642 36 488 643 4 481 644 0 464 645 63 489 646 31 483 647 18 490 648 51 491 649 50 485 650 6 492 651 37 493 652 5 487 653 19 494 654 52 495 655 51 491 656 7 496 657 38 497 658 6 492 659 21 342 660 52 495 661 20 498 662 7 496 663 40 440 664 39 499 665 67 500 666 68 501 667 64 502 668 71 503 669 69 504 670 67 500 671 70 505 672 71 503 673 65 506 674 74 507 675 72 508 676 70 505 677 73 509 678 74 507 679 66 510 680 73 509 681 69 504 682 75 511 683 69 504 684 72 508 685 75 511 686 79 512 687 80 513 688 76 514 689 83 515 690 81 516 691 79 512 692 82 517 693 83 515 694 77 4 695 82 517 696 87 518 697 84 519 698 85 520 699 86 521 700 78 197 701 80 513 702 87 518 703 85 520 704 81 516 705 84 519 706 87 518 707 91 522 708 92 523 709 88 195 710 95 524 711 93 525 712 91 522 713 94 526 714 95 524 715 89 7 716 94 526 717 99 527 718 96 528 719 97 529 720 98 530 721 90 83 722 97 529 723 93 525 724 99 527 725 93 525 726 96 528 727 99 527 728 103 531 729 104 532 730 100 81 731 107 533 732 105 534 733 103 531 734 106 535 735 107 533 736 101 9 737 106 535 738 111 536 739 108 537 740 109 538 741 110 539 742 102 102 743 109 538 744 105 534 745 111 536 746 105 534 747 108 537 748 111 536 749 115 540 750 116 541 751 112 542 752 119 543 753 117 544 754 115 540 755 118 545 756 119 543 757 113 11 758 118 545 759 123 546 760 120 547 761 121 548 762 122 549 763 114 125 764 116 541 765 123 546 766 121 548 767 117 544 768 120 547 769 123 546 770 127 550 771 128 551 772 124 123 773 131 552 774 129 553 775 127 550 776 130 554 777 131 552 778 125 13 779 130 554 780 135 555 781 132 556 782 133 557 783 134 558 784 126 144 785 128 551 786 135 555 787 133 557 788 129 553 789 132 556 790 135 555 791 139 559 792 140 560 793 136 561 794 143 562 795 141 563 796 139 559 797 142 564 798 143 562 799 137 15 800 142 564 801 147 565 802 144 566 803 145 567 804 146 568 805 138 74 806 145 567 807 141 563 808 147 565 809 141 563 810 144 566 811 147 565 812 151 569 813 152 570 814 148 72 815 155 571 816 153 572 817 151 569 818 154 573 819 155 571 820 149 17 821 154 573 822 159 574 823 156 575 824 157 576 825 158 577 826 150 93 827 157 576 828 153 572 829 159 574 830 153 572 831 156 575 832 159 574 833 163 578 834 164 579 835 160 580 836 167 581 837 165 582 838 163 578 839 166 583 840 167 581 841 161 19 842 166 583 843 171 584 844 168 585 845 169 586 846 170 587 847 162 116 848 164 579 849 171 584 850 169 586 851 165 582 852 168 585 853 171 584 854 175 588 855 176 589 856 172 114 857 179 590 858 177 591 859 175 588 860 178 592 861 179 590 862 173 21 863 178 592 864 183 593 865 180 594 866 181 595 867 182 596 868 174 135 869 176 589 870 183 593 871 181 595 872 177 591 873 180 594 874 183 593 875 187 597 876 188 598 877 184 599 878 191 600 879 189 601 880 187 597 881 190 602 882 191 600 883 185 23 884 190 602 885 195 603 886 192 604 887 193 605 888 194 606 889 186 161 890 188 598 891 195 603 892 193 605 893 189 601 894 192 604 895 195 603 896 199 607 897 200 608 898 196 159 899 203 609 900 201 610 901 199 607 902 202 611 903 203 609 904 197 25 905 202 611 906 207 612 907 204 613 908 205 614 909 206 615 910 198 86 911 200 608 912 207 612 913 205 614 914 201 610 915 204 613 916 207 612 917 211 616 918 212 617 919 208 84 920 215 618 921 213 619 922 211 616 923 214 620 924 215 618 925 209 27 926 214 620 927 219 621 928 216 622 929 217 623 930 218 624 931 210 107 932 217 623 933 213 619 934 219 621 935 213 619 936 216 622 937 219 621 938 223 625 939 224 626 940 220 105 941 227 627 942 225 628 943 223 625 944 226 629 945 227 627 946 221 29 947 226 629 948 231 630 949 228 631 950 229 632 951 230 633 952 222 126 953 224 626 954 231 630 955 229 632 956 225 628 957 228 631 958 231 630 959 235 634 960 236 635 961 232 636 962 239 637 963 237 638 964 235 634 965 238 639 966 239 637 967 233 31 968 238 639 969 243 640 970 240 641 971 241 642 972 242 643 973 234 149 974 241 642 975 237 638 976 243 640 977 237 638 978 240 641 979 243 640 980 247 644 981 248 645 982 244 147 983 251 646 984 249 647 985 247 644 986 250 648 987 251 646 988 245 33 989 250 648 990 255 649 991 252 650 992 253 651 993 254 652 994 246 75 995 253 651 996 249 647 997 255 649 998 249 647 999 252 650 1000 255 649 1001 259 653 1002 260 654 1003 256 655 1004 263 656 1005 261 657 1006 259 653 1007 262 658 1008 263 656 1009 257 35 1010 262 658 1011 267 659 1012 264 660 1013 265 661 1014 266 662 1015 258 98 1016 260 654 1017 267 659 1018 265 661 1019 261 657 1020 264 660 1021 267 659 1022 271 663 1023 272 664 1024 268 96 1025 275 665 1026 273 666 1027 271 663 1028 274 667 1029 275 665 1030 269 37 1031 274 667 1032 279 668 1033 276 669 1034 277 670 1035 278 671 1036 270 117 1037 272 664 1038 279 668 1039 277 670 1040 273 666 1041 276 669 1042 279 668 1043 283 672 1044 284 673 1045 280 674 1046 287 675 1047 285 676 1048 283 672 1049 286 677 1050 287 675 1051 281 39 1052 286 677 1053 291 678 1054 288 679 1055 289 680 1056 290 681 1057 282 140 1058 289 680 1059 285 676 1060 291 678 1061 285 676 1062 288 679 1063 291 678 1064 295 682 1065 296 683 1066 292 138 1067 299 684 1068 297 685 1069 295 682 1070 298 686 1071 299 684 1072 293 41 1073 298 686 1074 303 687 1075 300 688 1076 301 689 1077 302 690 1078 294 164 1079 301 689 1080 297 685 1081 303 687 1082 297 685 1083 300 688 1084 303 687 1085 307 691 1086 308 692 1087 304 162 1088 311 693 1089 309 694 1090 307 691 1091 310 695 1092 311 693 1093 305 43 1094 310 695 1095 315 696 1096 312 697 1097 313 698 1098 314 699 1099 306 89 1100 313 698 1101 309 694 1102 315 696 1103 309 694 1104 312 697 1105 315 696 1106 319 700 1107 320 701 1108 316 87 1109 323 702 1110 321 703 1111 319 700 1112 322 704 1113 323 702 1114 317 45 1115 322 704 1116 327 705 1117 324 706 1118 325 707 1119 326 708 1120 318 108 1121 320 701 1122 327 705 1123 325 707 1124 321 703 1125 324 706 1126 327 705 1127 331 709 1128 332 710 1129 328 711 1130 335 712 1131 333 713 1132 331 709 1133 334 714 1134 335 712 1135 329 47 1136 334 714 1137 339 715 1138 336 716 1139 337 717 1140 338 718 1141 330 131 1142 337 717 1143 333 713 1144 339 715 1145 333 713 1146 336 716 1147 339 715 1148 343 719 1149 344 720 1150 340 129 1151 347 721 1152 345 722 1153 343 719 1154 346 723 1155 347 721 1156 341 49 1157 346 723 1158 351 724 1159 348 725 1160 349 726 1161 350 727 1162 342 150 1163 349 726 1164 345 722 1165 351 724 1166 345 722 1167 348 725 1168 351 724 1169 355 728 1170 356 729 1171 352 730 1172 359 731 1173 357 732 1174 355 728 1175 358 733 1176 359 731 1177 353 51 1178 358 733 1179 363 734 1180 360 735 1181 361 736 1182 362 737 1183 354 80 1184 356 729 1185 363 734 1186 361 736 1187 357 732 1188 360 735 1189 363 734 1190 367 738 1191 368 739 1192 364 78 1193 371 740 1194 369 741 1195 367 738 1196 370 742 1197 371 740 1198 365 53 1199 370 742 1200 375 743 1201 372 744 1202 373 745 1203 374 746 1204 366 99 1205 368 739 1206 375 743 1207 373 745 1208 369 741 1209 372 744 1210 375 743 1211 379 747 1212 380 748 1213 376 749 1214 383 750 1215 381 751 1216 379 747 1217 382 752 1218 383 750 1219 377 55 1220 382 752 1221 387 753 1222 384 754 1223 385 755 1224 386 756 1225 378 122 1226 380 748 1227 387 753 1228 385 755 1229 381 751 1230 384 754 1231 387 753 1232 391 757 1233 392 758 1234 388 120 1235 395 759 1236 393 760 1237 391 757 1238 394 761 1239 395 759 1240 389 57 1241 394 761 1242 399 762 1243 396 763 1244 397 764 1245 398 765 1246 390 143 1247 392 758 1248 399 762 1249 397 764 1250 393 760 1251 396 763 1252 399 762 1253 403 766 1254 404 767 1255 400 141 1256 407 768 1257 405 769 1258 403 766 1259 406 770 1260 407 768 1261 401 59 1262 406 770 1263 411 771 1264 408 772 1265 409 773 1266 410 774 1267 402 71 1268 409 773 1269 405 769 1270 411 771 1271 405 769 1272 408 772 1273 411 771 1274 415 775 1275 416 776 1276 412 69 1277 419 777 1278 417 778 1279 415 775 1280 418 779 1281 419 777 1282 413 61 1283 418 779 1284 423 780 1285 420 781 1286 421 782 1287 422 783 1288 414 90 1289 421 782 1290 417 778 1291 423 780 1292 417 778 1293 420 781 1294 423 780 1295 427 784 1296 428 785 1297 424 786 1298 431 787 1299 429 788 1300 427 784 1301 430 789 1302 431 787 1303 425 66 1304 430 789 1305 435 790 1306 432 791 1307 433 792 1308 434 793 1309 426 113 1310 428 785 1311 435 790 1312 433 792 1313 429 788 1314 432 791 1315 435 790 1316 439 794 1317 440 795 1318 436 111 1319 443 796 1320 441 797 1321 439 794 1322 442 798 1323 443 796 1324 437 68 1325 442 798 1326 447 799 1327 444 800 1328 445 801 1329 446 802 1330 438 153 1331 445 801 1332 441 797 1333 447 799 1334 441 797 1335 444 800 1336 447 799 1337 451 803 1338 452 804 1339 448 154 1340 451 803 1341 456 805 1342 453 806 1343 454 807 1344 455 808 1345 449 809 1346 458 810 1347 456 805 1348 454 807 1349 457 811 1350 458 810 1351 450 132 1352 457 811 1353 453 806 1354 459 812 1355 453 806 1356 456 805 1357 459 812 1358 463 813 1359 464 814 1360 460 196 1361 467 815 1362 465 816 1363 463 813 1364 466 817 1365 467 815 1366 461 221 1367 466 817 1368 471 818 1369 468 819 1370 469 820 1371 470 821 1372 462 822 1373 464 814 1374 471 818 1375 469 820 1376 465 816 1377 468 819 1378 471 818 1379 475 823 1380 476 824 1381 472 82 1382 479 825 1383 477 826 1384 475 823 1385 478 827 1386 479 825 1387 473 219 1388 478 827 1389 483 828 1390 480 829 1391 481 830 1392 482 831 1393 474 832 1394 481 830 1395 477 826 1396 483 828 1397 477 826 1398 480 829 1399 483 828 1400 487 833 1401 488 834 1402 484 104 1403 491 835 1404 489 836 1405 487 833 1406 490 837 1407 491 835 1408 485 229 1409 490 837 1410 495 838 1411 492 839 1412 493 840 1413 494 841 1414 486 842 1415 493 840 1416 489 836 1417 495 838 1418 489 836 1419 492 839 1420 495 838 1421 499 843 1422 500 844 1423 496 124 1424 503 845 1425 501 846 1426 499 843 1427 502 847 1428 503 845 1429 497 227 1430 502 847 1431 507 848 1432 504 849 1433 505 850 1434 506 851 1435 498 103 1436 505 850 1437 501 846 1438 507 848 1439 501 846 1440 504 849 1441 507 848 1442 511 852 1443 512 853 1444 508 146 1445 515 854 1446 513 855 1447 511 852 1448 514 856 1449 515 854 1450 509 233 1451 514 856 1452 519 857 1453 516 858 1454 517 859 1455 518 860 1456 510 861 1457 512 853 1458 519 857 1459 517 859 1460 513 855 1461 516 858 1462 519 857 1463 523 862 1464 524 863 1465 520 73 1466 527 864 1467 525 865 1468 523 862 1469 526 866 1470 527 864 1471 521 242 1472 526 866 1473 531 867 1474 528 868 1475 529 869 1476 530 870 1477 522 145 1478 524 863 1479 531 867 1480 529 869 1481 525 865 1482 528 868 1483 531 867 1484 535 871 1485 536 872 1486 532 95 1487 539 873 1488 537 874 1489 535 871 1490 538 875 1491 539 873 1492 533 241 1493 538 875 1494 543 876 1495 540 877 1496 541 878 1497 542 879 1498 534 880 1499 541 878 1500 537 874 1501 543 876 1502 537 874 1503 540 877 1504 543 876 1505 547 881 1506 548 882 1507 544 115 1508 551 883 1509 549 884 1510 547 881 1511 550 885 1512 551 883 1513 545 246 1514 550 885 1515 555 886 1516 552 887 1517 553 888 1518 554 889 1519 546 94 1520 553 888 1521 549 884 1522 555 886 1523 549 884 1524 552 887 1525 555 886 1526 559 890 1527 560 891 1528 556 137 1529 563 892 1530 561 893 1531 559 890 1532 562 894 1533 563 892 1534 557 250 1535 562 894 1536 567 895 1537 564 896 1538 565 897 1539 566 898 1540 558 899 1541 560 891 1542 567 895 1543 565 897 1544 561 893 1545 564 896 1546 567 895 1547 571 900 1548 572 901 1549 568 160 1550 575 902 1551 573 903 1552 571 900 1553 574 904 1554 575 902 1555 569 254 1556 574 904 1557 579 905 1558 576 906 1559 577 907 1560 578 908 1561 570 136 1562 577 907 1563 573 903 1564 579 905 1565 573 903 1566 576 906 1567 579 905 1568 583 909 1569 584 910 1570 580 85 1571 587 911 1572 585 912 1573 583 909 1574 586 913 1575 587 911 1576 581 258 1577 586 913 1578 591 914 1579 588 915 1580 589 916 1581 590 917 1582 582 918 1583 589 916 1584 585 912 1585 591 914 1586 585 912 1587 588 915 1588 591 914 1589 595 919 1590 596 920 1591 592 106 1592 599 921 1593 597 922 1594 595 919 1595 598 923 1596 599 921 1597 593 262 1598 598 923 1599 603 924 1600 600 925 1601 601 926 1602 602 927 1603 594 928 1604 601 926 1605 597 922 1606 603 924 1607 597 922 1608 600 925 1609 603 924 1610 607 929 1611 608 930 1612 604 128 1613 611 931 1614 609 932 1615 607 929 1616 610 933 1617 611 931 1618 605 266 1619 610 933 1620 615 934 1621 612 935 1622 613 936 1623 614 937 1624 606 938 1625 613 936 1626 609 932 1627 615 934 1628 609 932 1629 612 935 1630 615 934 1631 619 939 1632 620 940 1633 616 148 1634 623 941 1635 621 942 1636 619 939 1637 622 943 1638 623 941 1639 617 274 1640 622 943 1641 627 944 1642 624 945 1643 625 946 1644 626 947 1645 618 127 1646 620 940 1647 627 944 1648 625 946 1649 621 942 1650 624 945 1651 627 944 1652 631 948 1653 632 949 1654 628 77 1655 635 950 1656 633 951 1657 631 948 1658 634 952 1659 635 950 1660 629 215 1661 634 952 1662 639 953 1663 636 954 1664 637 955 1665 638 956 1666 630 957 1667 637 955 1668 633 951 1669 639 953 1670 633 951 1671 636 954 1672 639 953 1673 643 958 1674 644 959 1675 640 97 1676 647 960 1677 645 961 1678 643 958 1679 646 962 1680 647 960 1681 641 213 1682 646 962 1683 651 963 1684 648 964 1685 649 965 1686 650 966 1687 642 76 1688 649 965 1689 645 961 1690 651 963 1691 645 961 1692 648 964 1693 651 963 1694 655 967 1695 656 968 1696 652 119 1697 659 969 1698 657 970 1699 655 967 1700 658 971 1701 659 969 1702 653 225 1703 658 971 1704 663 972 1705 660 973 1706 661 974 1707 662 975 1708 654 976 1709 656 968 1710 663 972 1711 661 974 1712 657 970 1713 660 973 1714 663 972 1715 667 977 1716 668 978 1717 664 139 1718 671 979 1719 669 980 1720 667 977 1721 670 981 1722 671 979 1723 665 231 1724 670 981 1725 675 982 1726 672 983 1727 673 984 1728 674 985 1729 666 118 1730 673 984 1731 669 980 1732 675 982 1733 669 980 1734 672 983 1735 675 982 1736 679 986 1737 680 987 1738 676 163 1739 683 988 1740 681 989 1741 679 986 1742 682 990 1743 683 988 1744 677 235 1745 682 990 1746 687 991 1747 684 992 1748 685 993 1749 686 994 1750 678 995 1751 685 993 1752 681 989 1753 687 991 1754 681 989 1755 684 992 1756 687 991 1757 691 996 1758 692 997 1759 688 88 1760 695 998 1761 693 999 1762 691 996 1763 694 1000 1764 695 998 1765 689 239 1766 694 1000 1767 699 1001 1768 696 1002 1769 697 1003 1770 698 1004 1771 690 1005 1772 697 1003 1773 693 999 1774 699 1001 1775 693 999 1776 696 1002 1777 699 1001 1778 703 1006 1779 704 1007 1780 700 110 1781 707 1008 1782 705 1009 1783 703 1006 1784 706 1010 1785 707 1008 1786 701 244 1787 706 1010 1788 711 1011 1789 708 1012 1790 709 1013 1791 710 1014 1792 702 1015 1793 704 1007 1794 711 1011 1795 709 1013 1796 705 1009 1797 708 1012 1798 711 1011 1799 715 1016 1800 716 1017 1801 712 130 1802 719 1018 1803 717 1019 1804 715 1016 1805 718 1020 1806 719 1018 1807 713 253 1808 718 1020 1809 723 1021 1810 720 1022 1811 721 1023 1812 722 1024 1813 714 109 1814 716 1017 1815 723 1021 1816 721 1023 1817 717 1019 1818 720 1022 1819 723 1021 1820 727 1025 1821 728 1026 1822 724 152 1823 731 1027 1824 729 1028 1825 727 1025 1826 730 1029 1827 731 1027 1828 725 252 1829 730 1029 1830 735 1030 1831 732 1031 1832 733 1032 1833 734 1033 1834 726 1034 1835 733 1032 1836 729 1028 1837 735 1030 1838 729 1028 1839 732 1031 1840 735 1030 1841 739 1035 1842 740 1036 1843 736 79 1844 743 1037 1845 741 1038 1846 739 1035 1847 742 1039 1848 743 1037 1849 737 256 1850 742 1039 1851 747 1040 1852 744 1041 1853 745 1042 1854 746 1043 1855 738 151 1856 745 1042 1857 741 1038 1858 747 1040 1859 741 1038 1860 744 1041 1861 747 1040 1862 751 1044 1863 752 1045 1864 748 101 1865 755 1046 1866 753 1047 1867 751 1044 1868 754 1048 1869 755 1046 1870 749 260 1871 754 1048 1872 759 1049 1873 756 1050 1874 757 1051 1875 758 1052 1876 750 1053 1877 752 1045 1878 759 1049 1879 757 1051 1880 753 1047 1881 756 1050 1882 759 1049 1883 763 1054 1884 764 1055 1885 760 121 1886 767 1056 1887 765 1057 1888 763 1054 1889 766 1058 1890 767 1056 1891 761 264 1892 766 1058 1893 771 1059 1894 768 1060 1895 769 1061 1896 770 1062 1897 762 100 1898 769 1061 1899 765 1057 1900 771 1059 1901 765 1057 1902 768 1060 1903 771 1059 1904 775 1063 1905 776 1064 1906 772 142 1907 779 1065 1908 777 1066 1909 775 1063 1910 778 1067 1911 779 1065 1912 773 268 1913 778 1067 1914 783 1068 1915 780 1069 1916 781 1070 1917 782 1071 1918 774 1072 1919 781 1070 1920 777 1066 1921 783 1068 1922 777 1066 1923 780 1069 1924 783 1068 1925 787 1073 1926 788 1074 1927 784 70 1928 791 1075 1929 789 1076 1930 787 1073 1931 790 1077 1932 791 1075 1933 785 272 1934 790 1077 1935 795 1078 1936 792 1079 1937 793 1080 1938 794 1081 1939 786 1082 1940 793 1080 1941 789 1076 1942 795 1078 1943 789 1076 1944 792 1079 1945 795 1078 1946 799 1083 1947 800 1084 1948 796 92 1949 803 1085 1950 801 1086 1951 799 1083 1952 802 1087 1953 803 1085 1954 797 222 1955 802 1087 1956 807 1088 1957 804 1089 1958 805 1090 1959 806 1091 1960 798 1092 1961 805 1090 1962 801 1086 1963 807 1088 1964 801 1086 1965 804 1089 1966 807 1088 1967 811 1093 1968 812 1094 1969 808 112 1970 815 1095 1971 813 1096 1972 811 1093 1973 814 1097 1974 815 1095 1975 809 230 1976 814 1097 1977 819 1098 1978 816 1099 1979 817 1100 1980 818 1101 1981 810 91 1982 812 1094 1983 819 1098 1984 817 1100 1985 813 1096 1986 816 1099 1987 819 1098 1988 823 1102 1989 824 1103 1990 820 155 1991 827 1104 1992 825 1105 1993 823 1102 1994 826 1106 1995 827 1104 1996 821 134 1997 826 1106 1998 831 1107 1999 828 1108 2000 829 1109 2001 830 1110 2002 822 1111 2003 829 1109 2004 825 1105 2005 831 1107 2006 825 1105 2007 828 1108 2008 831 1107 2009 77 4 2010 73 509 2011 66 510 2012 83 515 2013 68 501 2014 73 509 2015 79 512 2016 64 502 2017 68 501 2018 77 4 2019 95 524 2020 82 517 2021 95 524 2022 86 521 2023 82 517 2024 91 522 2025 78 197 2026 86 521 2027 101 9 2028 94 526 2029 89 7 2030 94 526 2031 103 531 2032 98 530 2033 103 531 2034 90 83 2035 98 530 2036 113 11 2037 106 535 2038 101 9 2039 106 535 2040 115 540 2041 110 539 2042 115 540 2043 102 102 2044 110 539 2045 125 13 2046 118 545 2047 113 11 2048 118 545 2049 127 550 2050 122 549 2051 122 549 2052 124 123 2053 114 125 2054 125 13 2055 143 562 2056 130 554 2057 130 554 2058 139 559 2059 134 558 2060 139 559 2061 126 144 2062 134 558 2063 149 17 2064 142 564 2065 137 15 2066 142 564 2067 151 569 2068 146 568 2069 146 568 2070 148 72 2071 138 74 2072 161 19 2073 154 573 2074 149 17 2075 167 581 2076 158 577 2077 154 573 2078 158 577 2079 160 580 2080 150 93 2081 173 21 2082 166 583 2083 161 19 2084 166 583 2085 175 588 2086 170 587 2087 175 588 2088 162 116 2089 170 587 2090 173 21 2091 191 600 2092 178 592 2093 191 600 2094 182 596 2095 178 592 2096 187 597 2097 174 135 2098 182 596 2099 197 25 2100 190 602 2101 185 23 2102 203 609 2103 194 606 2104 190 602 2105 194 606 2106 196 159 2107 186 161 2108 209 27 2109 202 611 2110 197 25 2111 215 618 2112 206 615 2113 202 611 2114 211 616 2115 198 86 2116 206 615 2117 209 27 2118 227 627 2119 214 620 2120 214 620 2121 223 625 2122 218 624 2123 223 625 2124 210 107 2125 218 624 2126 233 31 2127 226 629 2128 221 29 2129 226 629 2130 235 634 2131 230 633 2132 235 634 2133 222 126 2134 230 633 2135 245 33 2136 238 639 2137 233 31 2138 238 639 2139 247 644 2140 242 643 2141 242 643 2142 244 147 2143 234 149 2144 245 33 2145 263 656 2146 250 648 2147 250 648 2148 259 653 2149 254 652 2150 259 653 2151 246 75 2152 254 652 2153 269 37 2154 262 658 2155 257 35 2156 275 665 2157 266 662 2158 262 658 2159 271 663 2160 258 98 2161 266 662 2162 269 37 2163 287 675 2164 274 667 2165 287 675 2166 278 671 2167 274 667 2168 283 672 2169 270 117 2170 278 671 2171 281 39 2172 299 684 2173 286 677 2174 299 684 2175 290 681 2176 286 677 2177 295 682 2178 282 140 2179 290 681 2180 305 43 2181 298 686 2182 293 41 2183 311 693 2184 302 690 2185 298 686 2186 307 691 2187 294 164 2188 302 690 2189 317 45 2190 310 695 2191 305 43 2192 310 695 2193 319 700 2194 314 699 2195 314 699 2196 316 87 2197 306 89 2198 317 45 2199 335 712 2200 322 704 2201 322 704 2202 331 709 2203 326 708 2204 331 709 2205 318 108 2206 326 708 2207 341 49 2208 334 714 2209 329 47 2210 334 714 2211 343 719 2212 338 718 2213 338 718 2214 340 129 2215 330 131 2216 353 51 2217 346 723 2218 341 49 2219 359 731 2220 350 727 2221 346 723 2222 350 727 2223 352 730 2224 342 150 2225 365 53 2226 358 733 2227 353 51 2228 358 733 2229 367 738 2230 362 737 2231 367 738 2232 354 80 2233 362 737 2234 365 53 2235 383 750 2236 370 742 2237 383 750 2238 374 746 2239 370 742 2240 379 747 2241 366 99 2242 374 746 2243 389 57 2244 382 752 2245 377 55 2246 395 759 2247 386 756 2248 382 752 2249 386 756 2250 388 120 2251 378 122 2252 401 59 2253 394 761 2254 389 57 2255 407 768 2256 398 765 2257 394 761 2258 403 766 2259 390 143 2260 398 765 2261 401 59 2262 419 777 2263 406 770 2264 419 777 2265 410 774 2266 406 770 2267 410 774 2268 412 69 2269 402 71 2270 425 66 2271 418 779 2272 413 61 2273 431 787 2274 422 783 2275 418 779 2276 422 783 2277 424 786 2278 414 90 2279 437 68 2280 430 789 2281 425 66 2282 430 789 2283 439 794 2284 434 793 2285 434 793 2286 436 111 2287 426 113 2288 66 510 2289 442 798 2290 437 68 2291 442 798 2292 70 505 2293 446 802 2294 70 505 2295 438 153 2296 446 802 2297 760 121 2298 385 755 2299 378 122 2300 385 755 2301 769 1061 2302 380 748 2303 380 748 2304 762 100 2305 376 749 2306 592 106 2307 217 623 2308 210 107 2309 217 623 2310 601 926 2311 212 617 2312 212 617 2313 594 928 2314 208 84 2315 748 101 2316 373 745 2317 366 99 2318 752 1045 2319 368 739 2320 373 745 2321 368 739 2322 750 1053 2323 364 78 2324 580 85 2325 205 614 2326 198 86 2327 205 614 2328 589 916 2329 200 608 2330 200 608 2331 582 918 2332 196 159 2333 736 79 2334 361 736 2335 354 80 2336 740 1036 2337 356 729 2338 361 736 2339 356 729 2340 738 151 2341 352 730 2342 568 160 2343 193 605 2344 186 161 2345 193 605 2346 577 907 2347 188 598 2348 188 598 2349 570 136 2350 184 599 2351 724 152 2352 349 726 2353 342 150 2354 349 726 2355 733 1032 2356 344 720 2357 344 720 2358 726 1034 2359 340 129 2360 556 137 2361 181 595 2362 174 135 2363 560 891 2364 176 589 2365 181 595 2366 176 589 2367 558 899 2368 172 114 2369 712 130 2370 337 717 2371 330 131 2372 716 1017 2373 332 710 2374 337 717 2375 332 710 2376 714 109 2377 328 711 2378 544 115 2379 169 586 2380 162 116 2381 548 882 2382 164 579 2383 169 586 2384 164 579 2385 546 94 2386 160 580 2387 700 110 2388 325 707 2389 318 108 2390 704 1007 2391 320 701 2392 325 707 2393 320 701 2394 702 1015 2395 316 87 2396 532 95 2397 157 576 2398 150 93 2399 157 576 2400 541 878 2401 152 570 2402 152 570 2403 534 880 2404 148 72 2405 688 88 2406 313 698 2407 306 89 2408 313 698 2409 697 1003 2410 308 692 2411 308 692 2412 690 1005 2413 304 162 2414 520 73 2415 145 567 2416 138 74 2417 524 863 2418 140 560 2419 145 567 2420 140 560 2421 522 145 2422 136 561 2423 676 163 2424 301 689 2425 294 164 2426 301 689 2427 685 993 2428 296 683 2429 296 683 2430 678 995 2431 292 138 2432 508 146 2433 133 557 2434 126 144 2435 512 853 2436 128 551 2437 133 557 2438 128 551 2439 510 861 2440 124 123 2441 664 139 2442 289 680 2443 282 140 2444 289 680 2445 673 984 2446 284 673 2447 284 673 2448 666 118 2449 280 674 2450 820 155 2451 445 801 2452 438 153 2453 445 801 2454 829 1109 2455 440 795 2456 440 795 2457 822 1111 2458 436 111 2459 496 124 2460 121 548 2461 114 125 2462 500 844 2463 116 541 2464 121 548 2465 116 541 2466 498 103 2467 112 542 2468 652 119 2469 277 670 2470 270 117 2471 656 968 2472 272 664 2473 277 670 2474 272 664 2475 654 976 2476 268 96 2477 808 112 2478 433 792 2479 426 113 2480 812 1094 2481 428 785 2482 433 792 2483 428 785 2484 810 91 2485 424 786 2486 484 104 2487 109 538 2488 102 102 2489 488 834 2490 104 532 2491 109 538 2492 104 532 2493 486 842 2494 100 81 2495 640 97 2496 265 661 2497 258 98 2498 644 959 2499 260 654 2500 265 661 2501 260 654 2502 642 76 2503 256 655 2504 796 92 2505 421 782 2506 414 90 2507 800 1084 2508 416 776 2509 421 782 2510 416 776 2511 798 1092 2512 412 69 2513 472 82 2514 97 529 2515 90 83 2516 97 529 2517 481 830 2518 92 523 2519 92 523 2520 474 832 2521 88 195 2522 628 77 2523 253 651 2524 246 75 2525 253 651 2526 637 955 2527 248 645 2528 248 645 2529 630 957 2530 244 147 2531 774 1072 2532 392 758 2533 781 1070 2534 781 1070 2535 397 764 2536 776 1064 2537 397 764 2538 772 142 2539 776 1064 2540 784 70 2541 409 773 2542 402 71 2543 409 773 2544 793 1080 2545 404 767 2546 404 767 2547 786 1082 2548 400 141 2549 448 154 2550 71 503 2551 451 803 2552 451 803 2553 67 500 2554 455 808 2555 67 500 2556 449 809 2557 455 808 2558 460 196 2559 85 520 2560 78 197 2561 464 814 2562 80 513 2563 85 520 2564 80 513 2565 462 822 2566 76 514 2567 606 938 2568 224 626 2569 613 936 2570 613 936 2571 229 632 2572 608 930 2573 229 632 2574 604 128 2575 608 930 2576 616 148 2577 241 642 2578 234 149 2579 620 940 2580 236 635 2581 241 642 2582 236 635 2583 618 127 2584 232 636 2585 449 809 2586 470 821 2587 454 807 2588 454 807 2589 466 817 2590 458 810 2591 466 817 2592 450 132 2593 458 810 2594 460 196 2595 482 831 2596 463 813 2597 482 831 2598 467 815 2599 463 813 2600 467 815 2601 473 219 2602 461 221 2603 486 842 2604 475 823 2605 472 82 2606 475 823 2607 490 837 2608 479 825 2609 479 825 2610 485 229 2611 473 219 2612 484 104 2613 506 851 2614 487 833 2615 506 851 2616 491 835 2617 487 833 2618 491 835 2619 497 227 2620 485 229 2621 510 861 2622 499 843 2623 496 124 2624 518 860 2625 503 845 2626 499 843 2627 514 856 2628 497 227 2629 503 845 2630 508 146 2631 530 870 2632 511 852 2633 530 870 2634 515 854 2635 511 852 2636 515 854 2637 521 242 2638 509 233 2639 534 880 2640 523 862 2641 520 73 2642 542 879 2643 527 864 2644 523 862 2645 538 875 2646 521 242 2647 527 864 2648 546 94 2649 535 871 2650 532 95 2651 554 889 2652 539 873 2653 535 871 2654 539 873 2655 545 246 2656 533 241 2657 544 115 2658 566 898 2659 547 881 2660 547 881 2661 562 894 2662 551 883 2663 562 894 2664 545 246 2665 551 883 2666 556 137 2667 578 908 2668 559 890 2669 578 908 2670 563 892 2671 559 890 2672 563 892 2673 569 254 2674 557 250 2675 568 160 2676 590 917 2677 571 900 2678 571 900 2679 586 913 2680 575 902 2681 586 913 2682 569 254 2683 575 902 2684 580 85 2685 602 927 2686 583 909 2687 602 927 2688 587 911 2689 583 909 2690 587 911 2691 593 262 2692 581 258 2693 606 938 2694 595 919 2695 592 106 2696 595 919 2697 610 933 2698 599 921 2699 610 933 2700 593 262 2701 599 921 2702 604 128 2703 626 947 2704 607 929 2705 626 947 2706 611 931 2707 607 929 2708 622 943 2709 605 266 2710 611 931 2711 630 957 2712 619 939 2713 616 148 2714 638 956 2715 623 941 2716 619 939 2717 634 952 2718 617 274 2719 623 941 2720 642 76 2721 631 948 2722 628 77 2723 650 966 2724 635 950 2725 631 948 2726 646 962 2727 629 215 2728 635 950 2729 640 97 2730 662 975 2731 643 958 2732 643 958 2733 658 971 2734 647 960 2735 658 971 2736 641 213 2737 647 960 2738 652 119 2739 674 985 2740 655 967 2741 674 985 2742 659 969 2743 655 967 2744 659 969 2745 665 231 2746 653 225 2747 678 995 2748 667 977 2749 664 139 2750 667 977 2751 682 990 2752 671 979 2753 671 979 2754 677 235 2755 665 231 2756 690 1005 2757 679 986 2758 676 163 2759 679 986 2760 694 1000 2761 683 988 2762 683 988 2763 689 239 2764 677 235 2765 702 1015 2766 691 996 2767 688 88 2768 710 1014 2769 695 998 2770 691 996 2771 706 1010 2772 689 239 2773 695 998 2774 700 110 2775 722 1024 2776 703 1006 2777 722 1024 2778 707 1008 2779 703 1006 2780 707 1008 2781 713 253 2782 701 244 2783 726 1034 2784 715 1016 2785 712 130 2786 734 1033 2787 719 1018 2788 715 1016 2789 730 1029 2790 713 253 2791 719 1018 2792 738 151 2793 727 1025 2794 724 152 2795 746 1043 2796 731 1027 2797 727 1025 2798 731 1027 2799 737 256 2800 725 252 2801 736 79 2802 758 1052 2803 739 1035 2804 739 1035 2805 754 1048 2806 743 1037 2807 754 1048 2808 737 256 2809 743 1037 2810 748 101 2811 770 1062 2812 751 1044 2813 770 1062 2814 755 1046 2815 751 1044 2816 755 1046 2817 761 264 2818 749 260 2819 760 121 2820 782 1071 2821 763 1054 2822 763 1054 2823 778 1067 2824 767 1056 2825 778 1067 2826 761 264 2827 767 1056 2828 772 142 2829 794 1081 2830 775 1063 2831 794 1081 2832 779 1065 2833 775 1063 2834 779 1065 2835 785 272 2836 773 268 2837 784 70 2838 806 1091 2839 787 1073 2840 806 1091 2841 791 1075 2842 787 1073 2843 802 1087 2844 785 272 2845 791 1075 2846 796 92 2847 818 1101 2848 799 1083 2849 818 1101 2850 803 1085 2851 799 1083 2852 814 1097 2853 797 222 2854 803 1085 2855 822 1111 2856 811 1093 2857 808 112 2858 830 1110 2859 815 1095 2860 811 1093 2861 826 1106 2862 809 230 2863 815 1095 2864 448 154 2865 823 1102 2866 820 155 2867 452 804 2868 827 1104 2869 823 1102 2870 827 1104 2871 450 132 2872 821 134 2873 76 514 2874 449 809 2875 64 502 2876 836 0 2877 835 1112 2878 833 63 2879 838 1113 2880 834 1114 2881 835 1112 2882 839 1115 2883 832 67 2884 834 1114 2885 836 0 2886 842 1116 2887 838 1113 2888 838 1113 2889 843 1117 2890 839 1115 2891 843 1117 2892 837 5 2893 839 1115 2894 840 2 2895 846 1118 2896 842 1116 2897 846 1118 2898 843 1117 2899 842 1116 2900 843 1117 2901 845 6 2902 841 3 2903 844 209 2904 850 1119 2905 846 1118 2906 850 1119 2907 847 1120 2908 846 1118 2909 847 1120 2910 849 8 2911 845 6 2912 852 201 2913 850 1119 2914 848 205 2915 850 1119 2916 855 1121 2917 851 1122 2918 855 1121 2919 849 8 2920 851 1122 2921 856 199 2922 854 1123 2923 852 201 2924 854 1123 2925 859 1124 2926 855 1121 2927 859 1124 2928 853 10 2929 855 1121 2930 860 192 2931 858 1125 2932 856 199 2933 862 1126 2934 859 1124 2935 858 1125 2936 859 1124 2937 861 14 2938 857 12 2939 864 189 2940 862 1126 2941 860 192 2942 862 1126 2943 867 1127 2944 863 1128 2945 867 1127 2946 861 14 2947 863 1128 2948 868 185 2949 866 1129 2950 864 189 2951 870 1130 2952 867 1127 2953 866 1129 2954 871 1131 2955 865 16 2956 867 1127 2957 868 185 2958 874 1132 2959 870 1130 2960 870 1130 2961 875 1133 2962 871 1131 2963 875 1133 2964 869 18 2965 871 1131 2966 872 182 2967 878 1134 2968 874 1132 2969 878 1134 2970 875 1133 2971 874 1132 2972 875 1133 2973 877 22 2974 873 20 2975 876 178 2976 882 1135 2977 878 1134 2978 882 1135 2979 879 1136 2980 878 1134 2981 879 1136 2982 881 24 2983 877 22 2984 884 172 2985 882 1135 2986 880 176 2987 882 1135 2988 887 1137 2989 883 1138 2990 887 1137 2991 881 24 2992 883 1138 2993 888 170 2994 886 1139 2995 884 172 2996 886 1139 2997 891 1140 2998 887 1137 2999 891 1140 3000 885 26 3001 887 1137 3002 892 169 3003 890 1141 3004 888 170 3005 894 1142 3006 891 1140 3007 890 1141 3008 891 1140 3009 893 30 3010 889 28 3011 896 211 3012 894 1142 3013 892 169 3014 894 1142 3015 899 1143 3016 895 1144 3017 899 1143 3018 893 30 3019 895 1144 3020 900 206 3021 898 1145 3022 896 211 3023 902 1146 3024 899 1143 3025 898 1145 3026 903 1147 3027 897 32 3028 899 1143 3029 900 206 3030 906 1148 3031 902 1146 3032 902 1146 3033 907 1149 3034 903 1147 3035 907 1149 3036 901 34 3037 903 1147 3038 904 203 3039 910 1150 3040 906 1148 3041 910 1150 3042 907 1149 3043 906 1148 3044 907 1149 3045 909 38 3046 905 36 3047 908 200 3048 914 1151 3049 910 1150 3050 914 1151 3051 911 1152 3052 910 1150 3053 911 1152 3054 913 40 3055 909 38 3056 916 190 3057 914 1151 3058 912 194 3059 914 1151 3060 919 1153 3061 915 1154 3062 919 1153 3063 913 40 3064 915 1154 3065 920 187 3066 918 1155 3067 916 190 3068 918 1155 3069 923 1156 3070 919 1153 3071 923 1156 3072 917 42 3073 919 1153 3074 924 184 3075 922 1157 3076 920 187 3077 926 1158 3078 923 1156 3079 922 1157 3080 923 1156 3081 925 46 3082 921 44 3083 928 180 3084 926 1158 3085 924 184 3086 926 1158 3087 931 1159 3088 927 1160 3089 931 1159 3090 925 46 3091 927 1160 3092 932 177 3093 930 1161 3094 928 180 3095 934 1162 3096 931 1159 3097 930 1161 3098 935 1163 3099 929 48 3100 931 1159 3101 932 177 3102 938 1164 3103 934 1162 3104 934 1162 3105 939 1165 3106 935 1163 3107 939 1165 3108 933 50 3109 935 1163 3110 936 174 3111 942 1166 3112 938 1164 3113 942 1166 3114 939 1165 3115 938 1164 3116 939 1165 3117 941 54 3118 937 52 3119 940 171 3120 946 1167 3121 942 1166 3122 946 1167 3123 943 1168 3124 942 1166 3125 943 1168 3126 945 56 3127 941 54 3128 948 166 3129 946 1167 3130 944 167 3131 946 1167 3132 951 1169 3133 947 1170 3134 951 1169 3135 945 56 3136 947 1170 3137 952 208 3138 950 1171 3139 948 166 3140 950 1171 3141 955 1172 3142 951 1169 3143 955 1172 3144 949 58 3145 951 1169 3146 956 64 3147 954 1173 3148 952 208 3149 958 1174 3150 955 1172 3151 954 1173 3152 955 1172 3153 957 65 3154 953 60 3155 833 63 3156 958 1174 3157 956 64 3158 958 1174 3159 834 1114 3160 959 1175 3161 834 1114 3162 957 65 3163 959 1175 3164 837 5 3165 66 510 3166 832 67 3167 960 1176 3168 967 1177 3169 965 1178 3170 962 1179 3171 966 1180 3172 967 1177 3173 963 1181 3174 964 1182 3175 966 1180 3176 965 1178 3177 971 1183 3178 969 1 3179 967 1177 3180 970 1184 3181 971 1183 3182 966 1180 3183 968 157 3184 970 1184 3185 973 1185 3186 971 1183 3187 975 1186 3188 975 1186 3189 970 1184 3190 974 1187 3191 974 1187 3192 968 157 3193 972 1188 3194 973 1185 3195 979 1189 3196 977 204 3197 975 1186 3198 978 1190 3199 979 1189 3200 974 1187 3201 976 1191 3202 978 1190 3203 981 1192 3204 979 1189 3205 983 1193 3206 979 1189 3207 982 1194 3208 983 1193 3209 982 1194 3210 976 1191 3211 980 1195 3212 981 1192 3213 987 1196 3214 985 198 3215 983 1193 3216 986 1197 3217 987 1196 3218 982 1194 3219 984 156 3220 986 1197 3221 989 191 3222 987 1196 3223 991 1198 3224 991 1198 3225 986 1197 3226 990 1199 3227 990 1199 3228 984 156 3229 988 1200 3230 993 188 3231 991 1198 3232 995 1201 3233 995 1201 3234 990 1199 3235 994 1202 3236 994 1202 3237 988 1200 3238 992 1203 3239 993 188 3240 999 1204 3241 997 1205 3242 995 1201 3243 998 1206 3244 999 1204 3245 994 1202 3246 996 1207 3247 998 1206 3248 997 1205 3249 1003 1208 3250 1001 181 3251 999 1204 3252 1002 1209 3253 1003 1208 3254 998 1206 3255 1000 1210 3256 1002 1209 3257 1005 1211 3258 1003 1208 3259 1007 1212 3260 1007 1212 3261 1002 1209 3262 1006 1213 3263 1006 1213 3264 1000 1210 3265 1004 1214 3266 1005 1211 3267 1011 1215 3268 1009 175 3269 1011 1215 3270 1006 1213 3271 1010 1216 3272 1006 1213 3273 1008 1217 3274 1010 1216 3275 1009 175 3276 1015 1218 3277 1013 1219 3278 1015 1218 3279 1010 1216 3280 1014 1220 3281 1014 1220 3282 1008 1217 3283 1012 1221 3284 1013 1219 3285 1019 1222 3286 1017 168 3287 1015 1218 3288 1018 1223 3289 1019 1222 3290 1014 1220 3291 1016 1224 3292 1018 1223 3293 1021 212 3294 1019 1222 3295 1023 1225 3296 1023 1225 3297 1018 1223 3298 1022 1226 3299 1022 1226 3300 1016 1224 3301 1020 1227 3302 1025 210 3303 1023 1225 3304 1027 1228 3305 1027 1228 3306 1022 1226 3307 1026 1229 3308 1026 1229 3309 1020 1227 3310 1024 1230 3311 1025 210 3312 1031 1231 3313 1029 1232 3314 1027 1228 3315 1030 1233 3316 1031 1231 3317 1026 1229 3318 1028 1234 3319 1030 1233 3320 1029 1232 3321 1035 1235 3322 1033 202 3323 1031 1231 3324 1034 1236 3325 1035 1235 3326 1030 1233 3327 1032 158 3328 1034 1236 3329 1037 1237 3330 1035 1235 3331 1039 1238 3332 1039 1238 3333 1034 1236 3334 1038 1239 3335 1038 1239 3336 1032 158 3337 1036 1240 3338 1037 1237 3339 1043 1241 3340 1041 193 3341 1043 1241 3342 1038 1239 3343 1042 1242 3344 1042 1242 3345 1036 1240 3346 1040 1243 3347 1045 1244 3348 1043 1241 3349 1047 1245 3350 1047 1245 3351 1042 1242 3352 1046 1246 3353 1046 1246 3354 1040 1243 3355 1044 1247 3356 1045 1244 3357 1051 1248 3358 1049 186 3359 1047 1245 3360 1050 1249 3361 1051 1248 3362 1046 1246 3363 1048 1250 3364 1050 1249 3365 1053 183 3366 1051 1248 3367 1055 1251 3368 1055 1251 3369 1050 1249 3370 1054 1252 3371 1054 1252 3372 1048 1250 3373 1052 1253 3374 1057 179 3375 1055 1251 3376 1059 1254 3377 1059 1254 3378 1054 1252 3379 1058 1255 3380 1058 1255 3381 1052 1253 3382 1056 1256 3383 1057 179 3384 1063 1257 3385 1061 1258 3386 1059 1254 3387 1062 1259 3388 1063 1257 3389 1058 1255 3390 1060 1260 3391 1062 1259 3392 1061 1258 3393 1067 1261 3394 1065 173 3395 1063 1257 3396 1066 1262 3397 1067 1261 3398 1062 1259 3399 1064 1263 3400 1066 1262 3401 1069 1264 3402 1067 1261 3403 1071 1265 3404 1071 1265 3405 1066 1262 3406 1070 1266 3407 1070 1266 3408 1064 1263 3409 1068 1267 3410 1069 1264 3411 1075 1268 3412 1073 165 3413 1071 1265 3414 1074 1269 3415 1075 1268 3416 1070 1266 3417 1072 1270 3418 1074 1269 3419 1073 165 3420 1079 1271 3421 1077 1272 3422 1075 1268 3423 1078 1273 3424 1079 1271 3425 1074 1269 3426 1076 1274 3427 1078 1273 3428 1077 1272 3429 1083 1275 3430 1081 207 3431 1079 1271 3432 1082 1276 3433 1083 1275 3434 1078 1273 3435 1080 1277 3436 1082 1276 3437 1085 62 3438 1083 1275 3439 1087 1278 3440 1087 1278 3441 1082 1276 3442 1086 1279 3443 1086 1279 3444 1080 1277 3445 1084 1280 3446 960 1176 3447 1087 1278 3448 962 1179 3449 962 1179 3450 1086 1279 3451 963 1181 3452 963 1181 3453 1084 1280 3454 961 1281 3455 960 1176 3456 836 0 3457 833 63 3458 1091 1282 3459 1092 1283 3460 1088 276 3461 1091 1282 3462 1096 1284 3463 1093 1285 3464 1094 1286 3465 1095 1287 3466 1089 399 3467 1098 1288 3468 1096 1284 3469 1094 1286 3470 1097 1289 3471 1098 1288 3472 1090 1290 3473 1092 1283 3474 1099 1291 3475 1097 1289 3476 1093 1285 3477 1096 1284 3478 1099 1291 3479 1103 1292 3480 1104 1293 3481 1100 337 3482 1103 1292 3483 1108 1294 3484 1105 1295 3485 1106 1296 3486 1107 1297 3487 1101 1298 3488 1110 1299 3489 1108 1294 3490 1106 1296 3491 1109 1300 3492 1110 1299 3493 1102 218 3494 1109 1300 3495 1105 1295 3496 1111 1301 3497 1105 1295 3498 1108 1294 3499 1111 1301 3500 1115 1302 3501 1116 1303 3502 1112 406 3503 1119 1304 3504 1117 1305 3505 1115 1302 3506 1118 1306 3507 1119 1304 3508 1113 415 3509 1122 1307 3510 1120 1308 3511 1118 1306 3512 1121 1309 3513 1122 1307 3514 1114 216 3515 1121 1309 3516 1117 1305 3517 1123 1310 3518 1117 1305 3519 1120 1308 3520 1123 1310 3521 1127 1311 3522 1128 1312 3523 1124 417 3524 1131 1313 3525 1129 1314 3526 1127 1311 3527 1130 1315 3528 1131 1313 3529 1125 424 3530 1134 1316 3531 1132 1317 3532 1130 1315 3533 1133 1318 3534 1134 1316 3535 1126 279 3536 1133 1318 3537 1129 1314 3538 1135 1319 3539 1129 1314 3540 1132 1317 3541 1135 1319 3542 1139 1320 3543 1140 1321 3544 1136 426 3545 1143 1322 3546 1141 1323 3547 1139 1320 3548 1142 1324 3549 1143 1322 3550 1137 433 3551 1146 1325 3552 1144 1326 3553 1142 1324 3554 1145 1327 3555 1146 1325 3556 1138 281 3557 1145 1327 3558 1141 1323 3559 1147 1328 3560 1141 1323 3561 1144 1326 3562 1147 1328 3563 1151 1329 3564 1152 1330 3565 1148 435 3566 1151 1329 3567 1156 1331 3568 1153 1332 3569 1154 1333 3570 1155 1334 3571 1149 1335 3572 1158 1336 3573 1156 1331 3574 1154 1333 3575 1157 1337 3576 1158 1336 3577 1150 283 3578 1157 1337 3579 1153 1332 3580 1159 1338 3581 1153 1332 3582 1156 1331 3583 1159 1338 3584 1163 1339 3585 1164 1340 3586 1160 346 3587 1163 1339 3588 1168 1341 3589 1165 1342 3590 1166 1343 3591 1167 1344 3592 1161 352 3593 1170 1345 3594 1168 1341 3595 1166 1343 3596 1169 1346 3597 1170 1345 3598 1162 285 3599 1169 1346 3600 1165 1342 3601 1171 1347 3602 1165 1342 3603 1168 1341 3604 1171 1347 3605 1175 1348 3606 1176 1349 3607 1172 354 3608 1175 1348 3609 1180 1350 3610 1177 1351 3611 1178 1352 3612 1179 1353 3613 1173 358 3614 1182 1354 3615 1180 1350 3616 1178 1352 3617 1181 1355 3618 1182 1354 3619 1174 287 3620 1181 1355 3621 1177 1351 3622 1183 1356 3623 1177 1351 3624 1180 1350 3625 1183 1356 3626 1187 1357 3627 1188 1358 3628 1184 360 3629 1187 1357 3630 1192 1359 3631 1189 1360 3632 1190 1361 3633 1191 1362 3634 1185 1363 3635 1194 1364 3636 1192 1359 3637 1190 1361 3638 1193 1365 3639 1194 1364 3640 1186 289 3641 1193 1365 3642 1189 1360 3643 1195 1366 3644 1189 1360 3645 1192 1359 3646 1195 1366 3647 1199 1367 3648 1200 1368 3649 1196 364 3650 1199 1367 3651 1204 1369 3652 1201 1370 3653 1202 1371 3654 1203 1372 3655 1197 1373 3656 1206 1374 3657 1204 1369 3658 1202 1371 3659 1205 1375 3660 1206 1374 3661 1198 291 3662 1205 1375 3663 1201 1370 3664 1207 1376 3665 1201 1370 3666 1204 1369 3667 1207 1376 3668 1211 1377 3669 1212 1378 3670 1208 370 3671 1215 1379 3672 1213 1380 3673 1211 1377 3674 1214 1381 3675 1215 1379 3676 1209 1382 3677 1218 1383 3678 1216 1384 3679 1214 1381 3680 1217 1385 3681 1218 1383 3682 1210 293 3683 1217 1385 3684 1213 1380 3685 1219 1386 3686 1213 1380 3687 1216 1384 3688 1219 1386 3689 1223 1387 3690 1224 1388 3691 1220 376 3692 1227 1389 3693 1225 1390 3694 1223 1387 3695 1226 1391 3696 1227 1389 3697 1221 382 3698 1230 1392 3699 1228 1393 3700 1226 1391 3701 1229 1394 3702 1230 1392 3703 1222 295 3704 1229 1394 3705 1225 1390 3706 1231 1395 3707 1225 1390 3708 1228 1393 3709 1231 1395 3710 1235 1396 3711 1236 1397 3712 1232 384 3713 1235 1396 3714 1240 1398 3715 1237 1399 3716 1238 1400 3717 1239 1401 3718 1233 388 3719 1242 1402 3720 1240 1398 3721 1238 1400 3722 1241 1403 3723 1242 1402 3724 1234 297 3725 1241 1403 3726 1237 1399 3727 1243 1404 3728 1237 1399 3729 1240 1398 3730 1243 1404 3731 1247 1405 3732 1248 1406 3733 1244 390 3734 1251 1407 3735 1249 1408 3736 1247 1405 3737 1250 1409 3738 1251 1407 3739 1245 1410 3740 1254 1411 3741 1252 1412 3742 1250 1409 3743 1253 1413 3744 1254 1411 3745 1246 299 3746 1253 1413 3747 1249 1408 3748 1255 1414 3749 1249 1408 3750 1252 1412 3751 1255 1414 3752 1259 1415 3753 1260 1416 3754 1256 394 3755 1259 1415 3756 1264 1417 3757 1261 1418 3758 1262 1419 3759 1263 1420 3760 1257 1421 3761 1266 1422 3762 1264 1417 3763 1262 1419 3764 1265 1423 3765 1266 1422 3766 1258 301 3767 1265 1423 3768 1261 1418 3769 1267 1424 3770 1261 1418 3771 1264 1417 3772 1267 1424 3773 1271 1425 3774 1272 1426 3775 1268 403 3776 1275 1427 3777 1273 1428 3778 1271 1425 3779 1274 1429 3780 1275 1427 3781 1269 412 3782 1278 1430 3783 1276 1431 3784 1274 1429 3785 1277 1432 3786 1278 1430 3787 1270 306 3788 1277 1432 3789 1273 1428 3790 1279 1433 3791 1273 1428 3792 1276 1431 3793 1279 1433 3794 1283 1434 3795 1284 1435 3796 1280 414 3797 1287 1436 3798 1285 1437 3799 1283 1434 3800 1286 1438 3801 1287 1436 3802 1281 1439 3803 1290 1440 3804 1288 1441 3805 1286 1438 3806 1289 1442 3807 1290 1440 3808 1282 305 3809 1289 1442 3810 1285 1437 3811 1291 1443 3812 1285 1437 3813 1288 1441 3814 1291 1443 3815 1295 1444 3816 1296 1445 3817 1292 421 3818 1295 1444 3819 1300 1446 3820 1297 1447 3821 1298 1448 3822 1299 1449 3823 1293 1450 3824 1302 1451 3825 1300 1446 3826 1298 1448 3827 1301 1452 3828 1302 1451 3829 1294 307 3830 1301 1452 3831 1297 1447 3832 1303 1453 3833 1297 1447 3834 1300 1446 3835 1303 1453 3836 1307 1454 3837 1308 1455 3838 1304 430 3839 1311 1456 3840 1309 1457 3841 1307 1454 3842 1310 1458 3843 1311 1456 3844 1305 343 3845 1314 1459 3846 1312 1460 3847 1310 1458 3848 1313 1461 3849 1314 1459 3850 1306 309 3851 1313 1461 3852 1309 1457 3853 1315 1462 3854 1309 1457 3855 1312 1460 3856 1315 1462 3857 1319 1463 3858 1320 1464 3859 1316 345 3860 1323 1465 3861 1321 1466 3862 1319 1463 3863 1322 1467 3864 1323 1465 3865 1317 1468 3866 1326 1469 3867 1324 1470 3868 1322 1467 3869 1325 1471 3870 1326 1469 3871 1318 311 3872 1325 1471 3873 1321 1466 3874 1327 1472 3875 1321 1466 3876 1324 1470 3877 1327 1472 3878 1331 1473 3879 1332 1474 3880 1328 349 3881 1335 1475 3882 1333 1476 3883 1331 1473 3884 1334 1477 3885 1335 1475 3886 1329 355 3887 1338 1478 3888 1336 1479 3889 1334 1477 3890 1337 1480 3891 1338 1478 3892 1330 313 3893 1337 1480 3894 1333 1476 3895 1339 1481 3896 1333 1476 3897 1336 1479 3898 1339 1481 3899 1343 1482 3900 1344 1483 3901 1340 357 3902 1343 1482 3903 1348 1484 3904 1345 1485 3905 1346 1486 3906 1347 1487 3907 1341 1488 3908 1350 1489 3909 1348 1484 3910 1346 1486 3911 1349 1490 3912 1350 1489 3913 1342 315 3914 1349 1490 3915 1345 1485 3916 1351 1491 3917 1345 1485 3918 1348 1484 3919 1351 1491 3920 1355 1492 3921 1356 1493 3922 1352 361 3923 1355 1492 3924 1360 1494 3925 1357 1495 3926 1358 1496 3927 1359 1497 3928 1353 367 3929 1362 1498 3930 1360 1494 3931 1358 1496 3932 1361 1499 3933 1362 1498 3934 1354 317 3935 1361 1499 3936 1357 1495 3937 1363 1500 3938 1357 1495 3939 1360 1494 3940 1363 1500 3941 1367 1501 3942 1368 1502 3943 1364 369 3944 1367 1501 3945 1372 1503 3946 1369 1504 3947 1370 1505 3948 1371 1506 3949 1365 373 3950 1374 1507 3951 1372 1503 3952 1370 1505 3953 1373 1508 3954 1374 1507 3955 1366 319 3956 1373 1508 3957 1369 1504 3958 1375 1509 3959 1369 1504 3960 1372 1503 3961 1375 1509 3962 1379 1510 3963 1380 1511 3964 1376 375 3965 1379 1510 3966 1384 1512 3967 1381 1513 3968 1382 1514 3969 1383 1515 3970 1377 1516 3971 1386 1517 3972 1384 1512 3973 1382 1514 3974 1385 1518 3975 1386 1517 3976 1378 321 3977 1385 1518 3978 1381 1513 3979 1387 1519 3980 1381 1513 3981 1384 1512 3982 1387 1519 3983 1391 1520 3984 1392 1521 3985 1388 379 3986 1391 1520 3987 1396 1522 3988 1393 1523 3989 1394 1524 3990 1395 1525 3991 1389 1526 3992 1398 1527 3993 1396 1522 3994 1394 1524 3995 1397 1528 3996 1398 1527 3997 1390 323 3998 1397 1528 3999 1393 1523 4000 1399 1529 4001 1393 1523 4002 1396 1522 4003 1399 1529 4004 1403 1530 4005 1404 1531 4006 1400 385 4007 1407 1532 4008 1405 1533 4009 1403 1530 4010 1406 1534 4011 1407 1532 4012 1401 1535 4013 1410 1536 4014 1408 1537 4015 1406 1534 4016 1409 1538 4017 1410 1536 4018 1402 325 4019 1409 1538 4020 1405 1533 4021 1411 1539 4022 1405 1533 4023 1408 1537 4024 1411 1539 4025 1415 1540 4026 1416 1541 4027 1412 391 4028 1419 1542 4029 1417 1543 4030 1415 1540 4031 1418 1544 4032 1419 1542 4033 1413 400 4034 1422 1545 4035 1420 1546 4036 1418 1544 4037 1421 1547 4038 1422 1545 4039 1414 327 4040 1421 1547 4041 1417 1543 4042 1423 1548 4043 1417 1543 4044 1420 1546 4045 1423 1548 4046 1427 1549 4047 1428 1550 4048 1424 402 4049 1431 1551 4050 1429 1552 4051 1427 1549 4052 1430 1553 4053 1431 1551 4054 1425 409 4055 1434 1554 4056 1432 1555 4057 1430 1553 4058 1433 1556 4059 1434 1554 4060 1426 329 4061 1433 1556 4062 1429 1552 4063 1435 1557 4064 1429 1552 4065 1432 1555 4066 1435 1557 4067 1439 1558 4068 1440 1559 4069 1436 411 4070 1439 1558 4071 1444 1560 4072 1441 1561 4073 1442 1562 4074 1443 1563 4075 1437 1564 4076 1446 1565 4077 1444 1560 4078 1442 1562 4079 1445 1566 4080 1446 1565 4081 1438 331 4082 1445 1566 4083 1441 1561 4084 1447 1567 4085 1441 1561 4086 1444 1560 4087 1447 1567 4088 1451 1568 4089 1452 1569 4090 1448 418 4091 1451 1568 4092 1456 1570 4093 1453 1571 4094 1454 1572 4095 1455 1573 4096 1449 427 4097 1458 1574 4098 1456 1570 4099 1454 1572 4100 1457 1575 4101 1458 1574 4102 1450 333 4103 1457 1575 4104 1453 1571 4105 1459 1576 4106 1453 1571 4107 1456 1570 4108 1459 1576 4109 1463 1577 4110 1464 1578 4111 1460 429 4112 1467 1579 4113 1465 1580 4114 1463 1577 4115 1466 1581 4116 1467 1579 4117 1461 397 4118 1470 1582 4119 1468 1583 4120 1466 1581 4121 1469 1584 4122 1470 1582 4123 1462 278 4124 1469 1584 4125 1465 1580 4126 1471 1585 4127 1465 1580 4128 1468 1583 4129 1471 1585 4130 1475 1586 4131 1476 1587 4132 1472 338 4133 1475 1586 4134 1480 1588 4135 1477 1589 4136 1478 1590 4137 1479 1591 4138 1473 398 4139 1482 1592 4140 1480 1588 4141 1478 1590 4142 1481 1593 4143 1482 1592 4144 1474 336 4145 1481 1593 4146 1477 1589 4147 1483 1594 4148 1477 1589 4149 1480 1588 4150 1483 1594 4151 1487 1595 4152 1488 1596 4153 1484 220 4154 1487 1595 4155 1492 1597 4156 1489 1598 4157 1490 1599 4158 1491 1600 4159 1485 407 4160 1490 1599 4161 1495 1601 4162 1492 1597 4163 1493 1602 4164 1494 1603 4165 1486 339 4166 1488 1596 4167 1495 1601 4168 1493 1602 4169 1489 1598 4170 1492 1597 4171 1495 1601 4172 1499 1604 4173 1500 1605 4174 1496 243 4175 1499 1604 4176 1504 1606 4177 1501 1607 4178 1502 1608 4179 1503 1609 4180 1497 1610 4181 1506 1611 4182 1504 1606 4183 1502 1608 4184 1505 1612 4185 1506 1611 4186 1498 408 4187 1500 1605 4188 1507 1613 4189 1505 1612 4190 1501 1607 4191 1504 1606 4192 1507 1613 4193 1511 1614 4194 1512 1615 4195 1508 228 4196 1511 1614 4197 1516 1616 4198 1513 1617 4199 1514 1618 4200 1515 1619 4201 1509 1620 4202 1514 1618 4203 1519 1621 4204 1516 1616 4205 1517 1622 4206 1518 1623 4207 1510 416 4208 1512 1615 4209 1519 1621 4210 1517 1622 4211 1513 1617 4212 1516 1616 4213 1519 1621 4214 1523 1624 4215 1524 1625 4216 1520 234 4217 1523 1624 4218 1528 1626 4219 1525 1627 4220 1526 1628 4221 1527 1629 4222 1521 1630 4223 1526 1628 4224 1531 1631 4225 1528 1626 4226 1529 1632 4227 1530 1633 4228 1522 425 4229 1524 1625 4230 1531 1631 4231 1529 1632 4232 1525 1627 4233 1528 1626 4234 1531 1631 4235 1535 1634 4236 1536 1635 4237 1532 238 4238 1535 1634 4239 1540 1636 4240 1537 1637 4241 1538 1638 4242 1539 1639 4243 1533 347 4244 1538 1638 4245 1543 1640 4246 1540 1636 4247 1541 1641 4248 1542 1642 4249 1534 434 4250 1536 1635 4251 1543 1640 4252 1541 1641 4253 1537 1637 4254 1540 1636 4255 1543 1640 4256 1547 1643 4257 1548 1644 4258 1544 237 4259 1547 1643 4260 1552 1645 4261 1549 1646 4262 1550 1647 4263 1551 1648 4264 1545 1649 4265 1554 1650 4266 1552 1645 4267 1550 1647 4268 1553 1651 4269 1554 1650 4270 1546 348 4271 1548 1644 4272 1555 1652 4273 1553 1651 4274 1549 1646 4275 1552 1645 4276 1555 1652 4277 1559 1653 4278 1560 1654 4279 1556 247 4280 1559 1653 4281 1564 1655 4282 1561 1656 4283 1562 1657 4284 1563 1658 4285 1557 1659 4286 1566 1660 4287 1564 1655 4288 1562 1657 4289 1565 1661 4290 1566 1660 4291 1558 353 4292 1560 1654 4293 1567 1662 4294 1565 1661 4295 1561 1656 4296 1564 1655 4297 1567 1662 4298 1571 1663 4299 1572 1664 4300 1568 251 4301 1571 1663 4302 1576 1665 4303 1573 1666 4304 1574 1667 4305 1575 1668 4306 1569 365 4307 1574 1667 4308 1579 1669 4309 1576 1665 4310 1577 1670 4311 1578 1671 4312 1570 359 4313 1572 1664 4314 1579 1669 4315 1577 1670 4316 1573 1666 4317 1576 1665 4318 1579 1669 4319 1583 1672 4320 1584 1673 4321 1580 255 4322 1583 1672 4323 1588 1674 4324 1585 1675 4325 1586 1676 4326 1587 1677 4327 1581 371 4328 1586 1676 4329 1591 1678 4330 1588 1674 4331 1589 1679 4332 1590 1680 4333 1582 366 4334 1584 1673 4335 1591 1678 4336 1589 1679 4337 1585 1675 4338 1588 1674 4339 1591 1678 4340 1595 1681 4341 1596 1682 4342 1592 259 4343 1595 1681 4344 1600 1683 4345 1597 1684 4346 1598 1685 4347 1599 1686 4348 1593 377 4349 1602 1687 4350 1600 1683 4351 1598 1685 4352 1601 1688 4353 1602 1687 4354 1594 372 4355 1596 1682 4356 1603 1689 4357 1601 1688 4358 1597 1684 4359 1600 1683 4360 1603 1689 4361 1607 1690 4362 1608 1691 4363 1604 263 4364 1607 1690 4365 1612 1692 4366 1609 1693 4367 1610 1694 4368 1611 1695 4369 1605 1696 4370 1614 1697 4371 1612 1692 4372 1610 1694 4373 1613 1698 4374 1614 1697 4375 1606 378 4376 1608 1691 4377 1615 1699 4378 1613 1698 4379 1609 1693 4380 1612 1692 4381 1615 1699 4382 1619 1700 4383 1620 1701 4384 1616 267 4385 1619 1700 4386 1624 1702 4387 1621 1703 4388 1622 1704 4389 1623 1705 4390 1617 1706 4391 1622 1704 4392 1627 1707 4393 1624 1702 4394 1625 1708 4395 1626 1709 4396 1618 383 4397 1620 1701 4398 1627 1707 4399 1625 1708 4400 1621 1703 4401 1624 1702 4402 1627 1707 4403 1631 1710 4404 1632 1711 4405 1628 271 4406 1631 1710 4407 1636 1712 4408 1633 1713 4409 1634 1714 4410 1635 1715 4411 1629 395 4412 1634 1714 4413 1639 1716 4414 1636 1712 4415 1637 1717 4416 1638 1718 4417 1630 389 4418 1632 1711 4419 1639 1716 4420 1637 1717 4421 1633 1713 4422 1636 1712 4423 1639 1716 4424 1643 1719 4425 1644 1720 4426 1640 270 4427 1643 1719 4428 1648 1721 4429 1645 1722 4430 1646 1723 4431 1647 1724 4432 1641 404 4433 1646 1723 4434 1651 1725 4435 1648 1721 4436 1649 1726 4437 1650 1727 4438 1642 396 4439 1644 1720 4440 1651 1725 4441 1649 1726 4442 1645 1722 4443 1648 1721 4444 1651 1725 4445 1655 1728 4446 1656 1729 4447 1652 214 4448 1655 1728 4449 1660 1730 4450 1657 1731 4451 1658 1732 4452 1659 1733 4453 1653 1734 4454 1662 1735 4455 1660 1730 4456 1658 1732 4457 1661 1736 4458 1662 1735 4459 1654 405 4460 1656 1729 4461 1663 1737 4462 1661 1736 4463 1657 1731 4464 1660 1730 4465 1663 1737 4466 1667 1738 4467 1668 1739 4468 1664 226 4469 1667 1738 4470 1672 1740 4471 1669 1741 4472 1670 1742 4473 1671 1743 4474 1665 422 4475 1674 1744 4476 1672 1740 4477 1670 1742 4478 1673 1745 4479 1674 1744 4480 1666 413 4481 1668 1739 4482 1675 1746 4483 1673 1745 4484 1669 1741 4485 1672 1740 4486 1675 1746 4487 1679 1747 4488 1680 1748 4489 1676 232 4490 1679 1747 4491 1684 1749 4492 1681 1750 4493 1682 1751 4494 1683 1752 4495 1677 431 4496 1682 1751 4497 1687 1753 4498 1684 1749 4499 1685 1754 4500 1686 1755 4501 1678 423 4502 1680 1748 4503 1687 1753 4504 1685 1754 4505 1681 1750 4506 1684 1749 4507 1687 1753 4508 1691 1756 4509 1692 1757 4510 1688 236 4511 1691 1756 4512 1696 1758 4513 1693 1759 4514 1694 1760 4515 1695 1761 4516 1689 1762 4517 1698 1763 4518 1696 1758 4519 1694 1760 4520 1697 1764 4521 1698 1763 4522 1690 432 4523 1692 1757 4524 1699 1765 4525 1697 1764 4526 1693 1759 4527 1696 1758 4528 1699 1765 4529 1703 1766 4530 1704 1767 4531 1700 240 4532 1703 1766 4533 1708 1768 4534 1705 1769 4535 1706 1770 4536 1707 1771 4537 1701 350 4538 1710 1772 4539 1708 1768 4540 1706 1770 4541 1709 1773 4542 1710 1772 4543 1702 344 4544 1704 1767 4545 1711 1774 4546 1709 1773 4547 1705 1769 4548 1708 1768 4549 1711 1774 4550 1715 1775 4551 1716 1776 4552 1712 245 4553 1715 1775 4554 1720 1777 4555 1717 1778 4556 1718 1779 4557 1719 1780 4558 1713 1781 4559 1718 1779 4560 1723 1782 4561 1720 1777 4562 1721 1783 4563 1722 1784 4564 1714 351 4565 1716 1776 4566 1723 1782 4567 1721 1783 4568 1717 1778 4569 1720 1777 4570 1723 1782 4571 1727 1785 4572 1728 1786 4573 1724 249 4574 1727 1785 4575 1732 1787 4576 1729 1788 4577 1730 1789 4578 1731 1790 4579 1725 362 4580 1730 1789 4581 1735 1791 4582 1732 1787 4583 1733 1792 4584 1734 1793 4585 1726 356 4586 1728 1786 4587 1735 1791 4588 1733 1792 4589 1729 1788 4590 1732 1787 4591 1735 1791 4592 1739 1794 4593 1740 1795 4594 1736 248 4595 1739 1794 4596 1744 1796 4597 1741 1797 4598 1742 1798 4599 1743 1799 4600 1737 1800 4601 1746 1801 4602 1744 1796 4603 1742 1798 4604 1745 1802 4605 1746 1801 4606 1738 363 4607 1740 1795 4608 1747 1803 4609 1745 1802 4610 1741 1797 4611 1744 1796 4612 1747 1803 4613 1751 1804 4614 1752 1805 4615 1748 257 4616 1751 1804 4617 1756 1806 4618 1753 1807 4619 1754 1808 4620 1755 1809 4621 1749 1810 4622 1758 1811 4623 1756 1806 4624 1754 1808 4625 1757 1812 4626 1758 1811 4627 1750 368 4628 1752 1805 4629 1759 1813 4630 1757 1812 4631 1753 1807 4632 1756 1806 4633 1759 1813 4634 1763 1814 4635 1764 1815 4636 1760 261 4637 1763 1814 4638 1768 1816 4639 1765 1817 4640 1766 1818 4641 1767 1819 4642 1761 380 4643 1766 1818 4644 1771 1820 4645 1768 1816 4646 1769 1821 4647 1770 1822 4648 1762 374 4649 1764 1815 4650 1771 1820 4651 1769 1821 4652 1765 1817 4653 1768 1816 4654 1771 1820 4655 1775 1823 4656 1776 1824 4657 1772 265 4658 1775 1823 4659 1780 1825 4660 1777 1826 4661 1778 1827 4662 1779 1828 4663 1773 386 4664 1778 1827 4665 1783 1829 4666 1780 1825 4667 1781 1830 4668 1782 1831 4669 1774 381 4670 1776 1824 4671 1783 1829 4672 1781 1830 4673 1777 1826 4674 1780 1825 4675 1783 1829 4676 1787 1832 4677 1788 1833 4678 1784 269 4679 1787 1832 4680 1792 1834 4681 1789 1835 4682 1790 1836 4683 1791 1837 4684 1785 392 4685 1794 1838 4686 1792 1834 4687 1790 1836 4688 1793 1839 4689 1794 1838 4690 1786 387 4691 1788 1833 4692 1795 1840 4693 1793 1839 4694 1789 1835 4695 1792 1834 4696 1795 1840 4697 1799 1841 4698 1800 1842 4699 1796 273 4700 1799 1841 4701 1804 1843 4702 1801 1844 4703 1802 1845 4704 1803 1846 4705 1797 1847 4706 1806 1848 4707 1804 1843 4708 1802 1845 4709 1805 1849 4710 1806 1848 4711 1798 393 4712 1800 1842 4713 1807 1850 4714 1805 1849 4715 1801 1844 4716 1804 1843 4717 1807 1850 4718 1811 1851 4719 1812 1852 4720 1808 275 4721 1811 1851 4722 1816 1853 4723 1813 1854 4724 1814 1855 4725 1815 1856 4726 1809 1857 4727 1814 1855 4728 1819 1858 4729 1816 1853 4730 1817 1859 4731 1818 1860 4732 1810 401 4733 1812 1852 4734 1819 1858 4735 1817 1859 4736 1813 1854 4737 1816 1853 4738 1819 1858 4739 1823 1861 4740 1824 1862 4741 1820 224 4742 1823 1861 4743 1828 1863 4744 1825 1864 4745 1826 1865 4746 1827 1866 4747 1821 419 4748 1830 1867 4749 1828 1863 4750 1826 1865 4751 1829 1868 4752 1830 1867 4753 1822 410 4754 1824 1862 4755 1831 1869 4756 1829 1868 4757 1825 1864 4758 1828 1863 4759 1831 1869 4760 1835 1870 4761 1836 1871 4762 1832 223 4763 1835 1870 4764 1840 1872 4765 1837 1873 4766 1838 1874 4767 1839 1875 4768 1833 1876 4769 1838 1874 4770 1843 1877 4771 1840 1872 4772 1841 1878 4773 1842 1879 4774 1834 420 4775 1836 1871 4776 1843 1877 4777 1841 1878 4778 1837 1873 4779 1840 1872 4780 1843 1877 4781 1847 1880 4782 1848 1881 4783 1844 133 4784 1847 1880 4785 1852 1882 4786 1849 1883 4787 1850 1884 4788 1851 1885 4789 1845 1886 4790 1850 1884 4791 1855 1887 4792 1852 1882 4793 1853 1888 4794 1854 1889 4795 1846 428 4796 1848 1881 4797 1855 1887 4798 1853 1888 4799 1849 1883 4800 1852 1882 4801 1855 1887 4802 1484 220 4803 1481 1593 4804 1474 336 4805 1481 1593 4806 1493 1602 4807 1476 1587 4808 1476 1587 4809 1486 339 4810 1472 338 4811 1496 243 4812 1487 1595 4813 1484 220 4814 1487 1595 4815 1505 1612 4816 1491 1600 4817 1505 1612 4818 1485 407 4819 1491 1600 4820 1508 228 4821 1499 1604 4822 1496 243 4823 1499 1604 4824 1517 1622 4825 1503 1609 4826 1503 1609 4827 1510 416 4828 1497 1610 4829 1508 228 4830 1524 1625 4831 1511 1614 4832 1511 1614 4833 1529 1632 4834 1515 1619 4835 1529 1632 4836 1509 1620 4837 1515 1619 4838 1532 238 4839 1523 1624 4840 1520 234 4841 1536 1635 4842 1527 1629 4843 1523 1624 4844 1527 1629 4845 1534 434 4846 1521 1630 4847 1532 238 4848 1548 1644 4849 1535 1634 4850 1548 1644 4851 1539 1639 4852 1535 1634 4853 1553 1651 4854 1533 347 4855 1539 1639 4856 1556 247 4857 1547 1643 4858 1544 237 4859 1547 1643 4860 1565 1661 4861 1551 1648 4862 1565 1661 4863 1545 1649 4864 1551 1648 4865 1556 247 4866 1572 1664 4867 1559 1653 4868 1572 1664 4869 1563 1658 4870 1559 1653 4871 1577 1670 4872 1557 1659 4873 1563 1658 4874 1580 255 4875 1571 1663 4876 1568 251 4877 1571 1663 4878 1589 1679 4879 1575 1668 4880 1575 1668 4881 1582 366 4882 1569 365 4883 1592 259 4884 1583 1672 4885 1580 255 4886 1583 1672 4887 1601 1688 4888 1587 1677 4889 1601 1688 4890 1581 371 4891 1587 1677 4892 1604 263 4893 1595 1681 4894 1592 259 4895 1595 1681 4896 1613 1698 4897 1599 1686 4898 1599 1686 4899 1606 378 4900 1593 377 4901 1604 263 4902 1620 1701 4903 1607 1690 4904 1607 1690 4905 1625 1708 4906 1611 1695 4907 1625 1708 4908 1605 1696 4909 1611 1695 4910 1628 271 4911 1619 1700 4912 1616 267 4913 1632 1711 4914 1623 1705 4915 1619 1700 4916 1623 1705 4917 1630 389 4918 1617 1706 4919 1628 271 4920 1644 1720 4921 1631 1710 4922 1644 1720 4923 1635 1715 4924 1631 1710 4925 1649 1726 4926 1629 395 4927 1635 1715 4928 1640 270 4929 1656 1729 4930 1643 1719 4931 1656 1729 4932 1647 1724 4933 1643 1719 4934 1647 1724 4935 1654 405 4936 1641 404 4937 1652 214 4938 1668 1739 4939 1655 1728 4940 1668 1739 4941 1659 1733 4942 1655 1728 4943 1673 1745 4944 1653 1734 4945 1659 1733 4946 1676 232 4947 1667 1738 4948 1664 226 4949 1667 1738 4950 1685 1754 4951 1671 1743 4952 1671 1743 4953 1678 423 4954 1665 422 4955 1688 236 4956 1679 1747 4957 1676 232 4958 1679 1747 4959 1697 1764 4960 1683 1752 4961 1683 1752 4962 1690 432 4963 1677 431 4964 1700 240 4965 1691 1756 4966 1688 236 4967 1691 1756 4968 1709 1773 4969 1695 1761 4970 1695 1761 4971 1702 344 4972 1689 1762 4973 1700 240 4974 1716 1776 4975 1703 1766 4976 1703 1766 4977 1721 1783 4978 1707 1771 4979 1721 1783 4980 1701 350 4981 1707 1771 4982 1724 249 4983 1715 1775 4984 1712 245 4985 1728 1786 4986 1719 1780 4987 1715 1775 4988 1719 1780 4989 1726 356 4990 1713 1781 4991 1724 249 4992 1740 1795 4993 1727 1785 4994 1740 1795 4995 1731 1790 4996 1727 1785 4997 1745 1802 4998 1725 362 4999 1731 1790 5000 1748 257 5001 1739 1794 5002 1736 248 5003 1739 1794 5004 1757 1812 5005 1743 1799 5006 1757 1812 5007 1737 1800 5008 1743 1799 5009 1748 257 5010 1764 1815 5011 1751 1804 5012 1764 1815 5013 1755 1809 5014 1751 1804 5015 1769 1821 5016 1749 1810 5017 1755 1809 5018 1772 265 5019 1763 1814 5020 1760 261 5021 1763 1814 5022 1781 1830 5023 1767 1819 5024 1767 1819 5025 1774 381 5026 1761 380 5027 1784 269 5028 1775 1823 5029 1772 265 5030 1775 1823 5031 1793 1839 5032 1779 1828 5033 1793 1839 5034 1773 386 5035 1779 1828 5036 1796 273 5037 1787 1832 5038 1784 269 5039 1787 1832 5040 1805 1849 5041 1791 1837 5042 1791 1837 5043 1798 393 5044 1785 392 5045 1796 273 5046 1812 1852 5047 1799 1841 5048 1799 1841 5049 1817 1859 5050 1803 1846 5051 1817 1859 5052 1797 1847 5053 1803 1846 5054 1820 224 5055 1811 1851 5056 1808 275 5057 1824 1862 5058 1815 1856 5059 1811 1851 5060 1815 1856 5061 1822 410 5062 1809 1857 5063 1820 224 5064 1836 1871 5065 1823 1861 5066 1836 1871 5067 1827 1866 5068 1823 1861 5069 1841 1878 5070 1821 419 5071 1827 1866 5072 1832 223 5073 1848 1881 5074 1835 1870 5075 1848 1881 5076 1839 1875 5077 1835 1870 5078 1853 1888 5079 1833 1876 5080 1839 1875 5081 1844 133 5082 1482 1592 5083 1847 1880 5084 1482 1592 5085 1851 1885 5086 1847 1880 5087 1478 1590 5088 1845 1886 5089 1851 1885 5090 1090 1290 5091 1104 1293 5092 1097 1289 5093 1097 1289 5094 1109 1300 5095 1092 1283 5096 1109 1300 5097 1088 276 5098 1092 1283 5099 1101 1298 5100 1116 1303 5101 1106 1296 5102 1106 1296 5103 1121 1309 5104 1110 1299 5105 1121 1309 5106 1102 218 5107 1110 1299 5108 1113 415 5109 1128 1312 5110 1118 1306 5111 1118 1306 5112 1133 1318 5113 1122 1307 5114 1133 1318 5115 1114 216 5116 1122 1307 5117 1136 426 5118 1130 1315 5119 1125 424 5120 1130 1315 5121 1145 1327 5122 1134 1316 5123 1145 1327 5124 1126 279 5125 1134 1316 5126 1137 433 5127 1152 1330 5128 1142 1324 5129 1152 1330 5130 1146 1325 5131 1142 1324 5132 1157 1337 5133 1138 281 5134 1146 1325 5135 1160 346 5136 1154 1333 5137 1149 1335 5138 1164 1340 5139 1158 1336 5140 1154 1333 5141 1158 1336 5142 1162 285 5143 1150 283 5144 1172 354 5145 1166 1343 5146 1161 352 5147 1176 1349 5148 1170 1345 5149 1166 1343 5150 1170 1345 5151 1174 287 5152 1162 285 5153 1184 360 5154 1178 1352 5155 1173 358 5156 1188 1358 5157 1182 1354 5158 1178 1352 5159 1193 1365 5160 1174 287 5161 1182 1354 5162 1185 1363 5163 1200 1368 5164 1190 1361 5165 1190 1361 5166 1205 1375 5167 1194 1364 5168 1205 1375 5169 1186 289 5170 1194 1364 5171 1197 1373 5172 1212 1378 5173 1202 1371 5174 1202 1371 5175 1217 1385 5176 1206 1374 5177 1217 1385 5178 1198 291 5179 1206 1374 5180 1209 1382 5181 1224 1388 5182 1214 1381 5183 1214 1381 5184 1229 1394 5185 1218 1383 5186 1229 1394 5187 1210 293 5188 1218 1383 5189 1232 384 5190 1226 1391 5191 1221 382 5192 1226 1391 5193 1241 1403 5194 1230 1392 5195 1230 1392 5196 1234 297 5197 1222 295 5198 1244 390 5199 1238 1400 5200 1233 388 5201 1238 1400 5202 1253 1413 5203 1242 1402 5204 1253 1413 5205 1234 297 5206 1242 1402 5207 1245 1410 5208 1260 1416 5209 1250 1409 5210 1250 1409 5211 1265 1423 5212 1254 1411 5213 1265 1423 5214 1246 299 5215 1254 1411 5216 1268 403 5217 1262 1419 5218 1257 1421 5219 1272 1426 5220 1266 1422 5221 1262 1419 5222 1266 1422 5223 1270 306 5224 1258 301 5225 1280 414 5226 1274 1429 5227 1269 412 5228 1284 1435 5229 1278 1430 5230 1274 1429 5231 1278 1430 5232 1282 305 5233 1270 306 5234 1281 1439 5235 1296 1445 5236 1286 1438 5237 1296 1445 5238 1290 1440 5239 1286 1438 5240 1301 1452 5241 1282 305 5242 1290 1440 5243 1293 1450 5244 1308 1455 5245 1298 1448 5246 1298 1448 5247 1313 1461 5248 1302 1451 5249 1313 1461 5250 1294 307 5251 1302 1451 5252 1305 343 5253 1320 1464 5254 1310 1458 5255 1310 1458 5256 1325 1471 5257 1314 1459 5258 1325 1471 5259 1306 309 5260 1314 1459 5261 1328 349 5262 1322 1467 5263 1317 1468 5264 1322 1467 5265 1337 1480 5266 1326 1469 5267 1337 1480 5268 1318 311 5269 1326 1469 5270 1329 355 5271 1344 1483 5272 1334 1477 5273 1344 1483 5274 1338 1478 5275 1334 1477 5276 1349 1490 5277 1330 313 5278 1338 1478 5279 1352 361 5280 1346 1486 5281 1341 1488 5282 1356 1493 5283 1350 1489 5284 1346 1486 5285 1350 1489 5286 1354 317 5287 1342 315 5288 1364 369 5289 1358 1496 5290 1353 367 5291 1368 1502 5292 1362 1498 5293 1358 1496 5294 1362 1498 5295 1366 319 5296 1354 317 5297 1376 375 5298 1370 1505 5299 1365 373 5300 1380 1511 5301 1374 1507 5302 1370 1505 5303 1385 1518 5304 1366 319 5305 1374 1507 5306 1377 1516 5307 1392 1521 5308 1382 1514 5309 1382 1514 5310 1397 1528 5311 1386 1517 5312 1397 1528 5313 1378 321 5314 1386 1517 5315 1389 1526 5316 1404 1531 5317 1394 1524 5318 1394 1524 5319 1409 1538 5320 1398 1527 5321 1409 1538 5322 1390 323 5323 1398 1527 5324 1401 1535 5325 1416 1541 5326 1406 1534 5327 1406 1534 5328 1421 1547 5329 1410 1536 5330 1421 1547 5331 1402 325 5332 1410 1536 5333 1424 402 5334 1418 1544 5335 1413 400 5336 1418 1544 5337 1433 1556 5338 1422 1545 5339 1422 1545 5340 1426 329 5341 1414 327 5342 1425 409 5343 1440 1559 5344 1430 1553 5345 1440 1559 5346 1434 1554 5347 1430 1553 5348 1445 1566 5349 1426 329 5350 1434 1554 5351 1448 418 5352 1442 1562 5353 1437 1564 5354 1452 1569 5355 1446 1565 5356 1442 1562 5357 1446 1565 5358 1450 333 5359 1438 331 5360 1460 429 5361 1454 1572 5362 1449 427 5363 1464 1578 5364 1458 1574 5365 1454 1572 5366 1458 1574 5367 1462 278 5368 1450 333 5369 1089 399 5370 1466 1581 5371 1461 397 5372 1095 1287 5373 1470 1582 5374 1466 1581 5375 1091 1282 5376 1462 278 5377 1470 1582 5378 1485 407 5379 1107 1297 5380 1490 1599 5381 1490 1599 5382 1103 1292 5383 1494 1603 5384 1103 1292 5385 1486 339 5386 1494 1603 5387 1473 398 5388 1094 1286 5389 1089 399 5390 1479 1591 5391 1098 1288 5392 1094 1286 5393 1098 1288 5394 1472 338 5395 1090 1290 5396 1497 1610 5397 1119 1304 5398 1502 1608 5399 1119 1304 5400 1506 1611 5401 1502 1608 5402 1115 1302 5403 1498 408 5404 1506 1611 5405 1509 1620 5406 1131 1313 5407 1514 1618 5408 1131 1313 5409 1518 1623 5410 1514 1618 5411 1127 1311 5412 1510 416 5413 1518 1623 5414 1521 1630 5415 1143 1322 5416 1526 1628 5417 1526 1628 5418 1139 1320 5419 1530 1633 5420 1139 1320 5421 1522 425 5422 1530 1633 5423 1533 347 5424 1155 1334 5425 1538 1638 5426 1538 1638 5427 1151 1329 5428 1542 1642 5429 1151 1329 5430 1534 434 5431 1542 1642 5432 1545 1649 5433 1167 1344 5434 1550 1647 5435 1550 1647 5436 1163 1339 5437 1554 1650 5438 1163 1339 5439 1546 348 5440 1554 1650 5441 1557 1659 5442 1179 1353 5443 1562 1657 5444 1179 1353 5445 1566 1660 5446 1562 1657 5447 1175 1348 5448 1558 353 5449 1566 1660 5450 1569 365 5451 1191 1362 5452 1574 1667 5453 1191 1362 5454 1578 1671 5455 1574 1667 5456 1187 1357 5457 1570 359 5458 1578 1671 5459 1581 371 5460 1203 1372 5461 1586 1676 5462 1586 1676 5463 1199 1367 5464 1590 1680 5465 1199 1367 5466 1582 366 5467 1590 1680 5468 1593 377 5469 1215 1379 5470 1598 1685 5471 1215 1379 5472 1602 1687 5473 1598 1685 5474 1211 1377 5475 1594 372 5476 1602 1687 5477 1605 1696 5478 1227 1389 5479 1610 1694 5480 1227 1389 5481 1614 1697 5482 1610 1694 5483 1223 1387 5484 1606 378 5485 1614 1697 5486 1617 1706 5487 1239 1401 5488 1622 1704 5489 1622 1704 5490 1235 1396 5491 1626 1709 5492 1235 1396 5493 1618 383 5494 1626 1709 5495 1629 395 5496 1251 1407 5497 1634 1714 5498 1251 1407 5499 1638 1718 5500 1634 1714 5501 1247 1405 5502 1630 389 5503 1638 1718 5504 1641 404 5505 1263 1420 5506 1646 1723 5507 1646 1723 5508 1259 1415 5509 1650 1727 5510 1259 1415 5511 1642 396 5512 1650 1727 5513 1653 1734 5514 1275 1427 5515 1658 1732 5516 1275 1427 5517 1662 1735 5518 1658 1732 5519 1271 1425 5520 1654 405 5521 1662 1735 5522 1665 422 5523 1287 1436 5524 1670 1742 5525 1670 1742 5526 1283 1434 5527 1674 1744 5528 1283 1434 5529 1666 413 5530 1674 1744 5531 1677 431 5532 1299 1449 5533 1682 1751 5534 1682 1751 5535 1295 1444 5536 1686 1755 5537 1295 1444 5538 1678 423 5539 1686 1755 5540 1689 1762 5541 1311 1456 5542 1694 1760 5543 1311 1456 5544 1698 1763 5545 1694 1760 5546 1307 1454 5547 1690 432 5548 1698 1763 5549 1701 350 5550 1323 1465 5551 1706 1770 5552 1323 1465 5553 1710 1772 5554 1706 1770 5555 1319 1463 5556 1702 344 5557 1710 1772 5558 1713 1781 5559 1335 1475 5560 1718 1779 5561 1335 1475 5562 1722 1784 5563 1718 1779 5564 1331 1473 5565 1714 351 5566 1722 1784 5567 1725 362 5568 1347 1487 5569 1730 1789 5570 1730 1789 5571 1343 1482 5572 1734 1793 5573 1343 1482 5574 1726 356 5575 1734 1793 5576 1737 1800 5577 1359 1497 5578 1742 1798 5579 1742 1798 5580 1355 1492 5581 1746 1801 5582 1355 1492 5583 1738 363 5584 1746 1801 5585 1749 1810 5586 1371 1506 5587 1754 1808 5588 1371 1506 5589 1758 1811 5590 1754 1808 5591 1367 1501 5592 1750 368 5593 1758 1811 5594 1761 380 5595 1383 1515 5596 1766 1818 5597 1383 1515 5598 1770 1822 5599 1766 1818 5600 1379 1510 5601 1762 374 5602 1770 1822 5603 1773 386 5604 1395 1525 5605 1778 1827 5606 1778 1827 5607 1391 1520 5608 1782 1831 5609 1391 1520 5610 1774 381 5611 1782 1831 5612 1785 392 5613 1407 1532 5614 1790 1836 5615 1407 1532 5616 1794 1838 5617 1790 1836 5618 1403 1530 5619 1786 387 5620 1794 1838 5621 1797 1847 5622 1419 1542 5623 1802 1845 5624 1419 1542 5625 1806 1848 5626 1802 1845 5627 1415 1540 5628 1798 393 5629 1806 1848 5630 1809 1857 5631 1431 1551 5632 1814 1855 5633 1431 1551 5634 1818 1860 5635 1814 1855 5636 1427 1549 5637 1810 401 5638 1818 1860 5639 1821 419 5640 1443 1563 5641 1826 1865 5642 1826 1865 5643 1439 1558 5644 1830 1867 5645 1439 1558 5646 1822 410 5647 1830 1867 5648 1833 1876 5649 1455 1573 5650 1838 1874 5651 1838 1874 5652 1451 1568 5653 1842 1879 5654 1451 1568 5655 1834 420 5656 1842 1879 5657 1845 1886 5658 1467 1579 5659 1850 1884 5660 1467 1579 5661 1854 1889 5662 1850 1884 5663 1463 1577 5664 1846 428 5665 1854 1889 5666 1102 218 5667 0 1890 5668 1088 276 5669 836 0 5670 965 1178 5671 969 1 5672 841 3 5673 89 7 5674 77 4 5675 845 6 5676 101 9 5677 89 7 5678 849 8 5679 113 11 5680 101 9 5681 853 10 5682 125 13 5683 113 11 5684 857 12 5685 137 15 5686 125 13 5687 861 14 5688 149 17 5689 137 15 5690 865 16 5691 161 19 5692 149 17 5693 869 18 5694 173 21 5695 161 19 5696 873 20 5697 185 23 5698 173 21 5699 877 22 5700 197 25 5701 185 23 5702 881 24 5703 209 27 5704 197 25 5705 885 26 5706 221 29 5707 209 27 5708 889 28 5709 233 31 5710 221 29 5711 893 30 5712 245 33 5713 233 31 5714 897 32 5715 257 35 5716 245 33 5717 901 34 5718 269 37 5719 257 35 5720 905 36 5721 281 39 5722 269 37 5723 909 38 5724 293 41 5725 281 39 5726 913 40 5727 305 43 5728 293 41 5729 917 42 5730 317 45 5731 305 43 5732 921 44 5733 329 47 5734 317 45 5735 925 46 5736 341 49 5737 329 47 5738 929 48 5739 353 51 5740 341 49 5741 933 50 5742 365 53 5743 353 51 5744 937 52 5745 377 55 5746 365 53 5747 941 54 5748 389 57 5749 377 55 5750 945 56 5751 401 59 5752 389 57 5753 949 58 5754 413 61 5755 401 59 5756 953 60 5757 425 66 5758 413 61 5759 1085 62 5760 960 1176 5761 833 63 5762 957 65 5763 437 68 5764 425 66 5765 832 67 5766 66 510 5767 437 68 5768 412 69 5769 798 1092 5770 784 70 5771 148 72 5772 534 880 5773 520 73 5774 246 75 5775 256 655 5776 642 76 5777 364 78 5778 750 1053 5779 736 79 5780 100 81 5781 486 842 5782 472 82 5783 208 84 5784 594 928 5785 580 85 5786 316 87 5787 702 1015 5788 688 88 5789 414 90 5790 424 786 5791 810 91 5792 150 93 5793 160 580 5794 546 94 5795 268 96 5796 654 976 5797 640 97 5798 366 99 5799 376 749 5800 762 100 5801 102 102 5802 112 542 5803 498 103 5804 220 105 5805 606 938 5806 592 106 5807 318 108 5808 328 711 5809 714 109 5810 436 111 5811 822 1111 5812 808 112 5813 172 114 5814 558 899 5815 544 115 5816 270 117 5817 280 674 5818 666 118 5819 388 120 5820 774 1072 5821 760 121 5822 124 123 5823 510 861 5824 496 124 5825 222 126 5826 232 636 5827 618 127 5828 340 129 5829 726 1034 5830 712 130 5831 450 132 5832 1474 336 5833 1844 133 5834 174 135 5835 184 599 5836 570 136 5837 292 138 5838 678 995 5839 664 139 5840 400 141 5841 786 1082 5842 772 142 5843 126 144 5844 136 561 5845 522 145 5846 244 147 5847 630 957 5848 616 148 5849 342 150 5850 352 730 5851 738 151 5852 438 153 5853 65 506 5854 448 154 5855 968 157 5856 964 1182 5857 961 1281 5858 961 1281 5859 1084 1280 5860 968 157 5861 1084 1280 5862 1080 1277 5863 968 157 5864 1080 1277 5865 1076 1274 5866 1072 1270 5867 1072 1270 5868 1068 1267 5869 1080 1277 5870 1068 1267 5871 1064 1263 5872 1080 1277 5873 1064 1263 5874 1060 1260 5875 1048 1250 5876 1060 1260 5877 1056 1256 5878 1048 1250 5879 1056 1256 5880 1052 1253 5881 1048 1250 5882 1048 1250 5883 1044 1247 5884 1040 1243 5885 1040 1243 5886 1036 1240 5887 1048 1250 5888 1036 1240 5889 1032 158 5890 1048 1250 5891 1032 158 5892 1028 1234 5893 1024 1230 5894 1024 1230 5895 1020 1227 5896 1032 158 5897 1020 1227 5898 1016 1224 5899 1032 158 5900 1016 1224 5901 1012 1221 5902 1008 1217 5903 1008 1217 5904 1004 1214 5905 1016 1224 5906 1004 1214 5907 1000 1210 5908 1016 1224 5909 1000 1210 5910 996 1207 5911 992 1203 5912 992 1203 5913 988 1200 5914 1000 1210 5915 988 1200 5916 984 156 5917 1000 1210 5918 984 156 5919 980 1195 5920 976 1191 5921 976 1191 5922 972 1188 5923 984 156 5924 972 1188 5925 968 157 5926 984 156 5927 968 157 5928 1080 1277 5929 1064 1263 5930 1064 1263 5931 1048 1250 5932 968 157 5933 1048 1250 5934 1032 158 5935 968 157 5936 1032 158 5937 1016 1224 5938 1000 1210 5939 1000 1210 5940 984 156 5941 1032 158 5942 196 159 5943 582 918 5944 568 160 5945 304 162 5946 690 1005 5947 676 163 5948 1073 165 5949 1077 1272 5950 948 166 5951 1017 168 5952 1021 212 5953 892 169 5954 940 171 5955 1069 1264 5956 1073 165 5957 884 172 5958 1013 1219 5959 1017 168 5960 1065 173 5961 1069 1264 5962 940 171 5963 1009 175 5964 1013 1219 5965 884 172 5966 932 177 5967 1061 1258 5968 1065 173 5969 876 178 5970 1005 1211 5971 1009 175 5972 1057 179 5973 1061 1258 5974 932 177 5975 1001 181 5976 1005 1211 5977 876 178 5978 1053 183 5979 1057 179 5980 928 180 5981 868 185 5982 997 1205 5983 1001 181 5984 1049 186 5985 1053 183 5986 924 184 5987 993 188 5988 997 1205 5989 868 185 5990 916 190 5991 1045 1244 5992 1049 186 5993 989 191 5994 993 188 5995 864 189 5996 1041 193 5997 1045 1244 5998 916 190 5999 88 195 6000 474 832 6001 460 196 6002 985 198 6003 989 191 6004 860 192 6005 908 200 6006 1037 1237 6007 1041 193 6008 852 201 6009 981 1192 6010 985 198 6011 1033 202 6012 1037 1237 6013 908 200 6014 977 204 6015 981 1192 6016 852 201 6017 900 206 6018 1029 1232 6019 1033 202 6020 1081 207 6021 1085 62 6022 956 64 6023 844 209 6024 973 1185 6025 977 204 6026 1025 210 6027 1029 1232 6028 900 206 6029 948 166 6030 1077 1272 6031 1081 207 6032 969 1 6033 973 1185 6034 844 209 6035 1021 212 6036 1025 210 6037 896 211 6038 641 213 6039 1664 226 6040 1652 214 6041 1114 216 6042 2 280 6043 1 217 6044 473 219 6045 1496 243 6046 1484 220 6047 797 222 6048 809 230 6049 1832 223 6050 653 225 6051 1676 232 6052 1664 226 6053 497 227 6054 1520 234 6055 1508 228 6056 821 134 6057 1844 133 6058 1832 223 6059 665 231 6060 1688 236 6061 1676 232 6062 509 233 6063 1532 238 6064 1520 234 6065 677 235 6066 1700 240 6067 1688 236 6068 509 233 6069 521 242 6070 1544 237 6071 689 239 6072 1712 245 6073 1700 240 6074 533 241 6075 1556 247 6076 1544 237 6077 485 229 6078 1508 228 6079 1496 243 6080 701 244 6081 1724 249 6082 1712 245 6083 545 246 6084 1568 251 6085 1556 247 6086 701 244 6087 713 253 6088 1736 248 6089 557 250 6090 1580 255 6091 1568 251 6092 725 252 6093 1748 257 6094 1736 248 6095 569 254 6096 1592 259 6097 1580 255 6098 737 256 6099 1760 261 6100 1748 257 6101 581 258 6102 1604 263 6103 1592 259 6104 749 260 6105 1772 265 6106 1760 261 6107 593 262 6108 1616 267 6109 1604 263 6110 761 264 6111 1784 269 6112 1772 265 6113 605 266 6114 1628 271 6115 1616 267 6116 773 268 6117 1796 273 6118 1784 269 6119 605 266 6120 617 274 6121 1640 270 6122 785 272 6123 1808 275 6124 1796 273 6125 629 215 6126 1652 214 6127 1640 270 6128 797 222 6129 1820 224 6130 1808 275 6131 1088 276 6132 0 1890 6133 31 277 6134 1126 279 6135 3 282 6136 2 280 6137 1138 281 6138 4 284 6139 3 282 6140 1150 283 6141 5 286 6142 4 284 6143 1162 285 6144 6 288 6145 5 286 6146 1174 287 6147 7 290 6148 6 288 6149 1186 289 6150 8 292 6151 7 290 6152 1198 291 6153 9 294 6154 8 292 6155 1210 293 6156 10 296 6157 9 294 6158 1222 295 6159 11 298 6160 10 296 6161 1234 297 6162 12 300 6163 11 298 6164 1246 299 6165 13 302 6166 12 300 6167 1258 301 6168 14 304 6169 13 302 6170 1258 301 6171 1270 306 6172 15 303 6173 1282 305 6174 16 308 6175 15 303 6176 1294 307 6177 17 310 6178 16 308 6179 1306 309 6180 18 312 6181 17 310 6182 1318 311 6183 19 314 6184 18 312 6185 1330 313 6186 20 316 6187 19 314 6188 1342 315 6189 21 318 6190 20 316 6191 1354 317 6192 22 320 6193 21 318 6194 1366 319 6195 23 322 6196 22 320 6197 1378 321 6198 24 324 6199 23 322 6200 1390 323 6201 25 326 6202 24 324 6203 1402 325 6204 26 328 6205 25 326 6206 1414 327 6207 27 330 6208 26 328 6209 1426 329 6210 28 332 6211 27 330 6212 1438 331 6213 29 334 6214 28 332 6215 1450 333 6216 30 335 6217 29 334 6218 1462 278 6219 31 277 6220 30 335 6221 461 221 6222 1484 220 6223 1474 336 6224 1100 337 6225 1090 1290 6226 1472 338 6227 22 340 6228 54 443 6229 53 341 6230 1305 343 6231 1689 1762 6232 1702 344 6233 1160 346 6234 1149 1335 6235 1533 347 6236 1328 349 6237 1317 1468 6238 1701 350 6239 1161 352 6240 1545 1649 6241 1558 353 6242 1329 355 6243 1713 1781 6244 1726 356 6245 1173 358 6246 1557 1659 6247 1570 359 6248 1352 361 6249 1341 1488 6250 1725 362 6251 1196 364 6252 1185 1363 6253 1569 365 6254 1353 367 6255 1737 1800 6256 1750 368 6257 1208 370 6258 1197 1373 6259 1581 371 6260 1365 373 6261 1749 1810 6262 1762 374 6263 1220 376 6264 1209 1382 6265 1593 377 6266 1388 379 6267 1377 1516 6268 1761 380 6269 1221 382 6270 1605 1696 6271 1618 383 6272 1400 385 6273 1389 1526 6274 1773 386 6275 1233 388 6276 1617 1706 6277 1630 389 6278 1412 391 6279 1401 1535 6280 1785 392 6281 1256 394 6282 1245 1410 6283 1629 395 6284 1461 397 6285 1845 1886 6286 1473 398 6287 1413 400 6288 1797 1847 6289 1810 401 6290 1268 403 6291 1257 1421 6292 1641 404 6293 1112 406 6294 1101 1298 6295 1485 407 6296 1425 409 6297 1809 1857 6298 1822 410 6299 1269 412 6300 1653 1734 6301 1666 413 6302 1113 415 6303 1497 1610 6304 1510 416 6305 1448 418 6306 1437 1564 6307 1821 419 6308 1292 421 6309 1281 1439 6310 1665 422 6311 1125 424 6312 1509 1620 6313 1522 425 6314 1449 427 6315 1833 1876 6316 1846 428 6317 1304 430 6318 1293 1450 6319 1677 431 6320 1137 433 6321 1521 1630 6322 1534 434 6323 63 438 6324 32 1891 6325 35 1892 6326 32 1891 6327 33 1891 6328 35 1892 6329 33 1891 6330 34 1891 6331 35 1892 6332 35 1892 6333 36 1893 6334 37 1894 6335 37 1894 6336 38 1895 6337 39 1896 6338 39 1896 6339 40 1897 6340 43 1898 6341 40 1897 6342 41 1899 6343 43 1898 6344 41 1899 6345 42 1895 6346 43 1898 6347 43 1898 6348 44 1900 6349 45 1901 6350 45 1901 6351 46 1902 6352 43 1898 6353 46 1902 6354 47 1891 6355 43 1898 6356 47 1891 6357 48 1891 6358 49 1891 6359 49 1891 6360 50 1891 6361 47 1891 6362 50 1891 6363 51 1903 6364 47 1891 6365 51 1903 6366 52 1904 6367 53 1905 6368 53 1905 6369 54 1906 6370 51 1903 6371 54 1906 6372 55 436 6373 51 1903 6374 55 436 6375 56 1891 6376 57 1907 6377 57 1907 6378 58 1908 6379 55 436 6380 58 1908 6381 59 437 6382 55 436 6383 59 437 6384 60 1909 6385 61 1910 6386 61 1910 6387 62 1911 6388 59 437 6389 62 1911 6390 63 438 6391 59 437 6392 35 1892 6393 37 1894 6394 39 1896 6395 63 438 6396 35 1892 6397 39 1896 6398 39 1896 6399 43 1898 6400 63 438 6401 43 1898 6402 47 1891 6403 63 438 6404 47 1891 6405 51 1903 6406 63 438 6407 51 1903 6408 55 436 6409 63 438 6410 9 439 6411 41 445 6412 40 440 6413 23 442 6414 55 447 6415 54 443 6416 9 439 6417 10 449 6418 42 444 6419 24 446 6420 56 451 6421 55 447 6422 11 448 6423 43 453 6424 42 444 6425 25 450 6426 57 455 6427 56 451 6428 11 448 6429 12 457 6430 44 452 6431 26 454 6432 58 459 6433 57 455 6434 13 456 6435 45 461 6436 44 452 6437 27 458 6438 59 466 6439 58 459 6440 14 460 6441 46 468 6442 45 461 6443 1 462 6444 33 470 6445 32 463 6446 27 458 6447 28 472 6448 60 465 6449 15 467 6450 47 474 6451 46 468 6452 2 469 6453 34 476 6454 33 470 6455 29 471 6456 61 478 6457 60 465 6458 15 467 6459 16 480 6460 48 473 6461 3 475 6462 35 482 6463 34 476 6464 30 477 6465 62 484 6466 61 478 6467 17 479 6468 49 486 6469 48 473 6470 4 481 6471 36 488 6472 35 482 6473 31 483 6474 63 489 6475 62 484 6476 17 479 6477 18 490 6478 50 485 6479 5 487 6480 37 493 6481 36 488 6482 0 464 6483 32 463 6484 63 489 6485 18 490 6486 19 494 6487 51 491 6488 6 492 6489 38 497 6490 37 493 6491 19 494 6492 20 498 6493 52 495 6494 7 496 6495 39 499 6496 38 497 6497 21 342 6498 53 341 6499 52 495 6500 7 496 6501 8 441 6502 40 440 6503 67 500 6504 69 504 6505 68 501 6506 71 503 6507 72 508 6508 69 504 6509 70 505 6510 72 508 6511 71 503 6512 74 507 6513 75 511 6514 72 508 6515 73 509 6516 75 511 6517 74 507 6518 73 509 6519 68 501 6520 69 504 6521 79 512 6522 81 516 6523 80 513 6524 83 515 6525 84 519 6526 81 516 6527 82 517 6528 84 519 6529 83 515 6530 82 517 6531 86 521 6532 87 518 6533 85 520 6534 87 518 6535 86 521 6536 80 513 6537 81 516 6538 87 518 6539 91 522 6540 93 525 6541 92 523 6542 95 524 6543 96 528 6544 93 525 6545 94 526 6546 96 528 6547 95 524 6548 94 526 6549 98 530 6550 99 527 6551 97 529 6552 99 527 6553 98 530 6554 97 529 6555 92 523 6556 93 525 6557 103 531 6558 105 534 6559 104 532 6560 107 533 6561 108 537 6562 105 534 6563 106 535 6564 108 537 6565 107 533 6566 106 535 6567 110 539 6568 111 536 6569 109 538 6570 111 536 6571 110 539 6572 109 538 6573 104 532 6574 105 534 6575 115 540 6576 117 544 6577 116 541 6578 119 543 6579 120 547 6580 117 544 6581 118 545 6582 120 547 6583 119 543 6584 118 545 6585 122 549 6586 123 546 6587 121 548 6588 123 546 6589 122 549 6590 116 541 6591 117 544 6592 123 546 6593 127 550 6594 129 553 6595 128 551 6596 131 552 6597 132 556 6598 129 553 6599 130 554 6600 132 556 6601 131 552 6602 130 554 6603 134 558 6604 135 555 6605 133 557 6606 135 555 6607 134 558 6608 128 551 6609 129 553 6610 135 555 6611 139 559 6612 141 563 6613 140 560 6614 143 562 6615 144 566 6616 141 563 6617 142 564 6618 144 566 6619 143 562 6620 142 564 6621 146 568 6622 147 565 6623 145 567 6624 147 565 6625 146 568 6626 145 567 6627 140 560 6628 141 563 6629 151 569 6630 153 572 6631 152 570 6632 155 571 6633 156 575 6634 153 572 6635 154 573 6636 156 575 6637 155 571 6638 154 573 6639 158 577 6640 159 574 6641 157 576 6642 159 574 6643 158 577 6644 157 576 6645 152 570 6646 153 572 6647 163 578 6648 165 582 6649 164 579 6650 167 581 6651 168 585 6652 165 582 6653 166 583 6654 168 585 6655 167 581 6656 166 583 6657 170 587 6658 171 584 6659 169 586 6660 171 584 6661 170 587 6662 164 579 6663 165 582 6664 171 584 6665 175 588 6666 177 591 6667 176 589 6668 179 590 6669 180 594 6670 177 591 6671 178 592 6672 180 594 6673 179 590 6674 178 592 6675 182 596 6676 183 593 6677 181 595 6678 183 593 6679 182 596 6680 176 589 6681 177 591 6682 183 593 6683 187 597 6684 189 601 6685 188 598 6686 191 600 6687 192 604 6688 189 601 6689 190 602 6690 192 604 6691 191 600 6692 190 602 6693 194 606 6694 195 603 6695 193 605 6696 195 603 6697 194 606 6698 188 598 6699 189 601 6700 195 603 6701 199 607 6702 201 610 6703 200 608 6704 203 609 6705 204 613 6706 201 610 6707 202 611 6708 204 613 6709 203 609 6710 202 611 6711 206 615 6712 207 612 6713 205 614 6714 207 612 6715 206 615 6716 200 608 6717 201 610 6718 207 612 6719 211 616 6720 213 619 6721 212 617 6722 215 618 6723 216 622 6724 213 619 6725 214 620 6726 216 622 6727 215 618 6728 214 620 6729 218 624 6730 219 621 6731 217 623 6732 219 621 6733 218 624 6734 217 623 6735 212 617 6736 213 619 6737 223 625 6738 225 628 6739 224 626 6740 227 627 6741 228 631 6742 225 628 6743 226 629 6744 228 631 6745 227 627 6746 226 629 6747 230 633 6748 231 630 6749 229 632 6750 231 630 6751 230 633 6752 224 626 6753 225 628 6754 231 630 6755 235 634 6756 237 638 6757 236 635 6758 239 637 6759 240 641 6760 237 638 6761 238 639 6762 240 641 6763 239 637 6764 238 639 6765 242 643 6766 243 640 6767 241 642 6768 243 640 6769 242 643 6770 241 642 6771 236 635 6772 237 638 6773 247 644 6774 249 647 6775 248 645 6776 251 646 6777 252 650 6778 249 647 6779 250 648 6780 252 650 6781 251 646 6782 250 648 6783 254 652 6784 255 649 6785 253 651 6786 255 649 6787 254 652 6788 253 651 6789 248 645 6790 249 647 6791 259 653 6792 261 657 6793 260 654 6794 263 656 6795 264 660 6796 261 657 6797 262 658 6798 264 660 6799 263 656 6800 262 658 6801 266 662 6802 267 659 6803 265 661 6804 267 659 6805 266 662 6806 260 654 6807 261 657 6808 267 659 6809 271 663 6810 273 666 6811 272 664 6812 275 665 6813 276 669 6814 273 666 6815 274 667 6816 276 669 6817 275 665 6818 274 667 6819 278 671 6820 279 668 6821 277 670 6822 279 668 6823 278 671 6824 272 664 6825 273 666 6826 279 668 6827 283 672 6828 285 676 6829 284 673 6830 287 675 6831 288 679 6832 285 676 6833 286 677 6834 288 679 6835 287 675 6836 286 677 6837 290 681 6838 291 678 6839 289 680 6840 291 678 6841 290 681 6842 289 680 6843 284 673 6844 285 676 6845 295 682 6846 297 685 6847 296 683 6848 299 684 6849 300 688 6850 297 685 6851 298 686 6852 300 688 6853 299 684 6854 298 686 6855 302 690 6856 303 687 6857 301 689 6858 303 687 6859 302 690 6860 301 689 6861 296 683 6862 297 685 6863 307 691 6864 309 694 6865 308 692 6866 311 693 6867 312 697 6868 309 694 6869 310 695 6870 312 697 6871 311 693 6872 310 695 6873 314 699 6874 315 696 6875 313 698 6876 315 696 6877 314 699 6878 313 698 6879 308 692 6880 309 694 6881 319 700 6882 321 703 6883 320 701 6884 323 702 6885 324 706 6886 321 703 6887 322 704 6888 324 706 6889 323 702 6890 322 704 6891 326 708 6892 327 705 6893 325 707 6894 327 705 6895 326 708 6896 320 701 6897 321 703 6898 327 705 6899 331 709 6900 333 713 6901 332 710 6902 335 712 6903 336 716 6904 333 713 6905 334 714 6906 336 716 6907 335 712 6908 334 714 6909 338 718 6910 339 715 6911 337 717 6912 339 715 6913 338 718 6914 337 717 6915 332 710 6916 333 713 6917 343 719 6918 345 722 6919 344 720 6920 347 721 6921 348 725 6922 345 722 6923 346 723 6924 348 725 6925 347 721 6926 346 723 6927 350 727 6928 351 724 6929 349 726 6930 351 724 6931 350 727 6932 349 726 6933 344 720 6934 345 722 6935 355 728 6936 357 732 6937 356 729 6938 359 731 6939 360 735 6940 357 732 6941 358 733 6942 360 735 6943 359 731 6944 358 733 6945 362 737 6946 363 734 6947 361 736 6948 363 734 6949 362 737 6950 356 729 6951 357 732 6952 363 734 6953 367 738 6954 369 741 6955 368 739 6956 371 740 6957 372 744 6958 369 741 6959 370 742 6960 372 744 6961 371 740 6962 370 742 6963 374 746 6964 375 743 6965 373 745 6966 375 743 6967 374 746 6968 368 739 6969 369 741 6970 375 743 6971 379 747 6972 381 751 6973 380 748 6974 383 750 6975 384 754 6976 381 751 6977 382 752 6978 384 754 6979 383 750 6980 382 752 6981 386 756 6982 387 753 6983 385 755 6984 387 753 6985 386 756 6986 380 748 6987 381 751 6988 387 753 6989 391 757 6990 393 760 6991 392 758 6992 395 759 6993 396 763 6994 393 760 6995 394 761 6996 396 763 6997 395 759 6998 394 761 6999 398 765 7000 399 762 7001 397 764 7002 399 762 7003 398 765 7004 392 758 7005 393 760 7006 399 762 7007 403 766 7008 405 769 7009 404 767 7010 407 768 7011 408 772 7012 405 769 7013 406 770 7014 408 772 7015 407 768 7016 406 770 7017 410 774 7018 411 771 7019 409 773 7020 411 771 7021 410 774 7022 409 773 7023 404 767 7024 405 769 7025 415 775 7026 417 778 7027 416 776 7028 419 777 7029 420 781 7030 417 778 7031 418 779 7032 420 781 7033 419 777 7034 418 779 7035 422 783 7036 423 780 7037 421 782 7038 423 780 7039 422 783 7040 421 782 7041 416 776 7042 417 778 7043 427 784 7044 429 788 7045 428 785 7046 431 787 7047 432 791 7048 429 788 7049 430 789 7050 432 791 7051 431 787 7052 430 789 7053 434 793 7054 435 790 7055 433 792 7056 435 790 7057 434 793 7058 428 785 7059 429 788 7060 435 790 7061 439 794 7062 441 797 7063 440 795 7064 443 796 7065 444 800 7066 441 797 7067 442 798 7068 444 800 7069 443 796 7070 442 798 7071 446 802 7072 447 799 7073 445 801 7074 447 799 7075 446 802 7076 445 801 7077 440 795 7078 441 797 7079 451 803 7080 453 806 7081 452 804 7082 451 803 7083 455 808 7084 456 805 7085 454 807 7086 456 805 7087 455 808 7088 458 810 7089 459 812 7090 456 805 7091 457 811 7092 459 812 7093 458 810 7094 457 811 7095 452 804 7096 453 806 7097 463 813 7098 465 816 7099 464 814 7100 467 815 7101 468 819 7102 465 816 7103 466 817 7104 468 819 7105 467 815 7106 466 817 7107 470 821 7108 471 818 7109 469 820 7110 471 818 7111 470 821 7112 464 814 7113 465 816 7114 471 818 7115 475 823 7116 477 826 7117 476 824 7118 479 825 7119 480 829 7120 477 826 7121 478 827 7122 480 829 7123 479 825 7124 478 827 7125 482 831 7126 483 828 7127 481 830 7128 483 828 7129 482 831 7130 481 830 7131 476 824 7132 477 826 7133 487 833 7134 489 836 7135 488 834 7136 491 835 7137 492 839 7138 489 836 7139 490 837 7140 492 839 7141 491 835 7142 490 837 7143 494 841 7144 495 838 7145 493 840 7146 495 838 7147 494 841 7148 493 840 7149 488 834 7150 489 836 7151 499 843 7152 501 846 7153 500 844 7154 503 845 7155 504 849 7156 501 846 7157 502 847 7158 504 849 7159 503 845 7160 502 847 7161 506 851 7162 507 848 7163 505 850 7164 507 848 7165 506 851 7166 505 850 7167 500 844 7168 501 846 7169 511 852 7170 513 855 7171 512 853 7172 515 854 7173 516 858 7174 513 855 7175 514 856 7176 516 858 7177 515 854 7178 514 856 7179 518 860 7180 519 857 7181 517 859 7182 519 857 7183 518 860 7184 512 853 7185 513 855 7186 519 857 7187 523 862 7188 525 865 7189 524 863 7190 527 864 7191 528 868 7192 525 865 7193 526 866 7194 528 868 7195 527 864 7196 526 866 7197 530 870 7198 531 867 7199 529 869 7200 531 867 7201 530 870 7202 524 863 7203 525 865 7204 531 867 7205 535 871 7206 537 874 7207 536 872 7208 539 873 7209 540 877 7210 537 874 7211 538 875 7212 540 877 7213 539 873 7214 538 875 7215 542 879 7216 543 876 7217 541 878 7218 543 876 7219 542 879 7220 541 878 7221 536 872 7222 537 874 7223 547 881 7224 549 884 7225 548 882 7226 551 883 7227 552 887 7228 549 884 7229 550 885 7230 552 887 7231 551 883 7232 550 885 7233 554 889 7234 555 886 7235 553 888 7236 555 886 7237 554 889 7238 553 888 7239 548 882 7240 549 884 7241 559 890 7242 561 893 7243 560 891 7244 563 892 7245 564 896 7246 561 893 7247 562 894 7248 564 896 7249 563 892 7250 562 894 7251 566 898 7252 567 895 7253 565 897 7254 567 895 7255 566 898 7256 560 891 7257 561 893 7258 567 895 7259 571 900 7260 573 903 7261 572 901 7262 575 902 7263 576 906 7264 573 903 7265 574 904 7266 576 906 7267 575 902 7268 574 904 7269 578 908 7270 579 905 7271 577 907 7272 579 905 7273 578 908 7274 577 907 7275 572 901 7276 573 903 7277 583 909 7278 585 912 7279 584 910 7280 587 911 7281 588 915 7282 585 912 7283 586 913 7284 588 915 7285 587 911 7286 586 913 7287 590 917 7288 591 914 7289 589 916 7290 591 914 7291 590 917 7292 589 916 7293 584 910 7294 585 912 7295 595 919 7296 597 922 7297 596 920 7298 599 921 7299 600 925 7300 597 922 7301 598 923 7302 600 925 7303 599 921 7304 598 923 7305 602 927 7306 603 924 7307 601 926 7308 603 924 7309 602 927 7310 601 926 7311 596 920 7312 597 922 7313 607 929 7314 609 932 7315 608 930 7316 611 931 7317 612 935 7318 609 932 7319 610 933 7320 612 935 7321 611 931 7322 610 933 7323 614 937 7324 615 934 7325 613 936 7326 615 934 7327 614 937 7328 613 936 7329 608 930 7330 609 932 7331 619 939 7332 621 942 7333 620 940 7334 623 941 7335 624 945 7336 621 942 7337 622 943 7338 624 945 7339 623 941 7340 622 943 7341 626 947 7342 627 944 7343 625 946 7344 627 944 7345 626 947 7346 620 940 7347 621 942 7348 627 944 7349 631 948 7350 633 951 7351 632 949 7352 635 950 7353 636 954 7354 633 951 7355 634 952 7356 636 954 7357 635 950 7358 634 952 7359 638 956 7360 639 953 7361 637 955 7362 639 953 7363 638 956 7364 637 955 7365 632 949 7366 633 951 7367 643 958 7368 645 961 7369 644 959 7370 647 960 7371 648 964 7372 645 961 7373 646 962 7374 648 964 7375 647 960 7376 646 962 7377 650 966 7378 651 963 7379 649 965 7380 651 963 7381 650 966 7382 649 965 7383 644 959 7384 645 961 7385 655 967 7386 657 970 7387 656 968 7388 659 969 7389 660 973 7390 657 970 7391 658 971 7392 660 973 7393 659 969 7394 658 971 7395 662 975 7396 663 972 7397 661 974 7398 663 972 7399 662 975 7400 656 968 7401 657 970 7402 663 972 7403 667 977 7404 669 980 7405 668 978 7406 671 979 7407 672 983 7408 669 980 7409 670 981 7410 672 983 7411 671 979 7412 670 981 7413 674 985 7414 675 982 7415 673 984 7416 675 982 7417 674 985 7418 673 984 7419 668 978 7420 669 980 7421 679 986 7422 681 989 7423 680 987 7424 683 988 7425 684 992 7426 681 989 7427 682 990 7428 684 992 7429 683 988 7430 682 990 7431 686 994 7432 687 991 7433 685 993 7434 687 991 7435 686 994 7436 685 993 7437 680 987 7438 681 989 7439 691 996 7440 693 999 7441 692 997 7442 695 998 7443 696 1002 7444 693 999 7445 694 1000 7446 696 1002 7447 695 998 7448 694 1000 7449 698 1004 7450 699 1001 7451 697 1003 7452 699 1001 7453 698 1004 7454 697 1003 7455 692 997 7456 693 999 7457 703 1006 7458 705 1009 7459 704 1007 7460 707 1008 7461 708 1012 7462 705 1009 7463 706 1010 7464 708 1012 7465 707 1008 7466 706 1010 7467 710 1014 7468 711 1011 7469 709 1013 7470 711 1011 7471 710 1014 7472 704 1007 7473 705 1009 7474 711 1011 7475 715 1016 7476 717 1019 7477 716 1017 7478 719 1018 7479 720 1022 7480 717 1019 7481 718 1020 7482 720 1022 7483 719 1018 7484 718 1020 7485 722 1024 7486 723 1021 7487 721 1023 7488 723 1021 7489 722 1024 7490 716 1017 7491 717 1019 7492 723 1021 7493 727 1025 7494 729 1028 7495 728 1026 7496 731 1027 7497 732 1031 7498 729 1028 7499 730 1029 7500 732 1031 7501 731 1027 7502 730 1029 7503 734 1033 7504 735 1030 7505 733 1032 7506 735 1030 7507 734 1033 7508 733 1032 7509 728 1026 7510 729 1028 7511 739 1035 7512 741 1038 7513 740 1036 7514 743 1037 7515 744 1041 7516 741 1038 7517 742 1039 7518 744 1041 7519 743 1037 7520 742 1039 7521 746 1043 7522 747 1040 7523 745 1042 7524 747 1040 7525 746 1043 7526 745 1042 7527 740 1036 7528 741 1038 7529 751 1044 7530 753 1047 7531 752 1045 7532 755 1046 7533 756 1050 7534 753 1047 7535 754 1048 7536 756 1050 7537 755 1046 7538 754 1048 7539 758 1052 7540 759 1049 7541 757 1051 7542 759 1049 7543 758 1052 7544 752 1045 7545 753 1047 7546 759 1049 7547 763 1054 7548 765 1057 7549 764 1055 7550 767 1056 7551 768 1060 7552 765 1057 7553 766 1058 7554 768 1060 7555 767 1056 7556 766 1058 7557 770 1062 7558 771 1059 7559 769 1061 7560 771 1059 7561 770 1062 7562 769 1061 7563 764 1055 7564 765 1057 7565 775 1063 7566 777 1066 7567 776 1064 7568 779 1065 7569 780 1069 7570 777 1066 7571 778 1067 7572 780 1069 7573 779 1065 7574 778 1067 7575 782 1071 7576 783 1068 7577 781 1070 7578 783 1068 7579 782 1071 7580 781 1070 7581 776 1064 7582 777 1066 7583 787 1073 7584 789 1076 7585 788 1074 7586 791 1075 7587 792 1079 7588 789 1076 7589 790 1077 7590 792 1079 7591 791 1075 7592 790 1077 7593 794 1081 7594 795 1078 7595 793 1080 7596 795 1078 7597 794 1081 7598 793 1080 7599 788 1074 7600 789 1076 7601 799 1083 7602 801 1086 7603 800 1084 7604 803 1085 7605 804 1089 7606 801 1086 7607 802 1087 7608 804 1089 7609 803 1085 7610 802 1087 7611 806 1091 7612 807 1088 7613 805 1090 7614 807 1088 7615 806 1091 7616 805 1090 7617 800 1084 7618 801 1086 7619 811 1093 7620 813 1096 7621 812 1094 7622 815 1095 7623 816 1099 7624 813 1096 7625 814 1097 7626 816 1099 7627 815 1095 7628 814 1097 7629 818 1101 7630 819 1098 7631 817 1100 7632 819 1098 7633 818 1101 7634 812 1094 7635 813 1096 7636 819 1098 7637 823 1102 7638 825 1105 7639 824 1103 7640 827 1104 7641 828 1108 7642 825 1105 7643 826 1106 7644 828 1108 7645 827 1104 7646 826 1106 7647 830 1110 7648 831 1107 7649 829 1109 7650 831 1107 7651 830 1110 7652 829 1109 7653 824 1103 7654 825 1105 7655 77 4 7656 83 515 7657 73 509 7658 83 515 7659 79 512 7660 68 501 7661 79 512 7662 76 514 7663 64 502 7664 77 4 7665 89 7 7666 95 524 7667 95 524 7668 91 522 7669 86 521 7670 91 522 7671 88 195 7672 78 197 7673 101 9 7674 107 533 7675 94 526 7676 94 526 7677 107 533 7678 103 531 7679 103 531 7680 100 81 7681 90 83 7682 113 11 7683 119 543 7684 106 535 7685 106 535 7686 119 543 7687 115 540 7688 115 540 7689 112 542 7690 102 102 7691 125 13 7692 131 552 7693 118 545 7694 118 545 7695 131 552 7696 127 550 7697 122 549 7698 127 550 7699 124 123 7700 125 13 7701 137 15 7702 143 562 7703 130 554 7704 143 562 7705 139 559 7706 139 559 7707 136 561 7708 126 144 7709 149 17 7710 155 571 7711 142 564 7712 142 564 7713 155 571 7714 151 569 7715 146 568 7716 151 569 7717 148 72 7718 161 19 7719 167 581 7720 154 573 7721 167 581 7722 163 578 7723 158 577 7724 158 577 7725 163 578 7726 160 580 7727 173 21 7728 179 590 7729 166 583 7730 166 583 7731 179 590 7732 175 588 7733 175 588 7734 172 114 7735 162 116 7736 173 21 7737 185 23 7738 191 600 7739 191 600 7740 187 597 7741 182 596 7742 187 597 7743 184 599 7744 174 135 7745 197 25 7746 203 609 7747 190 602 7748 203 609 7749 199 607 7750 194 606 7751 194 606 7752 199 607 7753 196 159 7754 209 27 7755 215 618 7756 202 611 7757 215 618 7758 211 616 7759 206 615 7760 211 616 7761 208 84 7762 198 86 7763 209 27 7764 221 29 7765 227 627 7766 214 620 7767 227 627 7768 223 625 7769 223 625 7770 220 105 7771 210 107 7772 233 31 7773 239 637 7774 226 629 7775 226 629 7776 239 637 7777 235 634 7778 235 634 7779 232 636 7780 222 126 7781 245 33 7782 251 646 7783 238 639 7784 238 639 7785 251 646 7786 247 644 7787 242 643 7788 247 644 7789 244 147 7790 245 33 7791 257 35 7792 263 656 7793 250 648 7794 263 656 7795 259 653 7796 259 653 7797 256 655 7798 246 75 7799 269 37 7800 275 665 7801 262 658 7802 275 665 7803 271 663 7804 266 662 7805 271 663 7806 268 96 7807 258 98 7808 269 37 7809 281 39 7810 287 675 7811 287 675 7812 283 672 7813 278 671 7814 283 672 7815 280 674 7816 270 117 7817 281 39 7818 293 41 7819 299 684 7820 299 684 7821 295 682 7822 290 681 7823 295 682 7824 292 138 7825 282 140 7826 305 43 7827 311 693 7828 298 686 7829 311 693 7830 307 691 7831 302 690 7832 307 691 7833 304 162 7834 294 164 7835 317 45 7836 323 702 7837 310 695 7838 310 695 7839 323 702 7840 319 700 7841 314 699 7842 319 700 7843 316 87 7844 317 45 7845 329 47 7846 335 712 7847 322 704 7848 335 712 7849 331 709 7850 331 709 7851 328 711 7852 318 108 7853 341 49 7854 347 721 7855 334 714 7856 334 714 7857 347 721 7858 343 719 7859 338 718 7860 343 719 7861 340 129 7862 353 51 7863 359 731 7864 346 723 7865 359 731 7866 355 728 7867 350 727 7868 350 727 7869 355 728 7870 352 730 7871 365 53 7872 371 740 7873 358 733 7874 358 733 7875 371 740 7876 367 738 7877 367 738 7878 364 78 7879 354 80 7880 365 53 7881 377 55 7882 383 750 7883 383 750 7884 379 747 7885 374 746 7886 379 747 7887 376 749 7888 366 99 7889 389 57 7890 395 759 7891 382 752 7892 395 759 7893 391 757 7894 386 756 7895 386 756 7896 391 757 7897 388 120 7898 401 59 7899 407 768 7900 394 761 7901 407 768 7902 403 766 7903 398 765 7904 403 766 7905 400 141 7906 390 143 7907 401 59 7908 413 61 7909 419 777 7910 419 777 7911 415 775 7912 410 774 7913 410 774 7914 415 775 7915 412 69 7916 425 66 7917 431 787 7918 418 779 7919 431 787 7920 427 784 7921 422 783 7922 422 783 7923 427 784 7924 424 786 7925 437 68 7926 443 796 7927 430 789 7928 430 789 7929 443 796 7930 439 794 7931 434 793 7932 439 794 7933 436 111 7934 66 510 7935 74 507 7936 442 798 7937 442 798 7938 74 507 7939 70 505 7940 70 505 7941 65 506 7942 438 153 7943 760 121 7944 764 1055 7945 385 755 7946 385 755 7947 764 1055 7948 769 1061 7949 380 748 7950 769 1061 7951 762 100 7952 592 106 7953 596 920 7954 217 623 7955 217 623 7956 596 920 7957 601 926 7958 212 617 7959 601 926 7960 594 928 7961 748 101 7962 752 1045 7963 373 745 7964 752 1045 7965 757 1051 7966 368 739 7967 368 739 7968 757 1051 7969 750 1053 7970 580 85 7971 584 910 7972 205 614 7973 205 614 7974 584 910 7975 589 916 7976 200 608 7977 589 916 7978 582 918 7979 736 79 7980 740 1036 7981 361 736 7982 740 1036 7983 745 1042 7984 356 729 7985 356 729 7986 745 1042 7987 738 151 7988 568 160 7989 572 901 7990 193 605 7991 193 605 7992 572 901 7993 577 907 7994 188 598 7995 577 907 7996 570 136 7997 724 152 7998 728 1026 7999 349 726 8000 349 726 8001 728 1026 8002 733 1032 8003 344 720 8004 733 1032 8005 726 1034 8006 556 137 8007 560 891 8008 181 595 8009 560 891 8010 565 897 8011 176 589 8012 176 589 8013 565 897 8014 558 899 8015 712 130 8016 716 1017 8017 337 717 8018 716 1017 8019 721 1023 8020 332 710 8021 332 710 8022 721 1023 8023 714 109 8024 544 115 8025 548 882 8026 169 586 8027 548 882 8028 553 888 8029 164 579 8030 164 579 8031 553 888 8032 546 94 8033 700 110 8034 704 1007 8035 325 707 8036 704 1007 8037 709 1013 8038 320 701 8039 320 701 8040 709 1013 8041 702 1015 8042 532 95 8043 536 872 8044 157 576 8045 157 576 8046 536 872 8047 541 878 8048 152 570 8049 541 878 8050 534 880 8051 688 88 8052 692 997 8053 313 698 8054 313 698 8055 692 997 8056 697 1003 8057 308 692 8058 697 1003 8059 690 1005 8060 520 73 8061 524 863 8062 145 567 8063 524 863 8064 529 869 8065 140 560 8066 140 560 8067 529 869 8068 522 145 8069 676 163 8070 680 987 8071 301 689 8072 301 689 8073 680 987 8074 685 993 8075 296 683 8076 685 993 8077 678 995 8078 508 146 8079 512 853 8080 133 557 8081 512 853 8082 517 859 8083 128 551 8084 128 551 8085 517 859 8086 510 861 8087 664 139 8088 668 978 8089 289 680 8090 289 680 8091 668 978 8092 673 984 8093 284 673 8094 673 984 8095 666 118 8096 820 155 8097 824 1103 8098 445 801 8099 445 801 8100 824 1103 8101 829 1109 8102 440 795 8103 829 1109 8104 822 1111 8105 496 124 8106 500 844 8107 121 548 8108 500 844 8109 505 850 8110 116 541 8111 116 541 8112 505 850 8113 498 103 8114 652 119 8115 656 968 8116 277 670 8117 656 968 8118 661 974 8119 272 664 8120 272 664 8121 661 974 8122 654 976 8123 808 112 8124 812 1094 8125 433 792 8126 812 1094 8127 817 1100 8128 428 785 8129 428 785 8130 817 1100 8131 810 91 8132 484 104 8133 488 834 8134 109 538 8135 488 834 8136 493 840 8137 104 532 8138 104 532 8139 493 840 8140 486 842 8141 640 97 8142 644 959 8143 265 661 8144 644 959 8145 649 965 8146 260 654 8147 260 654 8148 649 965 8149 642 76 8150 796 92 8151 800 1084 8152 421 782 8153 800 1084 8154 805 1090 8155 416 776 8156 416 776 8157 805 1090 8158 798 1092 8159 472 82 8160 476 824 8161 97 529 8162 97 529 8163 476 824 8164 481 830 8165 92 523 8166 481 830 8167 474 832 8168 628 77 8169 632 949 8170 253 651 8171 253 651 8172 632 949 8173 637 955 8174 248 645 8175 637 955 8176 630 957 8177 774 1072 8178 388 120 8179 392 758 8180 781 1070 8181 392 758 8182 397 764 8183 397 764 8184 390 143 8185 772 142 8186 784 70 8187 788 1074 8188 409 773 8189 409 773 8190 788 1074 8191 793 1080 8192 404 767 8193 793 1080 8194 786 1082 8195 448 154 8196 65 506 8197 71 503 8198 451 803 8199 71 503 8200 67 500 8201 67 500 8202 64 502 8203 449 809 8204 460 196 8205 464 814 8206 85 520 8207 464 814 8208 469 820 8209 80 513 8210 80 513 8211 469 820 8212 462 822 8213 606 938 8214 220 105 8215 224 626 8216 613 936 8217 224 626 8218 229 632 8219 229 632 8220 222 126 8221 604 128 8222 616 148 8223 620 940 8224 241 642 8225 620 940 8226 625 946 8227 236 635 8228 236 635 8229 625 946 8230 618 127 8231 449 809 8232 462 822 8233 470 821 8234 454 807 8235 470 821 8236 466 817 8237 466 817 8238 461 221 8239 450 132 8240 460 196 8241 474 832 8242 482 831 8243 482 831 8244 478 827 8245 467 815 8246 467 815 8247 478 827 8248 473 219 8249 486 842 8250 494 841 8251 475 823 8252 475 823 8253 494 841 8254 490 837 8255 479 825 8256 490 837 8257 485 229 8258 484 104 8259 498 103 8260 506 851 8261 506 851 8262 502 847 8263 491 835 8264 491 835 8265 502 847 8266 497 227 8267 510 861 8268 518 860 8269 499 843 8270 518 860 8271 514 856 8272 503 845 8273 514 856 8274 509 233 8275 497 227 8276 508 146 8277 522 145 8278 530 870 8279 530 870 8280 526 866 8281 515 854 8282 515 854 8283 526 866 8284 521 242 8285 534 880 8286 542 879 8287 523 862 8288 542 879 8289 538 875 8290 527 864 8291 538 875 8292 533 241 8293 521 242 8294 546 94 8295 554 889 8296 535 871 8297 554 889 8298 550 885 8299 539 873 8300 539 873 8301 550 885 8302 545 246 8303 544 115 8304 558 899 8305 566 898 8306 547 881 8307 566 898 8308 562 894 8309 562 894 8310 557 250 8311 545 246 8312 556 137 8313 570 136 8314 578 908 8315 578 908 8316 574 904 8317 563 892 8318 563 892 8319 574 904 8320 569 254 8321 568 160 8322 582 918 8323 590 917 8324 571 900 8325 590 917 8326 586 913 8327 586 913 8328 581 258 8329 569 254 8330 580 85 8331 594 928 8332 602 927 8333 602 927 8334 598 923 8335 587 911 8336 587 911 8337 598 923 8338 593 262 8339 606 938 8340 614 937 8341 595 919 8342 595 919 8343 614 937 8344 610 933 8345 610 933 8346 605 266 8347 593 262 8348 604 128 8349 618 127 8350 626 947 8351 626 947 8352 622 943 8353 611 931 8354 622 943 8355 617 274 8356 605 266 8357 630 957 8358 638 956 8359 619 939 8360 638 956 8361 634 952 8362 623 941 8363 634 952 8364 629 215 8365 617 274 8366 642 76 8367 650 966 8368 631 948 8369 650 966 8370 646 962 8371 635 950 8372 646 962 8373 641 213 8374 629 215 8375 640 97 8376 654 976 8377 662 975 8378 643 958 8379 662 975 8380 658 971 8381 658 971 8382 653 225 8383 641 213 8384 652 119 8385 666 118 8386 674 985 8387 674 985 8388 670 981 8389 659 969 8390 659 969 8391 670 981 8392 665 231 8393 678 995 8394 686 994 8395 667 977 8396 667 977 8397 686 994 8398 682 990 8399 671 979 8400 682 990 8401 677 235 8402 690 1005 8403 698 1004 8404 679 986 8405 679 986 8406 698 1004 8407 694 1000 8408 683 988 8409 694 1000 8410 689 239 8411 702 1015 8412 710 1014 8413 691 996 8414 710 1014 8415 706 1010 8416 695 998 8417 706 1010 8418 701 244 8419 689 239 8420 700 110 8421 714 109 8422 722 1024 8423 722 1024 8424 718 1020 8425 707 1008 8426 707 1008 8427 718 1020 8428 713 253 8429 726 1034 8430 734 1033 8431 715 1016 8432 734 1033 8433 730 1029 8434 719 1018 8435 730 1029 8436 725 252 8437 713 253 8438 738 151 8439 746 1043 8440 727 1025 8441 746 1043 8442 742 1039 8443 731 1027 8444 731 1027 8445 742 1039 8446 737 256 8447 736 79 8448 750 1053 8449 758 1052 8450 739 1035 8451 758 1052 8452 754 1048 8453 754 1048 8454 749 260 8455 737 256 8456 748 101 8457 762 100 8458 770 1062 8459 770 1062 8460 766 1058 8461 755 1046 8462 755 1046 8463 766 1058 8464 761 264 8465 760 121 8466 774 1072 8467 782 1071 8468 763 1054 8469 782 1071 8470 778 1067 8471 778 1067 8472 773 268 8473 761 264 8474 772 142 8475 786 1082 8476 794 1081 8477 794 1081 8478 790 1077 8479 779 1065 8480 779 1065 8481 790 1077 8482 785 272 8483 784 70 8484 798 1092 8485 806 1091 8486 806 1091 8487 802 1087 8488 791 1075 8489 802 1087 8490 797 222 8491 785 272 8492 796 92 8493 810 91 8494 818 1101 8495 818 1101 8496 814 1097 8497 803 1085 8498 814 1097 8499 809 230 8500 797 222 8501 822 1111 8502 830 1110 8503 811 1093 8504 830 1110 8505 826 1106 8506 815 1095 8507 826 1106 8508 821 134 8509 809 230 8510 448 154 8511 452 804 8512 823 1102 8513 452 804 8514 457 811 8515 827 1104 8516 827 1104 8517 457 811 8518 450 132 8519 76 514 8520 462 822 8521 449 809 8522 836 0 8523 838 1113 8524 835 1112 8525 838 1113 8526 839 1115 8527 834 1114 8528 839 1115 8529 837 5 8530 832 67 8531 836 0 8532 840 2 8533 842 1116 8534 838 1113 8535 842 1116 8536 843 1117 8537 843 1117 8538 841 3 8539 837 5 8540 840 2 8541 844 209 8542 846 1118 8543 846 1118 8544 847 1120 8545 843 1117 8546 843 1117 8547 847 1120 8548 845 6 8549 844 209 8550 848 205 8551 850 1119 8552 850 1119 8553 851 1122 8554 847 1120 8555 847 1120 8556 851 1122 8557 849 8 8558 852 201 8559 854 1123 8560 850 1119 8561 850 1119 8562 854 1123 8563 855 1121 8564 855 1121 8565 853 10 8566 849 8 8567 856 199 8568 858 1125 8569 854 1123 8570 854 1123 8571 858 1125 8572 859 1124 8573 859 1124 8574 857 12 8575 853 10 8576 860 192 8577 862 1126 8578 858 1125 8579 862 1126 8580 863 1128 8581 859 1124 8582 859 1124 8583 863 1128 8584 861 14 8585 864 189 8586 866 1129 8587 862 1126 8588 862 1126 8589 866 1129 8590 867 1127 8591 867 1127 8592 865 16 8593 861 14 8594 868 185 8595 870 1130 8596 866 1129 8597 870 1130 8598 871 1131 8599 867 1127 8600 871 1131 8601 869 18 8602 865 16 8603 868 185 8604 872 182 8605 874 1132 8606 870 1130 8607 874 1132 8608 875 1133 8609 875 1133 8610 873 20 8611 869 18 8612 872 182 8613 876 178 8614 878 1134 8615 878 1134 8616 879 1136 8617 875 1133 8618 875 1133 8619 879 1136 8620 877 22 8621 876 178 8622 880 176 8623 882 1135 8624 882 1135 8625 883 1138 8626 879 1136 8627 879 1136 8628 883 1138 8629 881 24 8630 884 172 8631 886 1139 8632 882 1135 8633 882 1135 8634 886 1139 8635 887 1137 8636 887 1137 8637 885 26 8638 881 24 8639 888 170 8640 890 1141 8641 886 1139 8642 886 1139 8643 890 1141 8644 891 1140 8645 891 1140 8646 889 28 8647 885 26 8648 892 169 8649 894 1142 8650 890 1141 8651 894 1142 8652 895 1144 8653 891 1140 8654 891 1140 8655 895 1144 8656 893 30 8657 896 211 8658 898 1145 8659 894 1142 8660 894 1142 8661 898 1145 8662 899 1143 8663 899 1143 8664 897 32 8665 893 30 8666 900 206 8667 902 1146 8668 898 1145 8669 902 1146 8670 903 1147 8671 899 1143 8672 903 1147 8673 901 34 8674 897 32 8675 900 206 8676 904 203 8677 906 1148 8678 902 1146 8679 906 1148 8680 907 1149 8681 907 1149 8682 905 36 8683 901 34 8684 904 203 8685 908 200 8686 910 1150 8687 910 1150 8688 911 1152 8689 907 1149 8690 907 1149 8691 911 1152 8692 909 38 8693 908 200 8694 912 194 8695 914 1151 8696 914 1151 8697 915 1154 8698 911 1152 8699 911 1152 8700 915 1154 8701 913 40 8702 916 190 8703 918 1155 8704 914 1151 8705 914 1151 8706 918 1155 8707 919 1153 8708 919 1153 8709 917 42 8710 913 40 8711 920 187 8712 922 1157 8713 918 1155 8714 918 1155 8715 922 1157 8716 923 1156 8717 923 1156 8718 921 44 8719 917 42 8720 924 184 8721 926 1158 8722 922 1157 8723 926 1158 8724 927 1160 8725 923 1156 8726 923 1156 8727 927 1160 8728 925 46 8729 928 180 8730 930 1161 8731 926 1158 8732 926 1158 8733 930 1161 8734 931 1159 8735 931 1159 8736 929 48 8737 925 46 8738 932 177 8739 934 1162 8740 930 1161 8741 934 1162 8742 935 1163 8743 931 1159 8744 935 1163 8745 933 50 8746 929 48 8747 932 177 8748 936 174 8749 938 1164 8750 934 1162 8751 938 1164 8752 939 1165 8753 939 1165 8754 937 52 8755 933 50 8756 936 174 8757 940 171 8758 942 1166 8759 942 1166 8760 943 1168 8761 939 1165 8762 939 1165 8763 943 1168 8764 941 54 8765 940 171 8766 944 167 8767 946 1167 8768 946 1167 8769 947 1170 8770 943 1168 8771 943 1168 8772 947 1170 8773 945 56 8774 948 166 8775 950 1171 8776 946 1167 8777 946 1167 8778 950 1171 8779 951 1169 8780 951 1169 8781 949 58 8782 945 56 8783 952 208 8784 954 1173 8785 950 1171 8786 950 1171 8787 954 1173 8788 955 1172 8789 955 1172 8790 953 60 8791 949 58 8792 956 64 8793 958 1174 8794 954 1173 8795 958 1174 8796 959 1175 8797 955 1172 8798 955 1172 8799 959 1175 8800 957 65 8801 833 63 8802 835 1112 8803 958 1174 8804 958 1174 8805 835 1112 8806 834 1114 8807 834 1114 8808 832 67 8809 957 65 8810 837 5 8811 77 4 8812 66 510 8813 960 1176 8814 962 1179 8815 967 1177 8816 962 1179 8817 963 1181 8818 966 1180 8819 963 1181 8820 961 1281 8821 964 1182 8822 965 1178 8823 967 1177 8824 971 1183 8825 967 1177 8826 966 1180 8827 970 1184 8828 966 1180 8829 964 1182 8830 968 157 8831 973 1185 8832 969 1 8833 971 1183 8834 975 1186 8835 971 1183 8836 970 1184 8837 974 1187 8838 970 1184 8839 968 157 8840 973 1185 8841 975 1186 8842 979 1189 8843 975 1186 8844 974 1187 8845 978 1190 8846 974 1187 8847 972 1188 8848 976 1191 8849 981 1192 8850 977 204 8851 979 1189 8852 979 1189 8853 978 1190 8854 982 1194 8855 982 1194 8856 978 1190 8857 976 1191 8858 981 1192 8859 983 1193 8860 987 1196 8861 983 1193 8862 982 1194 8863 986 1197 8864 982 1194 8865 980 1195 8866 984 156 8867 989 191 8868 985 198 8869 987 1196 8870 991 1198 8871 987 1196 8872 986 1197 8873 990 1199 8874 986 1197 8875 984 156 8876 993 188 8877 989 191 8878 991 1198 8879 995 1201 8880 991 1198 8881 990 1199 8882 994 1202 8883 990 1199 8884 988 1200 8885 993 188 8886 995 1201 8887 999 1204 8888 995 1201 8889 994 1202 8890 998 1206 8891 994 1202 8892 992 1203 8893 996 1207 8894 997 1205 8895 999 1204 8896 1003 1208 8897 999 1204 8898 998 1206 8899 1002 1209 8900 998 1206 8901 996 1207 8902 1000 1210 8903 1005 1211 8904 1001 181 8905 1003 1208 8906 1007 1212 8907 1003 1208 8908 1002 1209 8909 1006 1213 8910 1002 1209 8911 1000 1210 8912 1005 1211 8913 1007 1212 8914 1011 1215 8915 1011 1215 8916 1007 1212 8917 1006 1213 8918 1006 1213 8919 1004 1214 8920 1008 1217 8921 1009 175 8922 1011 1215 8923 1015 1218 8924 1015 1218 8925 1011 1215 8926 1010 1216 8927 1014 1220 8928 1010 1216 8929 1008 1217 8930 1013 1219 8931 1015 1218 8932 1019 1222 8933 1015 1218 8934 1014 1220 8935 1018 1223 8936 1014 1220 8937 1012 1221 8938 1016 1224 8939 1021 212 8940 1017 168 8941 1019 1222 8942 1023 1225 8943 1019 1222 8944 1018 1223 8945 1022 1226 8946 1018 1223 8947 1016 1224 8948 1025 210 8949 1021 212 8950 1023 1225 8951 1027 1228 8952 1023 1225 8953 1022 1226 8954 1026 1229 8955 1022 1226 8956 1020 1227 8957 1025 210 8958 1027 1228 8959 1031 1231 8960 1027 1228 8961 1026 1229 8962 1030 1233 8963 1026 1229 8964 1024 1230 8965 1028 1234 8966 1029 1232 8967 1031 1231 8968 1035 1235 8969 1031 1231 8970 1030 1233 8971 1034 1236 8972 1030 1233 8973 1028 1234 8974 1032 158 8975 1037 1237 8976 1033 202 8977 1035 1235 8978 1039 1238 8979 1035 1235 8980 1034 1236 8981 1038 1239 8982 1034 1236 8983 1032 158 8984 1037 1237 8985 1039 1238 8986 1043 1241 8987 1043 1241 8988 1039 1238 8989 1038 1239 8990 1042 1242 8991 1038 1239 8992 1036 1240 8993 1045 1244 8994 1041 193 8995 1043 1241 8996 1047 1245 8997 1043 1241 8998 1042 1242 8999 1046 1246 9000 1042 1242 9001 1040 1243 9002 1045 1244 9003 1047 1245 9004 1051 1248 9005 1047 1245 9006 1046 1246 9007 1050 1249 9008 1046 1246 9009 1044 1247 9010 1048 1250 9011 1053 183 9012 1049 186 9013 1051 1248 9014 1055 1251 9015 1051 1248 9016 1050 1249 9017 1054 1252 9018 1050 1249 9019 1048 1250 9020 1057 179 9021 1053 183 9022 1055 1251 9023 1059 1254 9024 1055 1251 9025 1054 1252 9026 1058 1255 9027 1054 1252 9028 1052 1253 9029 1057 179 9030 1059 1254 9031 1063 1257 9032 1059 1254 9033 1058 1255 9034 1062 1259 9035 1058 1255 9036 1056 1256 9037 1060 1260 9038 1061 1258 9039 1063 1257 9040 1067 1261 9041 1063 1257 9042 1062 1259 9043 1066 1262 9044 1062 1259 9045 1060 1260 9046 1064 1263 9047 1069 1264 9048 1065 173 9049 1067 1261 9050 1071 1265 9051 1067 1261 9052 1066 1262 9053 1070 1266 9054 1066 1262 9055 1064 1263 9056 1069 1264 9057 1071 1265 9058 1075 1268 9059 1071 1265 9060 1070 1266 9061 1074 1269 9062 1070 1266 9063 1068 1267 9064 1072 1270 9065 1073 165 9066 1075 1268 9067 1079 1271 9068 1075 1268 9069 1074 1269 9070 1078 1273 9071 1074 1269 9072 1072 1270 9073 1076 1274 9074 1077 1272 9075 1079 1271 9076 1083 1275 9077 1079 1271 9078 1078 1273 9079 1082 1276 9080 1078 1273 9081 1076 1274 9082 1080 1277 9083 1085 62 9084 1081 207 9085 1083 1275 9086 1087 1278 9087 1083 1275 9088 1082 1276 9089 1086 1279 9090 1082 1276 9091 1080 1277 9092 960 1176 9093 1085 62 9094 1087 1278 9095 962 1179 9096 1087 1278 9097 1086 1279 9098 963 1181 9099 1086 1279 9100 1084 1280 9101 960 1176 9102 965 1178 9103 836 0 9104 1091 1282 9105 1093 1285 9106 1092 1283 9107 1091 1282 9108 1095 1287 9109 1096 1284 9110 1094 1286 9111 1096 1284 9112 1095 1287 9113 1098 1288 9114 1099 1291 9115 1096 1284 9116 1097 1289 9117 1099 1291 9118 1098 1288 9119 1092 1283 9120 1093 1285 9121 1099 1291 9122 1103 1292 9123 1105 1295 9124 1104 1293 9125 1103 1292 9126 1107 1297 9127 1108 1294 9128 1106 1296 9129 1108 1294 9130 1107 1297 9131 1110 1299 9132 1111 1301 9133 1108 1294 9134 1109 1300 9135 1111 1301 9136 1110 1299 9137 1109 1300 9138 1104 1293 9139 1105 1295 9140 1115 1302 9141 1117 1305 9142 1116 1303 9143 1119 1304 9144 1120 1308 9145 1117 1305 9146 1118 1306 9147 1120 1308 9148 1119 1304 9149 1122 1307 9150 1123 1310 9151 1120 1308 9152 1121 1309 9153 1123 1310 9154 1122 1307 9155 1121 1309 9156 1116 1303 9157 1117 1305 9158 1127 1311 9159 1129 1314 9160 1128 1312 9161 1131 1313 9162 1132 1317 9163 1129 1314 9164 1130 1315 9165 1132 1317 9166 1131 1313 9167 1134 1316 9168 1135 1319 9169 1132 1317 9170 1133 1318 9171 1135 1319 9172 1134 1316 9173 1133 1318 9174 1128 1312 9175 1129 1314 9176 1139 1320 9177 1141 1323 9178 1140 1321 9179 1143 1322 9180 1144 1326 9181 1141 1323 9182 1142 1324 9183 1144 1326 9184 1143 1322 9185 1146 1325 9186 1147 1328 9187 1144 1326 9188 1145 1327 9189 1147 1328 9190 1146 1325 9191 1145 1327 9192 1140 1321 9193 1141 1323 9194 1151 1329 9195 1153 1332 9196 1152 1330 9197 1151 1329 9198 1155 1334 9199 1156 1331 9200 1154 1333 9201 1156 1331 9202 1155 1334 9203 1158 1336 9204 1159 1338 9205 1156 1331 9206 1157 1337 9207 1159 1338 9208 1158 1336 9209 1157 1337 9210 1152 1330 9211 1153 1332 9212 1163 1339 9213 1165 1342 9214 1164 1340 9215 1163 1339 9216 1167 1344 9217 1168 1341 9218 1166 1343 9219 1168 1341 9220 1167 1344 9221 1170 1345 9222 1171 1347 9223 1168 1341 9224 1169 1346 9225 1171 1347 9226 1170 1345 9227 1169 1346 9228 1164 1340 9229 1165 1342 9230 1175 1348 9231 1177 1351 9232 1176 1349 9233 1175 1348 9234 1179 1353 9235 1180 1350 9236 1178 1352 9237 1180 1350 9238 1179 1353 9239 1182 1354 9240 1183 1356 9241 1180 1350 9242 1181 1355 9243 1183 1356 9244 1182 1354 9245 1181 1355 9246 1176 1349 9247 1177 1351 9248 1187 1357 9249 1189 1360 9250 1188 1358 9251 1187 1357 9252 1191 1362 9253 1192 1359 9254 1190 1361 9255 1192 1359 9256 1191 1362 9257 1194 1364 9258 1195 1366 9259 1192 1359 9260 1193 1365 9261 1195 1366 9262 1194 1364 9263 1193 1365 9264 1188 1358 9265 1189 1360 9266 1199 1367 9267 1201 1370 9268 1200 1368 9269 1199 1367 9270 1203 1372 9271 1204 1369 9272 1202 1371 9273 1204 1369 9274 1203 1372 9275 1206 1374 9276 1207 1376 9277 1204 1369 9278 1205 1375 9279 1207 1376 9280 1206 1374 9281 1205 1375 9282 1200 1368 9283 1201 1370 9284 1211 1377 9285 1213 1380 9286 1212 1378 9287 1215 1379 9288 1216 1384 9289 1213 1380 9290 1214 1381 9291 1216 1384 9292 1215 1379 9293 1218 1383 9294 1219 1386 9295 1216 1384 9296 1217 1385 9297 1219 1386 9298 1218 1383 9299 1217 1385 9300 1212 1378 9301 1213 1380 9302 1223 1387 9303 1225 1390 9304 1224 1388 9305 1227 1389 9306 1228 1393 9307 1225 1390 9308 1226 1391 9309 1228 1393 9310 1227 1389 9311 1230 1392 9312 1231 1395 9313 1228 1393 9314 1229 1394 9315 1231 1395 9316 1230 1392 9317 1229 1394 9318 1224 1388 9319 1225 1390 9320 1235 1396 9321 1237 1399 9322 1236 1397 9323 1235 1396 9324 1239 1401 9325 1240 1398 9326 1238 1400 9327 1240 1398 9328 1239 1401 9329 1242 1402 9330 1243 1404 9331 1240 1398 9332 1241 1403 9333 1243 1404 9334 1242 1402 9335 1241 1403 9336 1236 1397 9337 1237 1399 9338 1247 1405 9339 1249 1408 9340 1248 1406 9341 1251 1407 9342 1252 1412 9343 1249 1408 9344 1250 1409 9345 1252 1412 9346 1251 1407 9347 1254 1411 9348 1255 1414 9349 1252 1412 9350 1253 1413 9351 1255 1414 9352 1254 1411 9353 1253 1413 9354 1248 1406 9355 1249 1408 9356 1259 1415 9357 1261 1418 9358 1260 1416 9359 1259 1415 9360 1263 1420 9361 1264 1417 9362 1262 1419 9363 1264 1417 9364 1263 1420 9365 1266 1422 9366 1267 1424 9367 1264 1417 9368 1265 1423 9369 1267 1424 9370 1266 1422 9371 1265 1423 9372 1260 1416 9373 1261 1418 9374 1271 1425 9375 1273 1428 9376 1272 1426 9377 1275 1427 9378 1276 1431 9379 1273 1428 9380 1274 1429 9381 1276 1431 9382 1275 1427 9383 1278 1430 9384 1279 1433 9385 1276 1431 9386 1277 1432 9387 1279 1433 9388 1278 1430 9389 1277 1432 9390 1272 1426 9391 1273 1428 9392 1283 1434 9393 1285 1437 9394 1284 1435 9395 1287 1436 9396 1288 1441 9397 1285 1437 9398 1286 1438 9399 1288 1441 9400 1287 1436 9401 1290 1440 9402 1291 1443 9403 1288 1441 9404 1289 1442 9405 1291 1443 9406 1290 1440 9407 1289 1442 9408 1284 1435 9409 1285 1437 9410 1295 1444 9411 1297 1447 9412 1296 1445 9413 1295 1444 9414 1299 1449 9415 1300 1446 9416 1298 1448 9417 1300 1446 9418 1299 1449 9419 1302 1451 9420 1303 1453 9421 1300 1446 9422 1301 1452 9423 1303 1453 9424 1302 1451 9425 1301 1452 9426 1296 1445 9427 1297 1447 9428 1307 1454 9429 1309 1457 9430 1308 1455 9431 1311 1456 9432 1312 1460 9433 1309 1457 9434 1310 1458 9435 1312 1460 9436 1311 1456 9437 1314 1459 9438 1315 1462 9439 1312 1460 9440 1313 1461 9441 1315 1462 9442 1314 1459 9443 1313 1461 9444 1308 1455 9445 1309 1457 9446 1319 1463 9447 1321 1466 9448 1320 1464 9449 1323 1465 9450 1324 1470 9451 1321 1466 9452 1322 1467 9453 1324 1470 9454 1323 1465 9455 1326 1469 9456 1327 1472 9457 1324 1470 9458 1325 1471 9459 1327 1472 9460 1326 1469 9461 1325 1471 9462 1320 1464 9463 1321 1466 9464 1331 1473 9465 1333 1476 9466 1332 1474 9467 1335 1475 9468 1336 1479 9469 1333 1476 9470 1334 1477 9471 1336 1479 9472 1335 1475 9473 1338 1478 9474 1339 1481 9475 1336 1479 9476 1337 1480 9477 1339 1481 9478 1338 1478 9479 1337 1480 9480 1332 1474 9481 1333 1476 9482 1343 1482 9483 1345 1485 9484 1344 1483 9485 1343 1482 9486 1347 1487 9487 1348 1484 9488 1346 1486 9489 1348 1484 9490 1347 1487 9491 1350 1489 9492 1351 1491 9493 1348 1484 9494 1349 1490 9495 1351 1491 9496 1350 1489 9497 1349 1490 9498 1344 1483 9499 1345 1485 9500 1355 1492 9501 1357 1495 9502 1356 1493 9503 1355 1492 9504 1359 1497 9505 1360 1494 9506 1358 1496 9507 1360 1494 9508 1359 1497 9509 1362 1498 9510 1363 1500 9511 1360 1494 9512 1361 1499 9513 1363 1500 9514 1362 1498 9515 1361 1499 9516 1356 1493 9517 1357 1495 9518 1367 1501 9519 1369 1504 9520 1368 1502 9521 1367 1501 9522 1371 1506 9523 1372 1503 9524 1370 1505 9525 1372 1503 9526 1371 1506 9527 1374 1507 9528 1375 1509 9529 1372 1503 9530 1373 1508 9531 1375 1509 9532 1374 1507 9533 1373 1508 9534 1368 1502 9535 1369 1504 9536 1379 1510 9537 1381 1513 9538 1380 1511 9539 1379 1510 9540 1383 1515 9541 1384 1512 9542 1382 1514 9543 1384 1512 9544 1383 1515 9545 1386 1517 9546 1387 1519 9547 1384 1512 9548 1385 1518 9549 1387 1519 9550 1386 1517 9551 1385 1518 9552 1380 1511 9553 1381 1513 9554 1391 1520 9555 1393 1523 9556 1392 1521 9557 1391 1520 9558 1395 1525 9559 1396 1522 9560 1394 1524 9561 1396 1522 9562 1395 1525 9563 1398 1527 9564 1399 1529 9565 1396 1522 9566 1397 1528 9567 1399 1529 9568 1398 1527 9569 1397 1528 9570 1392 1521 9571 1393 1523 9572 1403 1530 9573 1405 1533 9574 1404 1531 9575 1407 1532 9576 1408 1537 9577 1405 1533 9578 1406 1534 9579 1408 1537 9580 1407 1532 9581 1410 1536 9582 1411 1539 9583 1408 1537 9584 1409 1538 9585 1411 1539 9586 1410 1536 9587 1409 1538 9588 1404 1531 9589 1405 1533 9590 1415 1540 9591 1417 1543 9592 1416 1541 9593 1419 1542 9594 1420 1546 9595 1417 1543 9596 1418 1544 9597 1420 1546 9598 1419 1542 9599 1422 1545 9600 1423 1548 9601 1420 1546 9602 1421 1547 9603 1423 1548 9604 1422 1545 9605 1421 1547 9606 1416 1541 9607 1417 1543 9608 1427 1549 9609 1429 1552 9610 1428 1550 9611 1431 1551 9612 1432 1555 9613 1429 1552 9614 1430 1553 9615 1432 1555 9616 1431 1551 9617 1434 1554 9618 1435 1557 9619 1432 1555 9620 1433 1556 9621 1435 1557 9622 1434 1554 9623 1433 1556 9624 1428 1550 9625 1429 1552 9626 1439 1558 9627 1441 1561 9628 1440 1559 9629 1439 1558 9630 1443 1563 9631 1444 1560 9632 1442 1562 9633 1444 1560 9634 1443 1563 9635 1446 1565 9636 1447 1567 9637 1444 1560 9638 1445 1566 9639 1447 1567 9640 1446 1565 9641 1445 1566 9642 1440 1559 9643 1441 1561 9644 1451 1568 9645 1453 1571 9646 1452 1569 9647 1451 1568 9648 1455 1573 9649 1456 1570 9650 1454 1572 9651 1456 1570 9652 1455 1573 9653 1458 1574 9654 1459 1576 9655 1456 1570 9656 1457 1575 9657 1459 1576 9658 1458 1574 9659 1457 1575 9660 1452 1569 9661 1453 1571 9662 1463 1577 9663 1465 1580 9664 1464 1578 9665 1467 1579 9666 1468 1583 9667 1465 1580 9668 1466 1581 9669 1468 1583 9670 1467 1579 9671 1470 1582 9672 1471 1585 9673 1468 1583 9674 1469 1584 9675 1471 1585 9676 1470 1582 9677 1469 1584 9678 1464 1578 9679 1465 1580 9680 1475 1586 9681 1477 1589 9682 1476 1587 9683 1475 1586 9684 1479 1591 9685 1480 1588 9686 1478 1590 9687 1480 1588 9688 1479 1591 9689 1482 1592 9690 1483 1594 9691 1480 1588 9692 1481 1593 9693 1483 1594 9694 1482 1592 9695 1481 1593 9696 1476 1587 9697 1477 1589 9698 1487 1595 9699 1489 1598 9700 1488 1596 9701 1487 1595 9702 1491 1600 9703 1492 1597 9704 1490 1599 9705 1492 1597 9706 1491 1600 9707 1490 1599 9708 1494 1603 9709 1495 1601 9710 1493 1602 9711 1495 1601 9712 1494 1603 9713 1488 1596 9714 1489 1598 9715 1495 1601 9716 1499 1604 9717 1501 1607 9718 1500 1605 9719 1499 1604 9720 1503 1609 9721 1504 1606 9722 1502 1608 9723 1504 1606 9724 1503 1609 9725 1506 1611 9726 1507 1613 9727 1504 1606 9728 1505 1612 9729 1507 1613 9730 1506 1611 9731 1500 1605 9732 1501 1607 9733 1507 1613 9734 1511 1614 9735 1513 1617 9736 1512 1615 9737 1511 1614 9738 1515 1619 9739 1516 1616 9740 1514 1618 9741 1516 1616 9742 1515 1619 9743 1514 1618 9744 1518 1623 9745 1519 1621 9746 1517 1622 9747 1519 1621 9748 1518 1623 9749 1512 1615 9750 1513 1617 9751 1519 1621 9752 1523 1624 9753 1525 1627 9754 1524 1625 9755 1523 1624 9756 1527 1629 9757 1528 1626 9758 1526 1628 9759 1528 1626 9760 1527 1629 9761 1526 1628 9762 1530 1633 9763 1531 1631 9764 1529 1632 9765 1531 1631 9766 1530 1633 9767 1524 1625 9768 1525 1627 9769 1531 1631 9770 1535 1634 9771 1537 1637 9772 1536 1635 9773 1535 1634 9774 1539 1639 9775 1540 1636 9776 1538 1638 9777 1540 1636 9778 1539 1639 9779 1538 1638 9780 1542 1642 9781 1543 1640 9782 1541 1641 9783 1543 1640 9784 1542 1642 9785 1536 1635 9786 1537 1637 9787 1543 1640 9788 1547 1643 9789 1549 1646 9790 1548 1644 9791 1547 1643 9792 1551 1648 9793 1552 1645 9794 1550 1647 9795 1552 1645 9796 1551 1648 9797 1554 1650 9798 1555 1652 9799 1552 1645 9800 1553 1651 9801 1555 1652 9802 1554 1650 9803 1548 1644 9804 1549 1646 9805 1555 1652 9806 1559 1653 9807 1561 1656 9808 1560 1654 9809 1559 1653 9810 1563 1658 9811 1564 1655 9812 1562 1657 9813 1564 1655 9814 1563 1658 9815 1566 1660 9816 1567 1662 9817 1564 1655 9818 1565 1661 9819 1567 1662 9820 1566 1660 9821 1560 1654 9822 1561 1656 9823 1567 1662 9824 1571 1663 9825 1573 1666 9826 1572 1664 9827 1571 1663 9828 1575 1668 9829 1576 1665 9830 1574 1667 9831 1576 1665 9832 1575 1668 9833 1574 1667 9834 1578 1671 9835 1579 1669 9836 1577 1670 9837 1579 1669 9838 1578 1671 9839 1572 1664 9840 1573 1666 9841 1579 1669 9842 1583 1672 9843 1585 1675 9844 1584 1673 9845 1583 1672 9846 1587 1677 9847 1588 1674 9848 1586 1676 9849 1588 1674 9850 1587 1677 9851 1586 1676 9852 1590 1680 9853 1591 1678 9854 1589 1679 9855 1591 1678 9856 1590 1680 9857 1584 1673 9858 1585 1675 9859 1591 1678 9860 1595 1681 9861 1597 1684 9862 1596 1682 9863 1595 1681 9864 1599 1686 9865 1600 1683 9866 1598 1685 9867 1600 1683 9868 1599 1686 9869 1602 1687 9870 1603 1689 9871 1600 1683 9872 1601 1688 9873 1603 1689 9874 1602 1687 9875 1596 1682 9876 1597 1684 9877 1603 1689 9878 1607 1690 9879 1609 1693 9880 1608 1691 9881 1607 1690 9882 1611 1695 9883 1612 1692 9884 1610 1694 9885 1612 1692 9886 1611 1695 9887 1614 1697 9888 1615 1699 9889 1612 1692 9890 1613 1698 9891 1615 1699 9892 1614 1697 9893 1608 1691 9894 1609 1693 9895 1615 1699 9896 1619 1700 9897 1621 1703 9898 1620 1701 9899 1619 1700 9900 1623 1705 9901 1624 1702 9902 1622 1704 9903 1624 1702 9904 1623 1705 9905 1622 1704 9906 1626 1709 9907 1627 1707 9908 1625 1708 9909 1627 1707 9910 1626 1709 9911 1620 1701 9912 1621 1703 9913 1627 1707 9914 1631 1710 9915 1633 1713 9916 1632 1711 9917 1631 1710 9918 1635 1715 9919 1636 1712 9920 1634 1714 9921 1636 1712 9922 1635 1715 9923 1634 1714 9924 1638 1718 9925 1639 1716 9926 1637 1717 9927 1639 1716 9928 1638 1718 9929 1632 1711 9930 1633 1713 9931 1639 1716 9932 1643 1719 9933 1645 1722 9934 1644 1720 9935 1643 1719 9936 1647 1724 9937 1648 1721 9938 1646 1723 9939 1648 1721 9940 1647 1724 9941 1646 1723 9942 1650 1727 9943 1651 1725 9944 1649 1726 9945 1651 1725 9946 1650 1727 9947 1644 1720 9948 1645 1722 9949 1651 1725 9950 1655 1728 9951 1657 1731 9952 1656 1729 9953 1655 1728 9954 1659 1733 9955 1660 1730 9956 1658 1732 9957 1660 1730 9958 1659 1733 9959 1662 1735 9960 1663 1737 9961 1660 1730 9962 1661 1736 9963 1663 1737 9964 1662 1735 9965 1656 1729 9966 1657 1731 9967 1663 1737 9968 1667 1738 9969 1669 1741 9970 1668 1739 9971 1667 1738 9972 1671 1743 9973 1672 1740 9974 1670 1742 9975 1672 1740 9976 1671 1743 9977 1674 1744 9978 1675 1746 9979 1672 1740 9980 1673 1745 9981 1675 1746 9982 1674 1744 9983 1668 1739 9984 1669 1741 9985 1675 1746 9986 1679 1747 9987 1681 1750 9988 1680 1748 9989 1679 1747 9990 1683 1752 9991 1684 1749 9992 1682 1751 9993 1684 1749 9994 1683 1752 9995 1682 1751 9996 1686 1755 9997 1687 1753 9998 1685 1754 9999 1687 1753 10000 1686 1755 10001 1680 1748 10002 1681 1750 10003 1687 1753 10004 1691 1756 10005 1693 1759 10006 1692 1757 10007 1691 1756 10008 1695 1761 10009 1696 1758 10010 1694 1760 10011 1696 1758 10012 1695 1761 10013 1698 1763 10014 1699 1765 10015 1696 1758 10016 1697 1764 10017 1699 1765 10018 1698 1763 10019 1692 1757 10020 1693 1759 10021 1699 1765 10022 1703 1766 10023 1705 1769 10024 1704 1767 10025 1703 1766 10026 1707 1771 10027 1708 1768 10028 1706 1770 10029 1708 1768 10030 1707 1771 10031 1710 1772 10032 1711 1774 10033 1708 1768 10034 1709 1773 10035 1711 1774 10036 1710 1772 10037 1704 1767 10038 1705 1769 10039 1711 1774 10040 1715 1775 10041 1717 1778 10042 1716 1776 10043 1715 1775 10044 1719 1780 10045 1720 1777 10046 1718 1779 10047 1720 1777 10048 1719 1780 10049 1718 1779 10050 1722 1784 10051 1723 1782 10052 1721 1783 10053 1723 1782 10054 1722 1784 10055 1716 1776 10056 1717 1778 10057 1723 1782 10058 1727 1785 10059 1729 1788 10060 1728 1786 10061 1727 1785 10062 1731 1790 10063 1732 1787 10064 1730 1789 10065 1732 1787 10066 1731 1790 10067 1730 1789 10068 1734 1793 10069 1735 1791 10070 1733 1792 10071 1735 1791 10072 1734 1793 10073 1728 1786 10074 1729 1788 10075 1735 1791 10076 1739 1794 10077 1741 1797 10078 1740 1795 10079 1739 1794 10080 1743 1799 10081 1744 1796 10082 1742 1798 10083 1744 1796 10084 1743 1799 10085 1746 1801 10086 1747 1803 10087 1744 1796 10088 1745 1802 10089 1747 1803 10090 1746 1801 10091 1740 1795 10092 1741 1797 10093 1747 1803 10094 1751 1804 10095 1753 1807 10096 1752 1805 10097 1751 1804 10098 1755 1809 10099 1756 1806 10100 1754 1808 10101 1756 1806 10102 1755 1809 10103 1758 1811 10104 1759 1813 10105 1756 1806 10106 1757 1812 10107 1759 1813 10108 1758 1811 10109 1752 1805 10110 1753 1807 10111 1759 1813 10112 1763 1814 10113 1765 1817 10114 1764 1815 10115 1763 1814 10116 1767 1819 10117 1768 1816 10118 1766 1818 10119 1768 1816 10120 1767 1819 10121 1766 1818 10122 1770 1822 10123 1771 1820 10124 1769 1821 10125 1771 1820 10126 1770 1822 10127 1764 1815 10128 1765 1817 10129 1771 1820 10130 1775 1823 10131 1777 1826 10132 1776 1824 10133 1775 1823 10134 1779 1828 10135 1780 1825 10136 1778 1827 10137 1780 1825 10138 1779 1828 10139 1778 1827 10140 1782 1831 10141 1783 1829 10142 1781 1830 10143 1783 1829 10144 1782 1831 10145 1776 1824 10146 1777 1826 10147 1783 1829 10148 1787 1832 10149 1789 1835 10150 1788 1833 10151 1787 1832 10152 1791 1837 10153 1792 1834 10154 1790 1836 10155 1792 1834 10156 1791 1837 10157 1794 1838 10158 1795 1840 10159 1792 1834 10160 1793 1839 10161 1795 1840 10162 1794 1838 10163 1788 1833 10164 1789 1835 10165 1795 1840 10166 1799 1841 10167 1801 1844 10168 1800 1842 10169 1799 1841 10170 1803 1846 10171 1804 1843 10172 1802 1845 10173 1804 1843 10174 1803 1846 10175 1806 1848 10176 1807 1850 10177 1804 1843 10178 1805 1849 10179 1807 1850 10180 1806 1848 10181 1800 1842 10182 1801 1844 10183 1807 1850 10184 1811 1851 10185 1813 1854 10186 1812 1852 10187 1811 1851 10188 1815 1856 10189 1816 1853 10190 1814 1855 10191 1816 1853 10192 1815 1856 10193 1814 1855 10194 1818 1860 10195 1819 1858 10196 1817 1859 10197 1819 1858 10198 1818 1860 10199 1812 1852 10200 1813 1854 10201 1819 1858 10202 1823 1861 10203 1825 1864 10204 1824 1862 10205 1823 1861 10206 1827 1866 10207 1828 1863 10208 1826 1865 10209 1828 1863 10210 1827 1866 10211 1830 1867 10212 1831 1869 10213 1828 1863 10214 1829 1868 10215 1831 1869 10216 1830 1867 10217 1824 1862 10218 1825 1864 10219 1831 1869 10220 1835 1870 10221 1837 1873 10222 1836 1871 10223 1835 1870 10224 1839 1875 10225 1840 1872 10226 1838 1874 10227 1840 1872 10228 1839 1875 10229 1838 1874 10230 1842 1879 10231 1843 1877 10232 1841 1878 10233 1843 1877 10234 1842 1879 10235 1836 1871 10236 1837 1873 10237 1843 1877 10238 1847 1880 10239 1849 1883 10240 1848 1881 10241 1847 1880 10242 1851 1885 10243 1852 1882 10244 1850 1884 10245 1852 1882 10246 1851 1885 10247 1850 1884 10248 1854 1889 10249 1855 1887 10250 1853 1888 10251 1855 1887 10252 1854 1889 10253 1848 1881 10254 1849 1883 10255 1855 1887 10256 1484 220 10257 1488 1596 10258 1481 1593 10259 1481 1593 10260 1488 1596 10261 1493 1602 10262 1476 1587 10263 1493 1602 10264 1486 339 10265 1496 243 10266 1500 1605 10267 1487 1595 10268 1487 1595 10269 1500 1605 10270 1505 1612 10271 1505 1612 10272 1498 408 10273 1485 407 10274 1508 228 10275 1512 1615 10276 1499 1604 10277 1499 1604 10278 1512 1615 10279 1517 1622 10280 1503 1609 10281 1517 1622 10282 1510 416 10283 1508 228 10284 1520 234 10285 1524 1625 10286 1511 1614 10287 1524 1625 10288 1529 1632 10289 1529 1632 10290 1522 425 10291 1509 1620 10292 1532 238 10293 1536 1635 10294 1523 1624 10295 1536 1635 10296 1541 1641 10297 1527 1629 10298 1527 1629 10299 1541 1641 10300 1534 434 10301 1532 238 10302 1544 237 10303 1548 1644 10304 1548 1644 10305 1553 1651 10306 1539 1639 10307 1553 1651 10308 1546 348 10309 1533 347 10310 1556 247 10311 1560 1654 10312 1547 1643 10313 1547 1643 10314 1560 1654 10315 1565 1661 10316 1565 1661 10317 1558 353 10318 1545 1649 10319 1556 247 10320 1568 251 10321 1572 1664 10322 1572 1664 10323 1577 1670 10324 1563 1658 10325 1577 1670 10326 1570 359 10327 1557 1659 10328 1580 255 10329 1584 1673 10330 1571 1663 10331 1571 1663 10332 1584 1673 10333 1589 1679 10334 1575 1668 10335 1589 1679 10336 1582 366 10337 1592 259 10338 1596 1682 10339 1583 1672 10340 1583 1672 10341 1596 1682 10342 1601 1688 10343 1601 1688 10344 1594 372 10345 1581 371 10346 1604 263 10347 1608 1691 10348 1595 1681 10349 1595 1681 10350 1608 1691 10351 1613 1698 10352 1599 1686 10353 1613 1698 10354 1606 378 10355 1604 263 10356 1616 267 10357 1620 1701 10358 1607 1690 10359 1620 1701 10360 1625 1708 10361 1625 1708 10362 1618 383 10363 1605 1696 10364 1628 271 10365 1632 1711 10366 1619 1700 10367 1632 1711 10368 1637 1717 10369 1623 1705 10370 1623 1705 10371 1637 1717 10372 1630 389 10373 1628 271 10374 1640 270 10375 1644 1720 10376 1644 1720 10377 1649 1726 10378 1635 1715 10379 1649 1726 10380 1642 396 10381 1629 395 10382 1640 270 10383 1652 214 10384 1656 1729 10385 1656 1729 10386 1661 1736 10387 1647 1724 10388 1647 1724 10389 1661 1736 10390 1654 405 10391 1652 214 10392 1664 226 10393 1668 1739 10394 1668 1739 10395 1673 1745 10396 1659 1733 10397 1673 1745 10398 1666 413 10399 1653 1734 10400 1676 232 10401 1680 1748 10402 1667 1738 10403 1667 1738 10404 1680 1748 10405 1685 1754 10406 1671 1743 10407 1685 1754 10408 1678 423 10409 1688 236 10410 1692 1757 10411 1679 1747 10412 1679 1747 10413 1692 1757 10414 1697 1764 10415 1683 1752 10416 1697 1764 10417 1690 432 10418 1700 240 10419 1704 1767 10420 1691 1756 10421 1691 1756 10422 1704 1767 10423 1709 1773 10424 1695 1761 10425 1709 1773 10426 1702 344 10427 1700 240 10428 1712 245 10429 1716 1776 10430 1703 1766 10431 1716 1776 10432 1721 1783 10433 1721 1783 10434 1714 351 10435 1701 350 10436 1724 249 10437 1728 1786 10438 1715 1775 10439 1728 1786 10440 1733 1792 10441 1719 1780 10442 1719 1780 10443 1733 1792 10444 1726 356 10445 1724 249 10446 1736 248 10447 1740 1795 10448 1740 1795 10449 1745 1802 10450 1731 1790 10451 1745 1802 10452 1738 363 10453 1725 362 10454 1748 257 10455 1752 1805 10456 1739 1794 10457 1739 1794 10458 1752 1805 10459 1757 1812 10460 1757 1812 10461 1750 368 10462 1737 1800 10463 1748 257 10464 1760 261 10465 1764 1815 10466 1764 1815 10467 1769 1821 10468 1755 1809 10469 1769 1821 10470 1762 374 10471 1749 1810 10472 1772 265 10473 1776 1824 10474 1763 1814 10475 1763 1814 10476 1776 1824 10477 1781 1830 10478 1767 1819 10479 1781 1830 10480 1774 381 10481 1784 269 10482 1788 1833 10483 1775 1823 10484 1775 1823 10485 1788 1833 10486 1793 1839 10487 1793 1839 10488 1786 387 10489 1773 386 10490 1796 273 10491 1800 1842 10492 1787 1832 10493 1787 1832 10494 1800 1842 10495 1805 1849 10496 1791 1837 10497 1805 1849 10498 1798 393 10499 1796 273 10500 1808 275 10501 1812 1852 10502 1799 1841 10503 1812 1852 10504 1817 1859 10505 1817 1859 10506 1810 401 10507 1797 1847 10508 1820 224 10509 1824 1862 10510 1811 1851 10511 1824 1862 10512 1829 1868 10513 1815 1856 10514 1815 1856 10515 1829 1868 10516 1822 410 10517 1820 224 10518 1832 223 10519 1836 1871 10520 1836 1871 10521 1841 1878 10522 1827 1866 10523 1841 1878 10524 1834 420 10525 1821 419 10526 1832 223 10527 1844 133 10528 1848 1881 10529 1848 1881 10530 1853 1888 10531 1839 1875 10532 1853 1888 10533 1846 428 10534 1833 1876 10535 1844 133 10536 1474 336 10537 1482 1592 10538 1482 1592 10539 1478 1590 10540 1851 1885 10541 1478 1590 10542 1473 398 10543 1845 1886 10544 1090 1290 10545 1100 337 10546 1104 1293 10547 1097 1289 10548 1104 1293 10549 1109 1300 10550 1109 1300 10551 1102 218 10552 1088 276 10553 1101 1298 10554 1112 406 10555 1116 1303 10556 1106 1296 10557 1116 1303 10558 1121 1309 10559 1121 1309 10560 1114 216 10561 1102 218 10562 1113 415 10563 1124 417 10564 1128 1312 10565 1118 1306 10566 1128 1312 10567 1133 1318 10568 1133 1318 10569 1126 279 10570 1114 216 10571 1136 426 10572 1140 1321 10573 1130 1315 10574 1130 1315 10575 1140 1321 10576 1145 1327 10577 1145 1327 10578 1138 281 10579 1126 279 10580 1137 433 10581 1148 435 10582 1152 1330 10583 1152 1330 10584 1157 1337 10585 1146 1325 10586 1157 1337 10587 1150 283 10588 1138 281 10589 1160 346 10590 1164 1340 10591 1154 1333 10592 1164 1340 10593 1169 1346 10594 1158 1336 10595 1158 1336 10596 1169 1346 10597 1162 285 10598 1172 354 10599 1176 1349 10600 1166 1343 10601 1176 1349 10602 1181 1355 10603 1170 1345 10604 1170 1345 10605 1181 1355 10606 1174 287 10607 1184 360 10608 1188 1358 10609 1178 1352 10610 1188 1358 10611 1193 1365 10612 1182 1354 10613 1193 1365 10614 1186 289 10615 1174 287 10616 1185 1363 10617 1196 364 10618 1200 1368 10619 1190 1361 10620 1200 1368 10621 1205 1375 10622 1205 1375 10623 1198 291 10624 1186 289 10625 1197 1373 10626 1208 370 10627 1212 1378 10628 1202 1371 10629 1212 1378 10630 1217 1385 10631 1217 1385 10632 1210 293 10633 1198 291 10634 1209 1382 10635 1220 376 10636 1224 1388 10637 1214 1381 10638 1224 1388 10639 1229 1394 10640 1229 1394 10641 1222 295 10642 1210 293 10643 1232 384 10644 1236 1397 10645 1226 1391 10646 1226 1391 10647 1236 1397 10648 1241 1403 10649 1230 1392 10650 1241 1403 10651 1234 297 10652 1244 390 10653 1248 1406 10654 1238 1400 10655 1238 1400 10656 1248 1406 10657 1253 1413 10658 1253 1413 10659 1246 299 10660 1234 297 10661 1245 1410 10662 1256 394 10663 1260 1416 10664 1250 1409 10665 1260 1416 10666 1265 1423 10667 1265 1423 10668 1258 301 10669 1246 299 10670 1268 403 10671 1272 1426 10672 1262 1419 10673 1272 1426 10674 1277 1432 10675 1266 1422 10676 1266 1422 10677 1277 1432 10678 1270 306 10679 1280 414 10680 1284 1435 10681 1274 1429 10682 1284 1435 10683 1289 1442 10684 1278 1430 10685 1278 1430 10686 1289 1442 10687 1282 305 10688 1281 1439 10689 1292 421 10690 1296 1445 10691 1296 1445 10692 1301 1452 10693 1290 1440 10694 1301 1452 10695 1294 307 10696 1282 305 10697 1293 1450 10698 1304 430 10699 1308 1455 10700 1298 1448 10701 1308 1455 10702 1313 1461 10703 1313 1461 10704 1306 309 10705 1294 307 10706 1305 343 10707 1316 345 10708 1320 1464 10709 1310 1458 10710 1320 1464 10711 1325 1471 10712 1325 1471 10713 1318 311 10714 1306 309 10715 1328 349 10716 1332 1474 10717 1322 1467 10718 1322 1467 10719 1332 1474 10720 1337 1480 10721 1337 1480 10722 1330 313 10723 1318 311 10724 1329 355 10725 1340 357 10726 1344 1483 10727 1344 1483 10728 1349 1490 10729 1338 1478 10730 1349 1490 10731 1342 315 10732 1330 313 10733 1352 361 10734 1356 1493 10735 1346 1486 10736 1356 1493 10737 1361 1499 10738 1350 1489 10739 1350 1489 10740 1361 1499 10741 1354 317 10742 1364 369 10743 1368 1502 10744 1358 1496 10745 1368 1502 10746 1373 1508 10747 1362 1498 10748 1362 1498 10749 1373 1508 10750 1366 319 10751 1376 375 10752 1380 1511 10753 1370 1505 10754 1380 1511 10755 1385 1518 10756 1374 1507 10757 1385 1518 10758 1378 321 10759 1366 319 10760 1377 1516 10761 1388 379 10762 1392 1521 10763 1382 1514 10764 1392 1521 10765 1397 1528 10766 1397 1528 10767 1390 323 10768 1378 321 10769 1389 1526 10770 1400 385 10771 1404 1531 10772 1394 1524 10773 1404 1531 10774 1409 1538 10775 1409 1538 10776 1402 325 10777 1390 323 10778 1401 1535 10779 1412 391 10780 1416 1541 10781 1406 1534 10782 1416 1541 10783 1421 1547 10784 1421 1547 10785 1414 327 10786 1402 325 10787 1424 402 10788 1428 1550 10789 1418 1544 10790 1418 1544 10791 1428 1550 10792 1433 1556 10793 1422 1545 10794 1433 1556 10795 1426 329 10796 1425 409 10797 1436 411 10798 1440 1559 10799 1440 1559 10800 1445 1566 10801 1434 1554 10802 1445 1566 10803 1438 331 10804 1426 329 10805 1448 418 10806 1452 1569 10807 1442 1562 10808 1452 1569 10809 1457 1575 10810 1446 1565 10811 1446 1565 10812 1457 1575 10813 1450 333 10814 1460 429 10815 1464 1578 10816 1454 1572 10817 1464 1578 10818 1469 1584 10819 1458 1574 10820 1458 1574 10821 1469 1584 10822 1462 278 10823 1089 399 10824 1095 1287 10825 1466 1581 10826 1095 1287 10827 1091 1282 10828 1470 1582 10829 1091 1282 10830 1088 276 10831 1462 278 10832 1485 407 10833 1101 1298 10834 1107 1297 10835 1490 1599 10836 1107 1297 10837 1103 1292 10838 1103 1292 10839 1100 337 10840 1486 339 10841 1473 398 10842 1479 1591 10843 1094 1286 10844 1479 1591 10845 1475 1586 10846 1098 1288 10847 1098 1288 10848 1475 1586 10849 1472 338 10850 1497 1610 10851 1113 415 10852 1119 1304 10853 1119 1304 10854 1115 1302 10855 1506 1611 10856 1115 1302 10857 1112 406 10858 1498 408 10859 1509 1620 10860 1125 424 10861 1131 1313 10862 1131 1313 10863 1127 1311 10864 1518 1623 10865 1127 1311 10866 1124 417 10867 1510 416 10868 1521 1630 10869 1137 433 10870 1143 1322 10871 1526 1628 10872 1143 1322 10873 1139 1320 10874 1139 1320 10875 1136 426 10876 1522 425 10877 1533 347 10878 1149 1335 10879 1155 1334 10880 1538 1638 10881 1155 1334 10882 1151 1329 10883 1151 1329 10884 1148 435 10885 1534 434 10886 1545 1649 10887 1161 352 10888 1167 1344 10889 1550 1647 10890 1167 1344 10891 1163 1339 10892 1163 1339 10893 1160 346 10894 1546 348 10895 1557 1659 10896 1173 358 10897 1179 1353 10898 1179 1353 10899 1175 1348 10900 1566 1660 10901 1175 1348 10902 1172 354 10903 1558 353 10904 1569 365 10905 1185 1363 10906 1191 1362 10907 1191 1362 10908 1187 1357 10909 1578 1671 10910 1187 1357 10911 1184 360 10912 1570 359 10913 1581 371 10914 1197 1373 10915 1203 1372 10916 1586 1676 10917 1203 1372 10918 1199 1367 10919 1199 1367 10920 1196 364 10921 1582 366 10922 1593 377 10923 1209 1382 10924 1215 1379 10925 1215 1379 10926 1211 1377 10927 1602 1687 10928 1211 1377 10929 1208 370 10930 1594 372 10931 1605 1696 10932 1221 382 10933 1227 1389 10934 1227 1389 10935 1223 1387 10936 1614 1697 10937 1223 1387 10938 1220 376 10939 1606 378 10940 1617 1706 10941 1233 388 10942 1239 1401 10943 1622 1704 10944 1239 1401 10945 1235 1396 10946 1235 1396 10947 1232 384 10948 1618 383 10949 1629 395 10950 1245 1410 10951 1251 1407 10952 1251 1407 10953 1247 1405 10954 1638 1718 10955 1247 1405 10956 1244 390 10957 1630 389 10958 1641 404 10959 1257 1421 10960 1263 1420 10961 1646 1723 10962 1263 1420 10963 1259 1415 10964 1259 1415 10965 1256 394 10966 1642 396 10967 1653 1734 10968 1269 412 10969 1275 1427 10970 1275 1427 10971 1271 1425 10972 1662 1735 10973 1271 1425 10974 1268 403 10975 1654 405 10976 1665 422 10977 1281 1439 10978 1287 1436 10979 1670 1742 10980 1287 1436 10981 1283 1434 10982 1283 1434 10983 1280 414 10984 1666 413 10985 1677 431 10986 1293 1450 10987 1299 1449 10988 1682 1751 10989 1299 1449 10990 1295 1444 10991 1295 1444 10992 1292 421 10993 1678 423 10994 1689 1762 10995 1305 343 10996 1311 1456 10997 1311 1456 10998 1307 1454 10999 1698 1763 11000 1307 1454 11001 1304 430 11002 1690 432 11003 1701 350 11004 1317 1468 11005 1323 1465 11006 1323 1465 11007 1319 1463 11008 1710 1772 11009 1319 1463 11010 1316 345 11011 1702 344 11012 1713 1781 11013 1329 355 11014 1335 1475 11015 1335 1475 11016 1331 1473 11017 1722 1784 11018 1331 1473 11019 1328 349 11020 1714 351 11021 1725 362 11022 1341 1488 11023 1347 1487 11024 1730 1789 11025 1347 1487 11026 1343 1482 11027 1343 1482 11028 1340 357 11029 1726 356 11030 1737 1800 11031 1353 367 11032 1359 1497 11033 1742 1798 11034 1359 1497 11035 1355 1492 11036 1355 1492 11037 1352 361 11038 1738 363 11039 1749 1810 11040 1365 373 11041 1371 1506 11042 1371 1506 11043 1367 1501 11044 1758 1811 11045 1367 1501 11046 1364 369 11047 1750 368 11048 1761 380 11049 1377 1516 11050 1383 1515 11051 1383 1515 11052 1379 1510 11053 1770 1822 11054 1379 1510 11055 1376 375 11056 1762 374 11057 1773 386 11058 1389 1526 11059 1395 1525 11060 1778 1827 11061 1395 1525 11062 1391 1520 11063 1391 1520 11064 1388 379 11065 1774 381 11066 1785 392 11067 1401 1535 11068 1407 1532 11069 1407 1532 11070 1403 1530 11071 1794 1838 11072 1403 1530 11073 1400 385 11074 1786 387 11075 1797 1847 11076 1413 400 11077 1419 1542 11078 1419 1542 11079 1415 1540 11080 1806 1848 11081 1415 1540 11082 1412 391 11083 1798 393 11084 1809 1857 11085 1425 409 11086 1431 1551 11087 1431 1551 11088 1427 1549 11089 1818 1860 11090 1427 1549 11091 1424 402 11092 1810 401 11093 1821 419 11094 1437 1564 11095 1443 1563 11096 1826 1865 11097 1443 1563 11098 1439 1558 11099 1439 1558 11100 1436 411 11101 1822 410 11102 1833 1876 11103 1449 427 11104 1455 1573 11105 1838 1874 11106 1455 1573 11107 1451 1568 11108 1451 1568 11109 1448 418 11110 1834 420 11111 1845 1886 11112 1461 397 11113 1467 1579 11114 1467 1579 11115 1463 1577 11116 1854 1889 11117 1463 1577 11118 1460 429 11119 1846 428 11120 1102 218 11121 1 217 11122 0 1890 11123</p>
        </triangles>
      </mesh>
    </geometry>
    <geometry id="Cylinder_002-mesh" name="Cylinder.002">
      <mesh>
        <source id="Cylinder_002-mesh-positions">
          <float_array id="Cylinder_002-mesh-positions-array" count="192">0 0.01999998 0.4 0 0.01999998 1 0.003901779 0.0196157 0.4 0.003901779 0.0196157 1 0.007653653 0.01847755 0.4 0.007653653 0.01847755 1 0.01111137 0.01662939 0.4 0.01111137 0.01662939 1 0.01414209 0.01414209 0.4 0.01414209 0.01414209 1 0.01662939 0.01111137 0.4 0.01662939 0.01111137 1 0.01847755 0.007653653 0.4 0.01847755 0.007653653 1 0.0196157 0.003901779 0.4 0.0196157 0.003901779 1 0.01999998 0 0.4 0.01999998 0 1 0.0196157 -0.003901779 0.4 0.0196157 -0.003901779 1 0.01847755 -0.007653653 0.4 0.01847755 -0.007653653 1 0.01662939 -0.01111137 0.4 0.01662939 -0.01111137 1 0.01414209 -0.01414209 0.4 0.01414209 -0.01414209 1 0.01111137 -0.01662939 0.4 0.01111137 -0.01662939 1 0.007653653 -0.01847755 0.4 0.007653653 -0.01847755 1 0.003901779 -0.0196157 0.4 0.003901779 -0.0196157 1 0 -0.01999998 0.4 0 -0.01999998 1 -0.003901779 -0.0196157 0.4 -0.003901779 -0.0196157 1 -0.007653653 -0.01847755 0.4 -0.007653653 -0.01847755 1 -0.01111137 -0.01662939 0.4 -0.01111137 -0.01662939 1 -0.01414209 -0.01414209 0.4 -0.01414209 -0.01414209 1 -0.01662939 -0.01111137 0.4 -0.01662939 -0.01111137 1 -0.01847755 -0.007653653 0.4 -0.01847755 -0.007653653 1 -0.0196157 -0.003901779 0.4 -0.0196157 -0.003901779 1 -0.01999998 0 0.4 -0.01999998 0 1 -0.0196157 0.003901779 0.4 -0.0196157 0.003901779 1 -0.01847755 0.007653653 0.4 -0.01847755 0.007653653 1 -0.01662939 0.01111137 0.4 -0.01662939 0.01111137 1 -0.01414209 0.01414209 0.4 -0.01414209 0.01414209 1 -0.01111137 0.01662939 0.4 -0.01111137 0.01662939 1 -0.007653653 0.01847755 0.4 -0.007653653 0.01847755 1 -0.003901779 0.0196157 0.4 -0.003901779 0.0196157 1</float_array>
          <technique_common>
            <accessor source="#Cylinder_002-mesh-positions-array" count="64" stride="3">
              <param name="X" type="float"/>
              <param name="Y" type="float"/>
              <param name="Z" type="float"/>
            </accessor>
          </technique_common>
        </source>
        <source id="Cylinder_002-mesh-normals">
          <float_array id="Cylinder_002-mesh-normals-array" count="270">2.28774e-7 1 0 0.1950901 0.9807854 0 -2.3354e-7 1 0 0.1950905 0.9807853 0 0.3826832 0.9238796 0 0.3826836 0.9238795 0 0.5555701 0.8314697 0 0.5555706 0.8314694 0 0.7071066 0.7071071 0 0.7071071 0.7071066 0 0.8314694 0.5555708 0 0.8314698 0.5555699 0 0.9238795 0.3826838 0 0.9238798 0.3826831 0 0.9807853 0.1950906 0 0.9807853 0.1950901 0 1 6.1483e-7 0 1 -6.1483e-7 0 0.9807853 -0.1950901 0 0.9807853 -0.1950906 0 0.9238798 -0.382683 0 0.9238794 -0.3826838 0 0.83147 -0.5555699 0 0.8314694 -0.5555708 0 0.7071071 -0.7071066 0 0.7071066 -0.7071071 0 0.5555707 -0.8314694 0 0.5555701 -0.8314697 0 0.3826837 -0.9238795 0 0.3826832 -0.9238796 0 0.1950905 -0.9807853 0 0.1950901 -0.9807854 0 2.3354e-7 -1 0 -2.28774e-7 -1 0 -0.1950901 -0.9807854 0 -0.1950905 -0.9807853 0 -0.3826832 -0.9238796 0 -0.3826836 -0.9238795 0 -0.5555701 -0.8314697 0 -0.5555706 -0.8314694 0 -0.7071066 -0.7071071 0 -0.7071071 -0.7071066 0 -0.8314694 -0.5555708 0 -0.8314698 -0.5555699 0 -0.9238795 -0.3826838 0 -0.9238798 -0.3826831 0 -0.9807853 -0.1950906 0 -0.9807853 -0.1950901 0 -1 -6.1483e-7 0 -1 6.1483e-7 0 -0.9807853 0.1950901 0 -0.9807853 0.1950906 0 -0.9238798 0.382683 0 -0.9238794 0.3826838 0 -0.83147 0.5555699 0 -0.8314694 0.5555708 0 -0.7071071 0.7071066 0 -0.7071066 0.7071071 0 -0.5555707 0.8314694 0 -0.5555701 0.8314697 0 -0.3826837 0.9238795 0 6.07589e-6 0 1 -2.02529e-6 0 1 -6.07589e-6 0 1 -0.3826832 0.9238796 0 -0.1950905 0.9807853 0 -0.1950901 0.9807854 0 -6.46989e-7 0 -1 2.17732e-6 0 -1 6.46989e-7 0 -1 0 0 1 2.02529e-6 0 1 2.43036e-5 0 1 -2.43036e-5 0 1 0 0 -1 -3.1651e-6 0 -1 -3.88192e-5 0 -1 -1.34563e-5 0 -1 -2.17732e-6 0 -1 -2.58795e-6 0 -1 -7.7639e-5 0 -1 -3.23495e-6 0 -1 -1.94097e-5 0 -1 3.1651e-6 0 -1 3.88192e-5 0 -1 1.34563e-5 0 -1 2.58795e-6 0 -1 7.7639e-5 0 -1 3.23495e-6 0 -1 1.94097e-5 0 -1</float_array>
          <technique_common>
            <accessor source="#Cylinder_002-mesh-normals-array" count="90" stride="3">
              <param name="X" type="float"/>
              <param name="Y" type="float"/>
              <param name="Z" type="float"/>
            </accessor>
          </technique_common>
        </source>
        <source id="Cylinder_002-mesh-map-0">
          <float_array id="Cylinder_002-mesh-map-0-array" count="744">0.9856224 0.4270624 0.9849979 0.3296154 0.9856224 0.3296154 0.9849979 0.4270624 0.9843611 0.3296154 0.9849979 0.3296154 0.9843611 0.4270624 0.9837366 0.3296154 0.9843611 0.3296154 0.9837366 0.4270624 0.9831483 0.3296154 0.9837366 0.3296154 0.9831483 0.4270624 0.9826188 0.3296154 0.9831483 0.3296154 0.9826188 0.4270624 0.9821686 0.3296154 0.9826188 0.3296154 0.5214033 0.9889705 0.5208739 0.8915235 0.5214034 0.8915235 0.5208739 0.9889705 0.5202856 0.8915235 0.5208739 0.8915235 0.5202856 0.9889705 0.5196611 0.8915235 0.5202856 0.8915235 0.5196611 0.9889705 0.5190243 0.8915235 0.5196611 0.8915235 0.5190243 0.9889705 0.5183998 0.8915235 0.5190243 0.8915235 0.5183998 0.9889705 0.5178115 0.8915235 0.5183998 0.8915235 0.5178115 0.9889705 0.517282 0.8915235 0.5178115 0.8915235 0.517282 0.9889705 0.5168318 0.8915235 0.517282 0.8915235 0.5168317 0.9889705 0.5163023 0.8915235 0.5168318 0.8915235 0.5163023 0.9889705 0.515714 0.8915235 0.5163023 0.8915235 0.515714 0.9889705 0.5150895 0.8915235 0.515714 0.8915235 0.5150895 0.9889705 0.5144527 0.8915235 0.5150895 0.8915235 0.5144527 0.9889705 0.5138282 0.8915235 0.5144527 0.8915235 0.5138282 0.9889705 0.5132399 0.8915235 0.5138282 0.8915235 0.5132399 0.9889705 0.5127104 0.8915235 0.5132399 0.8915235 0.5127104 0.9889705 0.5122601 0.8915235 0.5127104 0.8915235 0.547909 0.9620702 0.5473796 0.8646233 0.5479091 0.8646233 0.5473796 0.9620702 0.5467913 0.8646233 0.5473796 0.8646233 0.5467913 0.9620702 0.5461668 0.8646233 0.5467913 0.8646233 0.5461668 0.9620702 0.54553 0.8646233 0.5461668 0.8646233 0.54553 0.9620702 0.5449055 0.8646233 0.54553 0.8646233 0.5449055 0.9620702 0.5443172 0.8646233 0.5449055 0.8646233 0.5443172 0.9620702 0.5437877 0.8646233 0.5443172 0.8646233 0.5437877 0.9620702 0.5433375 0.8646233 0.5437877 0.8646233 0.7905645 0.4207693 0.7883991 0.4248206 0.7843478 0.4226552 0.9867401 0.4270624 0.9862107 0.3296154 0.9867402 0.3296154 0.9862107 0.4270624 0.9856224 0.3296154 0.9862107 0.3296154 0.797154 0.4213939 0.7942398 0.4249448 0.7906888 0.4220306 0.9856224 0.4270624 0.9849979 0.4270624 0.9849979 0.3296154 0.9849979 0.4270624 0.9843611 0.4270624 0.9843611 0.3296154 0.9843611 0.4270624 0.9837366 0.4270624 0.9837366 0.3296154 0.9837366 0.4270624 0.9831483 0.4270624 0.9831483 0.3296154 0.9831483 0.4270624 0.9826188 0.4270624 0.9826188 0.3296154 0.9826188 0.4270624 0.9821686 0.4270624 0.9821686 0.3296154 0.5214033 0.9889705 0.5208739 0.9889705 0.5208739 0.8915235 0.5208739 0.9889705 0.5202856 0.9889705 0.5202856 0.8915235 0.5202856 0.9889705 0.5196611 0.9889705 0.5196611 0.8915235 0.5196611 0.9889705 0.5190243 0.9889705 0.5190243 0.8915235 0.5190243 0.9889705 0.5183998 0.9889705 0.5183998 0.8915235 0.5183998 0.9889705 0.5178115 0.9889705 0.5178115 0.8915235 0.5178115 0.9889705 0.517282 0.9889705 0.517282 0.8915235 0.517282 0.9889705 0.5168318 0.9889705 0.5168318 0.8915235 0.5168317 0.9889705 0.5163023 0.9889705 0.5163023 0.8915235 0.5163023 0.9889705 0.515714 0.9889705 0.515714 0.8915235 0.515714 0.9889705 0.5150895 0.9889705 0.5150895 0.8915235 0.5150895 0.9889705 0.5144527 0.9889705 0.5144527 0.8915235 0.5144527 0.9889705 0.5138282 0.9889705 0.5138282 0.8915235 0.5138282 0.9889705 0.5132399 0.9889705 0.5132399 0.8915235 0.5132399 0.9889705 0.5127104 0.9889705 0.5127104 0.8915235 0.5127104 0.9889705 0.5122601 0.9889705 0.5122601 0.8915235 0.547909 0.9620702 0.5473796 0.9620702 0.5473796 0.8646233 0.5473796 0.9620702 0.5467913 0.9620702 0.5467913 0.8646233 0.5467913 0.9620702 0.5461668 0.9620702 0.5461668 0.8646233 0.5461668 0.9620702 0.54553 0.9620702 0.54553 0.8646233 0.54553 0.9620702 0.5449055 0.9620702 0.5449055 0.8646233 0.5449055 0.9620702 0.5443172 0.9620702 0.5443172 0.8646233 0.5443172 0.9620702 0.5437877 0.9620702 0.5437877 0.8646233 0.5437877 0.9620702 0.5433375 0.9620702 0.5433375 0.8646233 0.7843478 0.4226552 0.7842236 0.4220306 0.7842236 0.4213939 0.7842236 0.4213939 0.7843478 0.4207693 0.7843478 0.4226552 0.7843478 0.4207693 0.7845915 0.420181 0.7843478 0.4226552 0.7845915 0.420181 0.7849453 0.4196516 0.7853955 0.4192013 0.7853955 0.4192013 0.785925 0.4188476 0.7865133 0.4186039 0.7865133 0.4186039 0.7871378 0.4184796 0.7877746 0.4184796 0.7877746 0.4184796 0.7883991 0.4186039 0.7865133 0.4186039 0.7883991 0.4186039 0.7889873 0.4188476 0.7865133 0.4186039 0.7889873 0.4188476 0.7895168 0.4192013 0.7899671 0.4196516 0.7899671 0.4196516 0.7903209 0.420181 0.7905645 0.4207693 0.7905645 0.4207693 0.7906888 0.4213939 0.7906888 0.4220306 0.7906888 0.4220306 0.7905645 0.4226552 0.7905645 0.4207693 0.7905645 0.4226552 0.7903209 0.4232435 0.7905645 0.4207693 0.7903209 0.4232435 0.7899671 0.4237729 0.7895168 0.4242232 0.7895168 0.4242232 0.7889873 0.4245769 0.7883991 0.4248206 0.7883991 0.4248206 0.7877746 0.4249448 0.7871378 0.4249448 0.7871378 0.4249448 0.7865133 0.4248206 0.7883991 0.4248206 0.7865133 0.4248206 0.785925 0.4245769 0.7883991 0.4248206 0.785925 0.4245769 0.7853955 0.4242232 0.7849453 0.4237729 0.7849453 0.4237729 0.7845915 0.4232435 0.7843478 0.4226552 0.7845915 0.420181 0.7853955 0.4192013 0.7843478 0.4226552 0.7853955 0.4192013 0.7865133 0.4186039 0.7843478 0.4226552 0.7889873 0.4188476 0.7899671 0.4196516 0.7865133 0.4186039 0.7899671 0.4196516 0.7905645 0.4207693 0.7865133 0.4186039 0.7903209 0.4232435 0.7895168 0.4242232 0.7905645 0.4207693 0.7895168 0.4242232 0.7883991 0.4248206 0.7905645 0.4207693 0.785925 0.4245769 0.7849453 0.4237729 0.7883991 0.4248206 0.7849453 0.4237729 0.7843478 0.4226552 0.7883991 0.4248206 0.7843478 0.4226552 0.7865133 0.4186039 0.7905645 0.4207693 0.9867401 0.4270624 0.9862107 0.4270624 0.9862107 0.3296154 0.9862107 0.4270624 0.9856224 0.4270624 0.9856224 0.3296154 0.7906888 0.4220306 0.7906888 0.4213939 0.790813 0.4207693 0.790813 0.4207693 0.7910567 0.420181 0.7914105 0.4196516 0.7914105 0.4196516 0.7918607 0.4192013 0.793603 0.4184796 0.7918607 0.4192013 0.7923902 0.4188476 0.793603 0.4184796 0.7923902 0.4188476 0.7929785 0.4186039 0.793603 0.4184796 0.793603 0.4184796 0.7942398 0.4184796 0.7948643 0.4186039 0.7948643 0.4186039 0.7954525 0.4188476 0.795982 0.4192013 0.795982 0.4192013 0.7964323 0.4196516 0.7967861 0.420181 0.7967861 0.420181 0.7970297 0.4207693 0.797154 0.4213939 0.797154 0.4213939 0.797154 0.4220306 0.7970297 0.4226552 0.7970297 0.4226552 0.7967861 0.4232435 0.7964323 0.4237729 0.7964323 0.4237729 0.795982 0.4242232 0.7942398 0.4249448 0.795982 0.4242232 0.7954525 0.4245769 0.7942398 0.4249448 0.7954525 0.4245769 0.7948643 0.4248206 0.7942398 0.4249448 0.7942398 0.4249448 0.793603 0.4249448 0.7929785 0.4248206 0.7929785 0.4248206 0.7923902 0.4245769 0.7918607 0.4242232 0.7918607 0.4242232 0.7914105 0.4237729 0.7910567 0.4232435 0.7910567 0.4232435 0.790813 0.4226552 0.7906888 0.4220306 0.7906888 0.4220306 0.790813 0.4207693 0.793603 0.4184796 0.790813 0.4207693 0.7914105 0.4196516 0.793603 0.4184796 0.793603 0.4184796 0.7948643 0.4186039 0.795982 0.4192013 0.795982 0.4192013 0.7967861 0.420181 0.793603 0.4184796 0.7967861 0.420181 0.797154 0.4213939 0.793603 0.4184796 0.797154 0.4213939 0.7970297 0.4226552 0.7942398 0.4249448 0.7970297 0.4226552 0.7964323 0.4237729 0.7942398 0.4249448 0.7942398 0.4249448 0.7929785 0.4248206 0.7918607 0.4242232 0.7918607 0.4242232 0.7910567 0.4232435 0.7942398 0.4249448 0.7910567 0.4232435 0.7906888 0.4220306 0.7942398 0.4249448 0.7906888 0.4220306 0.793603 0.4184796 0.797154 0.4213939</float_array>
          <technique_common>
            <accessor source="#Cylinder_002-mesh-map-0-array" count="372" stride="2">
              <param name="S" type="float"/>
              <param name="T" type="float"/>
            </accessor>
          </technique_common>
        </source>
        <vertices id="Cylinder_002-mesh-vertices">
          <input semantic="POSITION" source="#Cylinder_002-mesh-positions"/>
        </vertices>
        <triangles count="124">
          <input semantic="VERTEX" source="#Cylinder_002-mesh-vertices" offset="0"/>
          <input semantic="NORMAL" source="#Cylinder_002-mesh-normals" offset="1"/>
          <input semantic="TEXCOORD" source="#Cylinder_002-mesh-map-0" offset="2" set="0"/>
          <p>1 0 0 2 1 1 0 2 2 3 3 3 4 4 4 2 1 5 5 5 6 6 6 7 4 4 8 7 7 9 8 8 10 6 6 11 9 9 12 10 10 13 8 8 14 11 11 15 12 12 16 10 10 17 13 13 18 14 14 19 12 12 20 15 15 21 16 16 22 14 14 23 17 17 24 18 18 25 16 16 26 19 19 27 20 20 28 18 18 29 21 21 30 22 22 31 20 20 32 23 23 33 24 24 34 22 22 35 25 25 36 26 26 37 24 24 38 27 27 39 28 28 40 26 26 41 29 29 42 30 30 43 28 28 44 31 31 45 32 32 46 30 30 47 33 33 48 34 34 49 32 32 50 35 35 51 36 36 52 34 34 53 37 37 54 38 38 55 36 36 56 39 39 57 40 40 58 38 38 59 41 41 60 42 42 61 40 40 62 43 43 63 44 44 64 42 42 65 45 45 66 46 46 67 44 44 68 47 47 69 48 48 70 46 46 71 49 49 72 50 50 73 48 48 74 51 51 75 52 52 76 50 50 77 53 53 78 54 54 79 52 52 80 55 55 81 56 56 82 54 54 83 57 57 84 58 58 85 56 56 86 59 59 87 60 60 88 58 58 89 37 61 90 21 62 91 5 63 92 61 64 93 62 65 94 60 60 95 63 66 96 0 2 97 62 65 98 30 67 99 46 68 100 62 69 101 1 0 102 3 3 103 2 1 104 3 3 105 5 5 106 4 4 107 5 5 108 7 7 109 6 6 110 7 7 111 9 9 112 8 8 113 9 9 114 11 11 115 10 10 116 11 11 117 13 13 118 12 12 119 13 13 120 15 15 121 14 14 122 15 15 123 17 17 124 16 16 125 17 17 126 19 19 127 18 18 128 19 19 129 21 21 130 20 20 131 21 21 132 23 23 133 22 22 134 23 23 135 25 25 136 24 24 137 25 25 138 27 27 139 26 26 140 27 27 141 29 29 142 28 28 143 29 29 144 31 31 145 30 30 146 31 31 147 33 33 148 32 32 149 33 33 150 35 35 151 34 34 152 35 35 153 37 37 154 36 36 155 37 37 156 39 39 157 38 38 158 39 39 159 41 41 160 40 40 161 41 41 162 43 43 163 42 42 164 43 43 165 45 45 166 44 44 167 45 45 168 47 47 169 46 46 170 47 47 171 49 49 172 48 48 173 49 49 174 51 51 175 50 50 176 51 51 177 53 53 178 52 52 179 53 53 180 55 55 181 54 54 182 55 55 183 57 57 184 56 56 185 57 57 186 59 59 187 58 58 188 59 59 189 61 64 190 60 60 191 5 63 192 3 70 193 1 70 194 1 70 195 63 70 196 5 63 197 63 70 198 61 70 199 5 63 200 61 70 201 59 70 202 57 70 203 57 70 204 55 70 205 53 71 206 53 71 207 51 70 208 49 70 209 49 70 210 47 70 211 53 71 212 47 70 213 45 70 214 53 71 215 45 70 216 43 70 217 41 72 218 41 72 219 39 70 220 37 61 221 37 61 222 35 70 223 33 70 224 33 70 225 31 70 226 37 61 227 31 70 228 29 70 229 37 61 230 29 70 231 27 70 232 25 70 233 25 70 234 23 70 235 21 62 236 21 62 237 19 70 238 17 70 239 17 70 240 15 70 241 21 62 242 15 70 243 13 70 244 21 62 245 13 70 246 11 70 247 9 73 248 9 73 249 7 70 250 5 63 251 61 70 252 57 70 253 5 63 254 57 70 255 53 71 256 5 63 257 45 70 258 41 72 259 53 71 260 41 72 261 37 61 262 53 71 263 29 70 264 25 70 265 37 61 266 25 70 267 21 62 268 37 61 269 13 70 270 9 73 271 21 62 272 9 73 273 5 63 274 21 62 275 5 63 276 53 71 277 37 61 278 61 64 279 63 66 280 62 65 281 63 66 282 1 0 283 0 2 284 62 69 285 0 74 286 2 75 287 2 75 288 4 76 289 6 77 290 6 77 291 8 74 292 14 78 293 8 74 294 10 74 295 14 78 296 10 74 297 12 74 298 14 78 299 14 78 300 16 74 301 18 74 302 18 74 303 20 74 304 22 79 305 22 79 306 24 80 307 26 81 308 26 81 309 28 82 310 30 67 311 30 67 312 32 74 313 34 83 314 34 83 315 36 84 316 38 85 317 38 85 318 40 74 319 46 68 320 40 74 321 42 74 322 46 68 323 42 74 324 44 74 325 46 68 326 46 68 327 48 74 328 50 74 329 50 74 330 52 74 331 54 86 332 54 86 333 56 87 334 58 88 335 58 88 336 60 89 337 62 69 338 62 69 339 2 75 340 14 78 341 2 75 342 6 77 343 14 78 344 14 78 345 18 74 346 22 79 347 22 79 348 26 81 349 14 78 350 26 81 351 30 67 352 14 78 353 30 67 354 34 83 355 46 68 356 34 83 357 38 85 358 46 68 359 46 68 360 50 74 361 54 86 362 54 86 363 58 88 364 46 68 365 58 88 366 62 69 367 46 68 368 62 69 369 14 78 370 30 67 371</p>
        </triangles>
      </mesh>
    </geometry>
  </library_geometries>
  <library_visual_scenes>
    <visual_scene id="Scene" name="Scene">
      <node id="Lamp_Bulp" name="Lamp Bulp" type="NODE">
        <matrix sid="transform">-0.1258392 -5.64867e-15 1.90012e-8 0 2.55298e-15 0.1258392 5.4317e-8 0 -1.90012e-8 5.4317e-8 -0.1258392 0.04835445 0 0 0 1</matrix>
        <instance_geometry url="#Mesh-mesh" name="Lamp Bulp">
          <bind_material>
            <technique_common>
              <instance_material symbol="Material_001-material" target="#Material_001-material">
                <bind_vertex_input semantic="UVMap" input_semantic="TEXCOORD" input_set="0"/>
              </instance_material>
              <instance_material symbol="Material_002-material" target="#Material_002-material">
                <bind_vertex_input semantic="UVMap" input_semantic="TEXCOORD" input_set="0"/>
              </instance_material>
            </technique_common>
          </bind_material>
        </instance_geometry>
      </node>
      <node id="Light_Bulb_Socket" name="Light Bulb Socket" type="NODE">
        <matrix sid="transform">1 0 0 0 0 1 1.62921e-7 0 0 -1.62921e-7 1 0.3 0 0 0 1</matrix>
        <instance_geometry url="#Cylinder_003-mesh" name="Light Bulb Socket"/>
        <node id="Cylinder" name="Cylinder" type="NODE">
          <matrix sid="transform">1 0 0 0 0 1 0 4.88762e-8 0 0 1 -0.3 0 0 0 1</matrix>
          <instance_geometry url="#Cylinder_002-mesh" name="Cylinder"/>
        </node>
      </node>
    </visual_scene>
  </library_visual_scenes>
  <scene>
    <instance_visual_scene url="#Scene"/>
  </scene>
</COLLADA>